2025-04-08 19:38:46 [stdout]                 _._
2025-04-08 19:38:46 [stdout]            _.-``__ ''-._
2025-04-08 19:38:46 [stdout]       _.-``    `.  `_.  ''-._           Redis 3.2.100 (00000000/0) 64 bit
2025-04-08 19:38:46 [stdout]   .-`` .-```.  ```\/    _.,_ ''-._
2025-04-08 19:38:46 [stdout]  (    '      ,       .-`  | `,    )     Running in standalone mode
2025-04-08 19:38:46 [stdout]  |`-._`-...-` __...-.``-._|'` _.-'|     Port: 6378
2025-04-08 19:38:46 [stdout]  |    `-._   `._    /     _.-'    |     PID: 22944
2025-04-08 19:38:46 [stdout]   `-._    `-._  `-./  _.-'    _.-'
2025-04-08 19:38:46 [stdout]  |`-._`-._    `-.__.-'    _.-'_.-'|
2025-04-08 19:38:46 [stdout]  |    `-._`-._        _.-'_.-'    |           http://redis.io
2025-04-08 19:38:46 [stdout]   `-._    `-._`-.__.-'_.-'    _.-'
2025-04-08 19:38:46 [stdout]  |`-._`-._    `-.__.-'    _.-'_.-'|
2025-04-08 19:38:46 [stdout]  |    `-._`-._        _.-'_.-'    |
2025-04-08 19:38:46 [stdout]   `-._    `-._`-.__.-'_.-'    _.-'
2025-04-08 19:38:46 [stdout]       `-._    `-.__.-'    _.-'
2025-04-08 19:38:46 [stdout]           `-._        _.-'
2025-04-08 19:38:46 [stdout]               `-.__.-'
2025-04-08 19:38:46 [stdout] 
2025-04-08 19:38:46 [stdout] [22944] 08 Apr 19:38:46.542 # Server started, Redis version 3.2.100
2025-04-08 19:38:46 [stdout] [22944] 08 Apr 19:38:46.542 * DB loaded from disk: 0.001 seconds
2025-04-08 19:38:46 [stdout] [22944] 08 Apr 19:38:46.542 * The server is now ready to accept connections on port 6378
2025-04-08 19:39:15 [stdout]                 _._
2025-04-08 19:39:15 [stdout]            _.-``__ ''-._
2025-04-08 19:39:15 [stdout]       _.-``    `.  `_.  ''-._           Redis 3.2.100 (00000000/0) 64 bit
2025-04-08 19:39:15 [stdout]   .-`` .-```.  ```\/    _.,_ ''-._
2025-04-08 19:39:15 [stdout]  (    '      ,       .-`  | `,    )     Running in standalone mode
2025-04-08 19:39:15 [stdout]  |`-._`-...-` __...-.``-._|'` _.-'|     Port: 6378
2025-04-08 19:39:15 [stdout]  |    `-._   `._    /     _.-'    |     PID: 23244
2025-04-08 19:39:15 [stdout]   `-._    `-._  `-./  _.-'    _.-'
2025-04-08 19:39:15 [stdout]  |`-._`-._    `-.__.-'    _.-'_.-'|
2025-04-08 19:39:15 [stdout]  |    `-._`-._        _.-'_.-'    |           http://redis.io
2025-04-08 19:39:15 [stdout]   `-._    `-._`-.__.-'_.-'    _.-'
2025-04-08 19:39:15 [stdout]  |`-._`-._    `-.__.-'    _.-'_.-'|
2025-04-08 19:39:15 [stdout]  |    `-._`-._        _.-'_.-'    |
2025-04-08 19:39:15 [stdout]   `-._    `-._`-.__.-'_.-'    _.-'
2025-04-08 19:39:15 [stdout]       `-._    `-.__.-'    _.-'
2025-04-08 19:39:15 [stdout]           `-._        _.-'
2025-04-08 19:39:15 [stdout]               `-.__.-'
2025-04-08 19:39:15 [stdout] 
2025-04-08 19:39:15 [stdout] [23244] 08 Apr 19:39:15.526 # Server started, Redis version 3.2.100
2025-04-08 19:39:15 [stdout] [23244] 08 Apr 19:39:15.527 * DB loaded from disk: 0.001 seconds
2025-04-08 19:39:15 [stdout] [23244] 08 Apr 19:39:15.527 * The server is now ready to accept connections on port 6378
2025-04-08 19:41:31 [stdout]                 _._
2025-04-08 19:41:31 [stdout]            _.-``__ ''-._
2025-04-08 19:41:31 [stdout]       _.-``    `.  `_.  ''-._           Redis 3.2.100 (00000000/0) 64 bit
2025-04-08 19:41:31 [stdout]   .-`` .-```.  ```\/    _.,_ ''-._
2025-04-08 19:41:31 [stdout]  (    '      ,       .-`  | `,    )     Running in standalone mode
2025-04-08 19:41:31 [stdout]  |`-._`-...-` __...-.``-._|'` _.-'|     Port: 6378
2025-04-08 19:41:31 [stdout]  |    `-._   `._    /     _.-'    |     PID: 21092
2025-04-08 19:41:31 [stdout]   `-._    `-._  `-./  _.-'    _.-'
2025-04-08 19:41:31 [stdout]  |`-._`-._    `-.__.-'    _.-'_.-'|
2025-04-08 19:41:31 [stdout]  |    `-._`-._        _.-'_.-'    |           http://redis.io
2025-04-08 19:41:31 [stdout]   `-._    `-._`-.__.-'_.-'    _.-'
2025-04-08 19:41:31 [stdout]  |`-._`-._    `-.__.-'    _.-'_.-'|
2025-04-08 19:41:31 [stdout]  |    `-._`-._        _.-'_.-'    |
2025-04-08 19:41:31 [stdout]   `-._    `-._`-.__.-'_.-'    _.-'
2025-04-08 19:41:31 [stdout]       `-._    `-.__.-'    _.-'
2025-04-08 19:41:31 [stdout]           `-._        _.-'
2025-04-08 19:41:31 [stdout]               `-.__.-'
2025-04-08 19:41:31 [stdout] 
2025-04-08 19:41:31 [stdout] [21092] 08 Apr 19:41:31.670 # Server started, Redis version 3.2.100
2025-04-08 19:41:31 [stdout] [21092] 08 Apr 19:41:31.671 * DB loaded from disk: 0.001 seconds
2025-04-08 19:41:31 [stdout] [21092] 08 Apr 19:41:31.671 * The server is now ready to accept connections on port 6378
2025-04-08 19:42:40 [stdout]                 _._
2025-04-08 19:42:40 [stdout]            _.-``__ ''-._
2025-04-08 19:42:40 [stdout]       _.-``    `.  `_.  ''-._           Redis 3.2.100 (00000000/0) 64 bit
2025-04-08 19:42:40 [stdout]   .-`` .-```.  ```\/    _.,_ ''-._
2025-04-08 19:42:40 [stdout]  (    '      ,       .-`  | `,    )     Running in standalone mode
2025-04-08 19:42:40 [stdout]  |`-._`-...-` __...-.``-._|'` _.-'|     Port: 6378
2025-04-08 19:42:40 [stdout]  |    `-._   `._    /     _.-'    |     PID: 22516
2025-04-08 19:42:40 [stdout]   `-._    `-._  `-./  _.-'    _.-'
2025-04-08 19:42:40 [stdout]  |`-._`-._    `-.__.-'    _.-'_.-'|
2025-04-08 19:42:40 [stdout]  |    `-._`-._        _.-'_.-'    |           http://redis.io
2025-04-08 19:42:40 [stdout]   `-._    `-._`-.__.-'_.-'    _.-'
2025-04-08 19:42:40 [stdout]  |`-._`-._    `-.__.-'    _.-'_.-'|
2025-04-08 19:42:40 [stdout]  |    `-._`-._        _.-'_.-'    |
2025-04-08 19:42:40 [stdout]   `-._    `-._`-.__.-'_.-'    _.-'
2025-04-08 19:42:40 [stdout]       `-._    `-.__.-'    _.-'
2025-04-08 19:42:40 [stdout]           `-._        _.-'
2025-04-08 19:42:40 [stdout]               `-.__.-'
2025-04-08 19:42:40 [stdout] 
2025-04-08 19:42:40 [stdout] [22516] 08 Apr 19:42:40.058 # Server started, Redis version 3.2.100
2025-04-08 19:42:40 [stdout] [22516] 08 Apr 19:42:40.059 * DB loaded from disk: 0.001 seconds
2025-04-08 19:42:40 [stdout] [22516] 08 Apr 19:42:40.059 * The server is now ready to accept connections on port 6378
2025-04-08 19:45:52 [stdout]                 _._
2025-04-08 19:45:52 [stdout]            _.-``__ ''-._
2025-04-08 19:45:52 [stdout]       _.-``    `.  `_.  ''-._           Redis 3.2.100 (00000000/0) 64 bit
2025-04-08 19:45:52 [stdout]   .-`` .-```.  ```\/    _.,_ ''-._
2025-04-08 19:45:52 [stdout]  (    '      ,       .-`  | `,    )     Running in standalone mode
2025-04-08 19:45:52 [stdout]  |`-._`-...-` __...-.``-._|'` _.-'|     Port: 6378
2025-04-08 19:45:52 [stdout]  |    `-._   `._    /     _.-'    |     PID: 22152
2025-04-08 19:45:52 [stdout]   `-._    `-._  `-./  _.-'    _.-'
2025-04-08 19:45:52 [stdout]  |`-._`-._    `-.__.-'    _.-'_.-'|
2025-04-08 19:45:52 [stdout]  |    `-._`-._        _.-'_.-'    |           http://redis.io
2025-04-08 19:45:52 [stdout]   `-._    `-._`-.__.-'_.-'    _.-'
2025-04-08 19:45:52 [stdout]  |`-._`-._    `-.__.-'    _.-'_.-'|
2025-04-08 19:45:52 [stdout]  |    `-._`-._        _.-'_.-'    |
2025-04-08 19:45:52 [stdout]   `-._    `-._`-.__.-'_.-'    _.-'
2025-04-08 19:45:52 [stdout]       `-._    `-.__.-'    _.-'
2025-04-08 19:45:52 [stdout]           `-._        _.-'
2025-04-08 19:45:52 [stdout]               `-.__.-'
2025-04-08 19:45:52 [stdout] 
2025-04-08 19:45:52 [stdout] [22152] 08 Apr 19:45:52.798 # Server started, Redis version 3.2.100
2025-04-08 19:45:52 [stdout] [22152] 08 Apr 19:45:52.799 * DB loaded from disk: 0.001 seconds
2025-04-08 19:45:52 [stdout] [22152] 08 Apr 19:45:52.799 * The server is now ready to accept connections on port 6378
2025-04-08 19:47:43 [stdout]                 _._
2025-04-08 19:47:43 [stdout]            _.-``__ ''-._
2025-04-08 19:47:43 [stdout]       _.-``    `.  `_.  ''-._           Redis 3.2.100 (00000000/0) 64 bit
2025-04-08 19:47:43 [stdout]   .-`` .-```.  ```\/    _.,_ ''-._
2025-04-08 19:47:43 [stdout]  (    '      ,       .-`  | `,    )     Running in standalone mode
2025-04-08 19:47:43 [stdout]  |`-._`-...-` __...-.``-._|'` _.-'|     Port: 6378
2025-04-08 19:47:43 [stdout]  |    `-._   `._    /     _.-'    |     PID: 3044
2025-04-08 19:47:43 [stdout]   `-._    `-._  `-./  _.-'    _.-'
2025-04-08 19:47:43 [stdout]  |`-._`-._    `-.__.-'    _.-'_.-'|
2025-04-08 19:47:43 [stdout]  |    `-._`-._        _.-'_.-'    |           http://redis.io
2025-04-08 19:47:43 [stdout]   `-._    `-._`-.__.-'_.-'    _.-'
2025-04-08 19:47:43 [stdout]  |`-._`-._    `-.__.-'    _.-'_.-'|
2025-04-08 19:47:43 [stdout]  |    `-._`-._        _.-'_.-'    |
2025-04-08 19:47:43 [stdout]   `-._    `-._`-.__.-'_.-'    _.-'
2025-04-08 19:47:43 [stdout]       `-._    `-.__.-'    _.-'
2025-04-08 19:47:43 [stdout]           `-._        _.-'
2025-04-08 19:47:43 [stdout]               `-.__.-'
2025-04-08 19:47:43 [stdout] 
2025-04-08 19:47:43 [stdout] [3044] 08 Apr 19:47:43.564 # Server started, Redis version 3.2.100
2025-04-08 19:47:43 [stdout] [3044] 08 Apr 19:47:43.565 * DB loaded from disk: 0.001 seconds
2025-04-08 19:47:43 [stdout] [3044] 08 Apr 19:47:43.565 * The server is now ready to accept connections on port 6378
2025-04-08 19:48:33 [stdout]                 _._
2025-04-08 19:48:33 [stdout]            _.-``__ ''-._
2025-04-08 19:48:33 [stdout]       _.-``    `.  `_.  ''-._           Redis 3.2.100 (00000000/0) 64 bit
2025-04-08 19:48:33 [stdout]   .-`` .-```.  ```\/    _.,_ ''-._
2025-04-08 19:48:33 [stdout]  (    '      ,       .-`  | `,    )     Running in standalone mode
2025-04-08 19:48:33 [stdout]  |`-._`-...-` __...-.``-._|'` _.-'|     Port: 6378
2025-04-08 19:48:33 [stdout]  |    `-._   `._    /     _.-'    |     PID: 19956
2025-04-08 19:48:33 [stdout]   `-._    `-._  `-./  _.-'    _.-'
2025-04-08 19:48:33 [stdout]  |`-._`-._    `-.__.-'    _.-'_.-'|
2025-04-08 19:48:33 [stdout]  |    `-._`-._        _.-'_.-'    |           http://redis.io
2025-04-08 19:48:33 [stdout]   `-._    `-._`-.__.-'_.-'    _.-'
2025-04-08 19:48:33 [stdout]  |`-._`-._    `-.__.-'    _.-'_.-'|
2025-04-08 19:48:33 [stdout]  |    `-._`-._        _.-'_.-'    |
2025-04-08 19:48:33 [stdout]   `-._    `-._`-.__.-'_.-'    _.-'
2025-04-08 19:48:33 [stdout]       `-._    `-.__.-'    _.-'
2025-04-08 19:48:33 [stdout]           `-._        _.-'
2025-04-08 19:48:33 [stdout]               `-.__.-'
2025-04-08 19:48:33 [stdout] 
2025-04-08 19:48:33 [stdout] [19956] 08 Apr 19:48:33.385 # Server started, Redis version 3.2.100
2025-04-08 19:48:33 [stdout] [19956] 08 Apr 19:48:33.386 * DB loaded from disk: 0.001 seconds
2025-04-08 19:48:33 [stdout] [19956] 08 Apr 19:48:33.386 * The server is now ready to accept connections on port 6378
2025-04-08 19:52:07 [stdout]                 _._
2025-04-08 19:52:07 [stdout]            _.-``__ ''-._
2025-04-08 19:52:07 [stdout]       _.-``    `.  `_.  ''-._           Redis 3.2.100 (00000000/0) 64 bit
2025-04-08 19:52:07 [stdout]   .-`` .-```.  ```\/    _.,_ ''-._
2025-04-08 19:52:07 [stdout]  (    '      ,       .-`  | `,    )     Running in standalone mode
2025-04-08 19:52:07 [stdout]  |`-._`-...-` __...-.``-._|'` _.-'|     Port: 6378
2025-04-08 19:52:07 [stdout]  |    `-._   `._    /     _.-'    |     PID: 15740
2025-04-08 19:52:07 [stdout]   `-._    `-._  `-./  _.-'    _.-'
2025-04-08 19:52:07 [stdout]  |`-._`-._    `-.__.-'    _.-'_.-'|
2025-04-08 19:52:07 [stdout]  |    `-._`-._        _.-'_.-'    |           http://redis.io
2025-04-08 19:52:07 [stdout]   `-._    `-._`-.__.-'_.-'    _.-'
2025-04-08 19:52:07 [stdout]  |`-._`-._    `-.__.-'    _.-'_.-'|
2025-04-08 19:52:07 [stdout]  |    `-._`-._        _.-'_.-'    |
2025-04-08 19:52:07 [stdout]   `-._    `-._`-.__.-'_.-'    _.-'
2025-04-08 19:52:07 [stdout]       `-._    `-.__.-'    _.-'
2025-04-08 19:52:07 [stdout]           `-._        _.-'
2025-04-08 19:52:07 [stdout]               `-.__.-'
2025-04-08 19:52:07 [stdout] 
2025-04-08 19:52:07 [stdout] [15740] 08 Apr 19:52:07.006 # Server started, Redis version 3.2.100
2025-04-08 19:52:07 [stdout] [15740] 08 Apr 19:52:07.006 * DB loaded from disk: 0.001 seconds
2025-04-08 19:52:07 [stdout] [15740] 08 Apr 19:52:07.006 * The server is now ready to accept connections on port 6378
2025-04-08 19:55:05 [stdout]                 _._
2025-04-08 19:55:05 [stdout]            _.-``__ ''-._
2025-04-08 19:55:05 [stdout]       _.-``    `.  `_.  ''-._           Redis 3.2.100 (00000000/0) 64 bit
2025-04-08 19:55:05 [stdout]   .-`` .-```.  ```\/    _.,_ ''-._
2025-04-08 19:55:05 [stdout]  (    '      ,       .-`  | `,    )     Running in standalone mode
2025-04-08 19:55:05 [stdout]  |`-._`-...-` __...-.``-._|'` _.-'|     Port: 6378
2025-04-08 19:55:05 [stdout]  |    `-._   `._    /     _.-'    |     PID: 27852
2025-04-08 19:55:05 [stdout]   `-._    `-._  `-./  _.-'    _.-'
2025-04-08 19:55:05 [stdout]  |`-._`-._    `-.__.-'    _.-'_.-'|
2025-04-08 19:55:05 [stdout]  |    `-._`-._        _.-'_.-'    |           http://redis.io
2025-04-08 19:55:05 [stdout]   `-._    `-._`-.__.-'_.-'    _.-'
2025-04-08 19:55:05 [stdout]  |`-._`-._    `-.__.-'    _.-'_.-'|
2025-04-08 19:55:05 [stdout]  |    `-._`-._        _.-'_.-'    |
2025-04-08 19:55:05 [stdout]   `-._    `-._`-.__.-'_.-'    _.-'
2025-04-08 19:55:05 [stdout]       `-._    `-.__.-'    _.-'
2025-04-08 19:55:05 [stdout]           `-._        _.-'
2025-04-08 19:55:05 [stdout]               `-.__.-'
2025-04-08 19:55:05 [stdout] 
2025-04-08 19:55:05 [stdout] [27852] 08 Apr 19:55:05.416 # Server started, Redis version 3.2.100
2025-04-08 19:55:05 [stdout] [27852] 08 Apr 19:55:05.417 * DB loaded from disk: 0.001 seconds
2025-04-08 19:55:05 [stdout] [27852] 08 Apr 19:55:05.417 * The server is now ready to accept connections on port 6378
2025-04-08 19:56:58 [stdout]                 _._
2025-04-08 19:56:58 [stdout]            _.-``__ ''-._
2025-04-08 19:56:58 [stdout]       _.-``    `.  `_.  ''-._           Redis 3.2.100 (00000000/0) 64 bit
2025-04-08 19:56:58 [stdout]   .-`` .-```.  ```\/    _.,_ ''-._
2025-04-08 19:56:58 [stdout]  (    '      ,       .-`  | `,    )     Running in standalone mode
2025-04-08 19:56:58 [stdout]  |`-._`-...-` __...-.``-._|'` _.-'|     Port: 6378
2025-04-08 19:56:58 [stdout]  |    `-._   `._    /     _.-'    |     PID: 1476
2025-04-08 19:56:58 [stdout]   `-._    `-._  `-./  _.-'    _.-'
2025-04-08 19:56:58 [stdout]  |`-._`-._    `-.__.-'    _.-'_.-'|
2025-04-08 19:56:58 [stdout]  |    `-._`-._        _.-'_.-'    |           http://redis.io
2025-04-08 19:56:58 [stdout]   `-._    `-._`-.__.-'_.-'    _.-'
2025-04-08 19:56:58 [stdout]  |`-._`-._    `-.__.-'    _.-'_.-'|
2025-04-08 19:56:58 [stdout]  |    `-._`-._        _.-'_.-'    |
2025-04-08 19:56:58 [stdout]   `-._    `-._`-.__.-'_.-'    _.-'
2025-04-08 19:56:58 [stdout]       `-._    `-.__.-'    _.-'
2025-04-08 19:56:58 [stdout]           `-._        _.-'
2025-04-08 19:56:58 [stdout]               `-.__.-'
2025-04-08 19:56:58 [stdout] 
2025-04-08 19:56:58 [stdout] [1476] 08 Apr 19:56:58.698 # Server started, Redis version 3.2.100
2025-04-08 19:56:58 [stdout] [1476] 08 Apr 19:56:58.699 * DB loaded from disk: 0.001 seconds
2025-04-08 19:56:58 [stdout] [1476] 08 Apr 19:56:58.699 * The server is now ready to accept connections on port 6378
2025-04-08 19:59:32 [stdout]                 _._
2025-04-08 19:59:32 [stdout]            _.-``__ ''-._
2025-04-08 19:59:32 [stdout]       _.-``    `.  `_.  ''-._           Redis 3.2.100 (00000000/0) 64 bit
2025-04-08 19:59:32 [stdout]   .-`` .-```.  ```\/    _.,_ ''-._
2025-04-08 19:59:32 [stdout]  (    '      ,       .-`  | `,    )     Running in standalone mode
2025-04-08 19:59:32 [stdout]  |`-._`-...-` __...-.``-._|'` _.-'|     Port: 6378
2025-04-08 19:59:32 [stdout]  |    `-._   `._    /     _.-'    |     PID: 15060
2025-04-08 19:59:32 [stdout]   `-._    `-._  `-./  _.-'    _.-'
2025-04-08 19:59:32 [stdout]  |`-._`-._    `-.__.-'    _.-'_.-'|
2025-04-08 19:59:32 [stdout]  |    `-._`-._        _.-'_.-'    |           http://redis.io
2025-04-08 19:59:32 [stdout]   `-._    `-._`-.__.-'_.-'    _.-'
2025-04-08 19:59:32 [stdout]  |`-._`-._    `-.__.-'    _.-'_.-'|
2025-04-08 19:59:32 [stdout]  |    `-._`-._        _.-'_.-'    |
2025-04-08 19:59:32 [stdout]   `-._    `-._`-.__.-'_.-'    _.-'
2025-04-08 19:59:32 [stdout]       `-._    `-.__.-'    _.-'
2025-04-08 19:59:32 [stdout]           `-._        _.-'
2025-04-08 19:59:32 [stdout]               `-.__.-'
2025-04-08 19:59:32 [stdout] 
2025-04-08 19:59:32 [stdout] [15060] 08 Apr 19:59:32.731 # Server started, Redis version 3.2.100
2025-04-08 19:59:32 [stdout] [15060] 08 Apr 19:59:32.731 * DB loaded from disk: 0.001 seconds
2025-04-08 19:59:32 [stdout] [15060] 08 Apr 19:59:32.731 * The server is now ready to accept connections on port 6378
2025-04-08 20:01:11 [stdout] [26596] 08 Apr 20:01:11.393 # Creating Server TCP listening socket 127.0.0.1:6378: bind: No error
2025-04-08 20:01:12 [stdout] [7056] 08 Apr 20:01:12.654 # Creating Server TCP listening socket 127.0.0.1:6378: bind: No error
2025-04-08 20:01:13 [stdout] [21640] 08 Apr 20:01:13.925 # Creating Server TCP listening socket 127.0.0.1:6378: bind: No error
2025-04-08 20:01:15 [stdout] [25820] 08 Apr 20:01:15.186 # Creating Server TCP listening socket 127.0.0.1:6378: bind: No error
2025-04-08 20:01:16 [stdout] [5328] 08 Apr 20:01:16.450 # Creating Server TCP listening socket 127.0.0.1:6378: bind: No error
2025-04-08 20:01:17 [stdout] [25572] 08 Apr 20:01:17.712 # Creating Server TCP listening socket 127.0.0.1:6378: bind: No error
2025-04-08 20:01:18 [stdout] [23428] 08 Apr 20:01:18.982 # Creating Server TCP listening socket 127.0.0.1:6378: bind: No error
2025-04-08 20:01:20 [stdout]                 _._
2025-04-08 20:01:20 [stdout]            _.-``__ ''-._
2025-04-08 20:01:20 [stdout]       _.-``    `.  `_.  ''-._           Redis 3.2.100 (00000000/0) 64 bit
2025-04-08 20:01:20 [stdout]   .-`` .-```.  ```\/    _.,_ ''-._
2025-04-08 20:01:20 [stdout]  (    '      ,       .-`  | `,    )     Running in standalone mode
2025-04-08 20:01:20 [stdout]  |`-._`-...-` __...-.``-._|'` _.-'|     Port: 6378
2025-04-08 20:01:20 [stdout]  |    `-._   `._    /     _.-'    |     PID: 18368
2025-04-08 20:01:20 [stdout]   `-._    `-._  `-./  _.-'    _.-'
2025-04-08 20:01:20 [stdout]  |`-._`-._    `-.__.-'    _.-'_.-'|
2025-04-08 20:01:20 [stdout]  |    `-._`-._        _.-'_.-'    |           http://redis.io
2025-04-08 20:01:20 [stdout]   `-._    `-._`-.__.-'_.-'    _.-'
2025-04-08 20:01:20 [stdout]  |`-._`-._    `-.__.-'    _.-'_.-'|
2025-04-08 20:01:20 [stdout]  |    `-._`-._        _.-'_.-'    |
2025-04-08 20:01:20 [stdout]   `-._    `-._`-.__.-'_.-'    _.-'
2025-04-08 20:01:20 [stdout]       `-._    `-.__.-'    _.-'
2025-04-08 20:01:20 [stdout]           `-._        _.-'
2025-04-08 20:01:20 [stdout]               `-.__.-'
2025-04-08 20:01:20 [stdout] 
2025-04-08 20:01:20 [stdout] [18368] 08 Apr 20:01:20.258 # Server started, Redis version 3.2.100
2025-04-08 20:01:20 [stdout] [18368] 08 Apr 20:01:20.259 * DB loaded from disk: 0.002 seconds
2025-04-08 20:01:20 [stdout] [18368] 08 Apr 20:01:20.259 * The server is now ready to accept connections on port 6378
2025-04-08 20:01:26 [stdout]                 _._
2025-04-08 20:01:26 [stdout]            _.-``__ ''-._
2025-04-08 20:01:26 [stdout]       _.-``    `.  `_.  ''-._           Redis 3.2.100 (00000000/0) 64 bit
2025-04-08 20:01:26 [stdout]   .-`` .-```.  ```\/    _.,_ ''-._
2025-04-08 20:01:26 [stdout]  (    '      ,       .-`  | `,    )     Running in standalone mode
2025-04-08 20:01:26 [stdout]  |`-._`-...-` __...-.``-._|'` _.-'|     Port: 6378
2025-04-08 20:01:26 [stdout]  |    `-._   `._    /     _.-'    |     PID: 21696
2025-04-08 20:01:26 [stdout]   `-._    `-._  `-./  _.-'    _.-'
2025-04-08 20:01:26 [stdout]  |`-._`-._    `-.__.-'    _.-'_.-'|
2025-04-08 20:01:26 [stdout]  |    `-._`-._        _.-'_.-'    |           http://redis.io
2025-04-08 20:01:26 [stdout]   `-._    `-._`-.__.-'_.-'    _.-'
2025-04-08 20:01:26 [stdout]  |`-._`-._    `-.__.-'    _.-'_.-'|
2025-04-08 20:01:26 [stdout]  |    `-._`-._        _.-'_.-'    |
2025-04-08 20:01:26 [stdout]   `-._    `-._`-.__.-'_.-'    _.-'
2025-04-08 20:01:26 [stdout]       `-._    `-.__.-'    _.-'
2025-04-08 20:01:26 [stdout]           `-._        _.-'
2025-04-08 20:01:26 [stdout]               `-.__.-'
2025-04-08 20:01:26 [stdout] 
2025-04-08 20:01:26 [stdout] [21696] 08 Apr 20:01:26.199 # Server started, Redis version 3.2.100
2025-04-08 20:01:26 [stdout] [21696] 08 Apr 20:01:26.200 * DB loaded from disk: 0.001 seconds
2025-04-08 20:01:26 [stdout] [21696] 08 Apr 20:01:26.200 * The server is now ready to accept connections on port 6378
2025-04-08 20:05:03 [stdout]                 _._
2025-04-08 20:05:03 [stdout]            _.-``__ ''-._
2025-04-08 20:05:03 [stdout]       _.-``    `.  `_.  ''-._           Redis 3.2.100 (00000000/0) 64 bit
2025-04-08 20:05:03 [stdout]   .-`` .-```.  ```\/    _.,_ ''-._
2025-04-08 20:05:03 [stdout]  (    '      ,       .-`  | `,    )     Running in standalone mode
2025-04-08 20:05:03 [stdout]  |`-._`-...-` __...-.``-._|'` _.-'|     Port: 6378
2025-04-08 20:05:03 [stdout]  |    `-._   `._    /     _.-'    |     PID: 23360
2025-04-08 20:05:03 [stdout]   `-._    `-._  `-./  _.-'    _.-'
2025-04-08 20:05:03 [stdout]  |`-._`-._    `-.__.-'    _.-'_.-'|
2025-04-08 20:05:03 [stdout]  |    `-._`-._        _.-'_.-'    |           http://redis.io
2025-04-08 20:05:03 [stdout]   `-._    `-._`-.__.-'_.-'    _.-'
2025-04-08 20:05:03 [stdout]  |`-._`-._    `-.__.-'    _.-'_.-'|
2025-04-08 20:05:03 [stdout]  |    `-._`-._        _.-'_.-'    |
2025-04-08 20:05:03 [stdout]   `-._    `-._`-.__.-'_.-'    _.-'
2025-04-08 20:05:03 [stdout]       `-._    `-.__.-'    _.-'
2025-04-08 20:05:03 [stdout]           `-._        _.-'
2025-04-08 20:05:03 [stdout]               `-.__.-'
2025-04-08 20:05:03 [stdout] 
2025-04-08 20:05:03 [stdout] [23360] 08 Apr 20:05:03.328 # Server started, Redis version 3.2.100
2025-04-08 20:05:03 [stdout] [23360] 08 Apr 20:05:03.328 * DB loaded from disk: 0.001 seconds
2025-04-08 20:05:03 [stdout] [23360] 08 Apr 20:05:03.328 * The server is now ready to accept connections on port 6378
2025-04-08 20:08:54 [stdout]                 _._
2025-04-08 20:08:54 [stdout]            _.-``__ ''-._
2025-04-08 20:08:54 [stdout]       _.-``    `.  `_.  ''-._           Redis 3.2.100 (00000000/0) 64 bit
2025-04-08 20:08:54 [stdout]   .-`` .-```.  ```\/    _.,_ ''-._
2025-04-08 20:08:54 [stdout]  (    '      ,       .-`  | `,    )     Running in standalone mode
2025-04-08 20:08:54 [stdout]  |`-._`-...-` __...-.``-._|'` _.-'|     Port: 6378
2025-04-08 20:08:54 [stdout]  |    `-._   `._    /     _.-'    |     PID: 28164
2025-04-08 20:08:54 [stdout]   `-._    `-._  `-./  _.-'    _.-'
2025-04-08 20:08:54 [stdout]  |`-._`-._    `-.__.-'    _.-'_.-'|
2025-04-08 20:08:54 [stdout]  |    `-._`-._        _.-'_.-'    |           http://redis.io
2025-04-08 20:08:54 [stdout]   `-._    `-._`-.__.-'_.-'    _.-'
2025-04-08 20:08:54 [stdout]  |`-._`-._    `-.__.-'    _.-'_.-'|
2025-04-08 20:08:54 [stdout]  |    `-._`-._        _.-'_.-'    |
2025-04-08 20:08:54 [stdout]   `-._    `-._`-.__.-'_.-'    _.-'
2025-04-08 20:08:54 [stdout]       `-._    `-.__.-'    _.-'
2025-04-08 20:08:54 [stdout]           `-._        _.-'
2025-04-08 20:08:54 [stdout]               `-.__.-'
2025-04-08 20:08:54 [stdout] 
2025-04-08 20:08:54 [stdout] [28164] 08 Apr 20:08:54.770 # Server started, Redis version 3.2.100
2025-04-08 20:08:54 [stdout] [28164] 08 Apr 20:08:54.771 * DB loaded from disk: 0.001 seconds
2025-04-08 20:08:54 [stdout] [28164] 08 Apr 20:08:54.771 * The server is now ready to accept connections on port 6378
2025-04-08 20:09:39 [stdout]                 _._
2025-04-08 20:09:39 [stdout]            _.-``__ ''-._
2025-04-08 20:09:39 [stdout]       _.-``    `.  `_.  ''-._           Redis 3.2.100 (00000000/0) 64 bit
2025-04-08 20:09:39 [stdout]   .-`` .-```.  ```\/    _.,_ ''-._
2025-04-08 20:09:39 [stdout]  (    '      ,       .-`  | `,    )     Running in standalone mode
2025-04-08 20:09:39 [stdout]  |`-._`-...-` __...-.``-._|'` _.-'|     Port: 6378
2025-04-08 20:09:39 [stdout]  |    `-._   `._    /     _.-'    |     PID: 21672
2025-04-08 20:09:39 [stdout]   `-._    `-._  `-./  _.-'    _.-'
2025-04-08 20:09:39 [stdout]  |`-._`-._    `-.__.-'    _.-'_.-'|
2025-04-08 20:09:39 [stdout]  |    `-._`-._        _.-'_.-'    |           http://redis.io
2025-04-08 20:09:39 [stdout]   `-._    `-._`-.__.-'_.-'    _.-'
2025-04-08 20:09:39 [stdout]  |`-._`-._    `-.__.-'    _.-'_.-'|
2025-04-08 20:09:39 [stdout]  |    `-._`-._        _.-'_.-'    |
2025-04-08 20:09:39 [stdout]   `-._    `-._`-.__.-'_.-'    _.-'
2025-04-08 20:09:39 [stdout]       `-._    `-.__.-'    _.-'
2025-04-08 20:09:39 [stdout]           `-._        _.-'
2025-04-08 20:09:39 [stdout]               `-.__.-'
2025-04-08 20:09:39 [stdout] 
2025-04-08 20:09:39 [stdout] [21672] 08 Apr 20:09:39.663 # Server started, Redis version 3.2.100
2025-04-08 20:09:39 [stdout] [21672] 08 Apr 20:09:39.664 * DB loaded from disk: 0.001 seconds
2025-04-08 20:09:39 [stdout] [21672] 08 Apr 20:09:39.664 * The server is now ready to accept connections on port 6378
2025-04-08 20:10:15 [stdout]                 _._
2025-04-08 20:10:15 [stdout]            _.-``__ ''-._
2025-04-08 20:10:15 [stdout]       _.-``    `.  `_.  ''-._           Redis 3.2.100 (00000000/0) 64 bit
2025-04-08 20:10:15 [stdout]   .-`` .-```.  ```\/    _.,_ ''-._
2025-04-08 20:10:15 [stdout]  (    '      ,       .-`  | `,    )     Running in standalone mode
2025-04-08 20:10:15 [stdout]  |`-._`-...-` __...-.``-._|'` _.-'|     Port: 6378
2025-04-08 20:10:15 [stdout]  |    `-._   `._    /     _.-'    |     PID: 6412
2025-04-08 20:10:15 [stdout]   `-._    `-._  `-./  _.-'    _.-'
2025-04-08 20:10:15 [stdout]  |`-._`-._    `-.__.-'    _.-'_.-'|
2025-04-08 20:10:15 [stdout]  |    `-._`-._        _.-'_.-'    |           http://redis.io
2025-04-08 20:10:15 [stdout]   `-._    `-._`-.__.-'_.-'    _.-'
2025-04-08 20:10:15 [stdout]  |`-._`-._    `-.__.-'    _.-'_.-'|
2025-04-08 20:10:15 [stdout]  |    `-._`-._        _.-'_.-'    |
2025-04-08 20:10:15 [stdout]   `-._    `-._`-.__.-'_.-'    _.-'
2025-04-08 20:10:15 [stdout]       `-._    `-.__.-'    _.-'
2025-04-08 20:10:15 [stdout]           `-._        _.-'
2025-04-08 20:10:15 [stdout]               `-.__.-'
2025-04-08 20:10:15 [stdout] 
2025-04-08 20:10:15 [stdout] [6412] 08 Apr 20:10:15.314 # Server started, Redis version 3.2.100
2025-04-08 20:10:15 [stdout] [6412] 08 Apr 20:10:15.314 * DB loaded from disk: 0.001 seconds
2025-04-08 20:10:15 [stdout] [6412] 08 Apr 20:10:15.314 * The server is now ready to accept connections on port 6378
2025-04-08 20:10:36 [stdout]                 _._
2025-04-08 20:10:36 [stdout]            _.-``__ ''-._
2025-04-08 20:10:36 [stdout]       _.-``    `.  `_.  ''-._           Redis 3.2.100 (00000000/0) 64 bit
2025-04-08 20:10:36 [stdout]   .-`` .-```.  ```\/    _.,_ ''-._
2025-04-08 20:10:36 [stdout]  (    '      ,       .-`  | `,    )     Running in standalone mode
2025-04-08 20:10:36 [stdout]  |`-._`-...-` __...-.``-._|'` _.-'|     Port: 6378
2025-04-08 20:10:36 [stdout]  |    `-._   `._    /     _.-'    |     PID: 25572
2025-04-08 20:10:36 [stdout]   `-._    `-._  `-./  _.-'    _.-'
2025-04-08 20:10:36 [stdout]  |`-._`-._    `-.__.-'    _.-'_.-'|
2025-04-08 20:10:36 [stdout]  |    `-._`-._        _.-'_.-'    |           http://redis.io
2025-04-08 20:10:36 [stdout]   `-._    `-._`-.__.-'_.-'    _.-'
2025-04-08 20:10:36 [stdout]  |`-._`-._    `-.__.-'    _.-'_.-'|
2025-04-08 20:10:36 [stdout]  |    `-._`-._        _.-'_.-'    |
2025-04-08 20:10:36 [stdout]   `-._    `-._`-.__.-'_.-'    _.-'
2025-04-08 20:10:36 [stdout]       `-._    `-.__.-'    _.-'
2025-04-08 20:10:36 [stdout]           `-._        _.-'
2025-04-08 20:10:36 [stdout]               `-.__.-'
2025-04-08 20:10:36 [stdout] 
2025-04-08 20:10:36 [stdout] [25572] 08 Apr 20:10:36.864 # Server started, Redis version 3.2.100
2025-04-08 20:10:36 [stdout] [25572] 08 Apr 20:10:36.865 * DB loaded from disk: 0.001 seconds
2025-04-08 20:10:36 [stdout] [25572] 08 Apr 20:10:36.865 * The server is now ready to accept connections on port 6378
2025-04-08 20:12:10 [stdout]                 _._
2025-04-08 20:12:10 [stdout]            _.-``__ ''-._
2025-04-08 20:12:10 [stdout]       _.-``    `.  `_.  ''-._           Redis 3.2.100 (00000000/0) 64 bit
2025-04-08 20:12:10 [stdout]   .-`` .-```.  ```\/    _.,_ ''-._
2025-04-08 20:12:10 [stdout]  (    '      ,       .-`  | `,    )     Running in standalone mode
2025-04-08 20:12:10 [stdout]  |`-._`-...-` __...-.``-._|'` _.-'|     Port: 6378
2025-04-08 20:12:10 [stdout]  |    `-._   `._    /     _.-'    |     PID: 18380
2025-04-08 20:12:10 [stdout]   `-._    `-._  `-./  _.-'    _.-'
2025-04-08 20:12:10 [stdout]  |`-._`-._    `-.__.-'    _.-'_.-'|
2025-04-08 20:12:10 [stdout]  |    `-._`-._        _.-'_.-'    |           http://redis.io
2025-04-08 20:12:10 [stdout]   `-._    `-._`-.__.-'_.-'    _.-'
2025-04-08 20:12:10 [stdout]  |`-._`-._    `-.__.-'    _.-'_.-'|
2025-04-08 20:12:10 [stdout]  |    `-._`-._        _.-'_.-'    |
2025-04-08 20:12:10 [stdout]   `-._    `-._`-.__.-'_.-'    _.-'
2025-04-08 20:12:10 [stdout]       `-._    `-.__.-'    _.-'
2025-04-08 20:12:10 [stdout]           `-._        _.-'
2025-04-08 20:12:10 [stdout]               `-.__.-'
2025-04-08 20:12:10 [stdout] 
2025-04-08 20:12:10 [stdout] [18380] 08 Apr 20:12:10.069 # Server started, Redis version 3.2.100
2025-04-08 20:12:10 [stdout] [18380] 08 Apr 20:12:10.070 * DB loaded from disk: 0.001 seconds
2025-04-08 20:12:10 [stdout] [18380] 08 Apr 20:12:10.070 * The server is now ready to accept connections on port 6378
2025-04-08 20:12:16 [stdout]                 _._
2025-04-08 20:12:16 [stdout]            _.-``__ ''-._
2025-04-08 20:12:16 [stdout]       _.-``    `.  `_.  ''-._           Redis 3.2.100 (00000000/0) 64 bit
2025-04-08 20:12:16 [stdout]   .-`` .-```.  ```\/    _.,_ ''-._
2025-04-08 20:12:16 [stdout]  (    '      ,       .-`  | `,    )     Running in standalone mode
2025-04-08 20:12:16 [stdout]  |`-._`-...-` __...-.``-._|'` _.-'|     Port: 6378
2025-04-08 20:12:16 [stdout]  |    `-._   `._    /     _.-'    |     PID: 28480
2025-04-08 20:12:16 [stdout]   `-._    `-._  `-./  _.-'    _.-'
2025-04-08 20:12:16 [stdout]  |`-._`-._    `-.__.-'    _.-'_.-'|
2025-04-08 20:12:16 [stdout]  |    `-._`-._        _.-'_.-'    |           http://redis.io
2025-04-08 20:12:16 [stdout]   `-._    `-._`-.__.-'_.-'    _.-'
2025-04-08 20:12:16 [stdout]  |`-._`-._    `-.__.-'    _.-'_.-'|
2025-04-08 20:12:16 [stdout]  |    `-._`-._        _.-'_.-'    |
2025-04-08 20:12:16 [stdout]   `-._    `-._`-.__.-'_.-'    _.-'
2025-04-08 20:12:16 [stdout]       `-._    `-.__.-'    _.-'
2025-04-08 20:12:16 [stdout]           `-._        _.-'
2025-04-08 20:12:16 [stdout]               `-.__.-'
2025-04-08 20:12:16 [stdout] 
2025-04-08 20:12:16 [stdout] [28480] 08 Apr 20:12:16.984 # Server started, Redis version 3.2.100
2025-04-08 20:12:16 [stdout] [28480] 08 Apr 20:12:16.985 * DB loaded from disk: 0.001 seconds
2025-04-08 20:12:16 [stdout] [28480] 08 Apr 20:12:16.985 * The server is now ready to accept connections on port 6378
2025-04-08 20:12:41 [stdout] [2608] 08 Apr 20:12:41.679 # Creating Server TCP listening socket 127.0.0.1:6378: bind: No error
2025-04-08 20:12:42 [stdout] [22080] 08 Apr 20:12:42.941 # Creating Server TCP listening socket 127.0.0.1:6378: bind: No error
2025-04-08 20:12:44 [stdout] [23196] 08 Apr 20:12:44.212 # Creating Server TCP listening socket 127.0.0.1:6378: bind: No error
2025-04-08 20:12:45 [stdout]                 _._
2025-04-08 20:12:45 [stdout]            _.-``__ ''-._
2025-04-08 20:12:45 [stdout]       _.-``    `.  `_.  ''-._           Redis 3.2.100 (00000000/0) 64 bit
2025-04-08 20:12:45 [stdout]   .-`` .-```.  ```\/    _.,_ ''-._
2025-04-08 20:12:45 [stdout]  (    '      ,       .-`  | `,    )     Running in standalone mode
2025-04-08 20:12:45 [stdout]  |`-._`-...-` __...-.``-._|'` _.-'|     Port: 6378
2025-04-08 20:12:45 [stdout]  |    `-._   `._    /     _.-'    |     PID: 23600
2025-04-08 20:12:45 [stdout]   `-._    `-._  `-./  _.-'    _.-'
2025-04-08 20:12:45 [stdout]  |`-._`-._    `-.__.-'    _.-'_.-'|
2025-04-08 20:12:45 [stdout]  |    `-._`-._        _.-'_.-'    |           http://redis.io
2025-04-08 20:12:45 [stdout]   `-._    `-._`-.__.-'_.-'    _.-'
2025-04-08 20:12:45 [stdout]  |`-._`-._    `-.__.-'    _.-'_.-'|
2025-04-08 20:12:45 [stdout]  |    `-._`-._        _.-'_.-'    |
2025-04-08 20:12:45 [stdout]   `-._    `-._`-.__.-'_.-'    _.-'
2025-04-08 20:12:45 [stdout]       `-._    `-.__.-'    _.-'
2025-04-08 20:12:45 [stdout]           `-._        _.-'
2025-04-08 20:12:45 [stdout]               `-.__.-'
2025-04-08 20:12:45 [stdout] 
2025-04-08 20:12:45 [stdout] [23600] 08 Apr 20:12:45.474 # Server started, Redis version 3.2.100
2025-04-08 20:12:45 [stdout] [23600] 08 Apr 20:12:45.474 * DB loaded from disk: 0.001 seconds
2025-04-08 20:12:45 [stdout] [23600] 08 Apr 20:12:45.474 * The server is now ready to accept connections on port 6378
2025-04-08 20:14:46 [stdout]                 _._
2025-04-08 20:14:46 [stdout]            _.-``__ ''-._
2025-04-08 20:14:46 [stdout]       _.-``    `.  `_.  ''-._           Redis 3.2.100 (00000000/0) 64 bit
2025-04-08 20:14:46 [stdout]   .-`` .-```.  ```\/    _.,_ ''-._
2025-04-08 20:14:46 [stdout]  (    '      ,       .-`  | `,    )     Running in standalone mode
2025-04-08 20:14:46 [stdout]  |`-._`-...-` __...-.``-._|'` _.-'|     Port: 6378
2025-04-08 20:14:46 [stdout]  |    `-._   `._    /     _.-'    |     PID: 25912
2025-04-08 20:14:46 [stdout]   `-._    `-._  `-./  _.-'    _.-'
2025-04-08 20:14:46 [stdout]  |`-._`-._    `-.__.-'    _.-'_.-'|
2025-04-08 20:14:46 [stdout]  |    `-._`-._        _.-'_.-'    |           http://redis.io
2025-04-08 20:14:46 [stdout]   `-._    `-._`-.__.-'_.-'    _.-'
2025-04-08 20:14:46 [stdout]  |`-._`-._    `-.__.-'    _.-'_.-'|
2025-04-08 20:14:46 [stdout]  |    `-._`-._        _.-'_.-'    |
2025-04-08 20:14:46 [stdout]   `-._    `-._`-.__.-'_.-'    _.-'
2025-04-08 20:14:46 [stdout]       `-._    `-.__.-'    _.-'
2025-04-08 20:14:46 [stdout]           `-._        _.-'
2025-04-08 20:14:46 [stdout]               `-.__.-'
2025-04-08 20:14:46 [stdout] 
2025-04-08 20:14:46 [stdout] [25912] 08 Apr 20:14:46.680 # Server started, Redis version 3.2.100
2025-04-08 20:14:46 [stdout] [25912] 08 Apr 20:14:46.681 * DB loaded from disk: 0.001 seconds
2025-04-08 20:14:46 [stdout] [25912] 08 Apr 20:14:46.681 * The server is now ready to accept connections on port 6378
2025-04-08 20:15:05 [stdout]                 _._
2025-04-08 20:15:05 [stdout]            _.-``__ ''-._
2025-04-08 20:15:05 [stdout]       _.-``    `.  `_.  ''-._           Redis 3.2.100 (00000000/0) 64 bit
2025-04-08 20:15:05 [stdout]   .-`` .-```.  ```\/    _.,_ ''-._
2025-04-08 20:15:05 [stdout]  (    '      ,       .-`  | `,    )     Running in standalone mode
2025-04-08 20:15:05 [stdout]  |`-._`-...-` __...-.``-._|'` _.-'|     Port: 6378
2025-04-08 20:15:05 [stdout]  |    `-._   `._    /     _.-'    |     PID: 11112
2025-04-08 20:15:05 [stdout]   `-._    `-._  `-./  _.-'    _.-'
2025-04-08 20:15:05 [stdout]  |`-._`-._    `-.__.-'    _.-'_.-'|
2025-04-08 20:15:05 [stdout]  |    `-._`-._        _.-'_.-'    |           http://redis.io
2025-04-08 20:15:05 [stdout]   `-._    `-._`-.__.-'_.-'    _.-'
2025-04-08 20:15:05 [stdout]  |`-._`-._    `-.__.-'    _.-'_.-'|
2025-04-08 20:15:05 [stdout]  |    `-._`-._        _.-'_.-'    |
2025-04-08 20:15:05 [stdout]   `-._    `-._`-.__.-'_.-'    _.-'
2025-04-08 20:15:05 [stdout]       `-._    `-.__.-'    _.-'
2025-04-08 20:15:05 [stdout]           `-._        _.-'
2025-04-08 20:15:05 [stdout]               `-.__.-'
2025-04-08 20:15:05 [stdout] 
2025-04-08 20:15:05 [stdout] [11112] 08 Apr 20:15:05.820 # Server started, Redis version 3.2.100
2025-04-08 20:15:05 [stdout] [11112] 08 Apr 20:15:05.821 * DB loaded from disk: 0.001 seconds
2025-04-08 20:15:05 [stdout] [11112] 08 Apr 20:15:05.821 * The server is now ready to accept connections on port 6378
2025-04-08 20:22:04 [stdout]                 _._
2025-04-08 20:22:04 [stdout]            _.-``__ ''-._
2025-04-08 20:22:04 [stdout]       _.-``    `.  `_.  ''-._           Redis 3.2.100 (00000000/0) 64 bit
2025-04-08 20:22:04 [stdout]   .-`` .-```.  ```\/    _.,_ ''-._
2025-04-08 20:22:04 [stdout]  (    '      ,       .-`  | `,    )     Running in standalone mode
2025-04-08 20:22:04 [stdout]  |`-._`-...-` __...-.``-._|'` _.-'|     Port: 6378
2025-04-08 20:22:04 [stdout]  |    `-._   `._    /     _.-'    |     PID: 5180
2025-04-08 20:22:04 [stdout]   `-._    `-._  `-./  _.-'    _.-'
2025-04-08 20:22:04 [stdout]  |`-._`-._    `-.__.-'    _.-'_.-'|
2025-04-08 20:22:04 [stdout]  |    `-._`-._        _.-'_.-'    |           http://redis.io
2025-04-08 20:22:04 [stdout]   `-._    `-._`-.__.-'_.-'    _.-'
2025-04-08 20:22:04 [stdout]  |`-._`-._    `-.__.-'    _.-'_.-'|
2025-04-08 20:22:04 [stdout]  |    `-._`-._        _.-'_.-'    |
2025-04-08 20:22:04 [stdout]   `-._    `-._`-.__.-'_.-'    _.-'
2025-04-08 20:22:04 [stdout]       `-._    `-.__.-'    _.-'
2025-04-08 20:22:04 [stdout]           `-._        _.-'
2025-04-08 20:22:04 [stdout]               `-.__.-'
2025-04-08 20:22:04 [stdout] 
2025-04-08 20:22:04 [stdout] [5180] 08 Apr 20:22:04.140 # Server started, Redis version 3.2.100
2025-04-08 20:22:04 [stdout] [5180] 08 Apr 20:22:04.141 * DB loaded from disk: 0.001 seconds
2025-04-08 20:22:04 [stdout] [5180] 08 Apr 20:22:04.141 * The server is now ready to accept connections on port 6378
2025-04-08 20:22:23 [stdout]                 _._
2025-04-08 20:22:23 [stdout]            _.-``__ ''-._
2025-04-08 20:22:23 [stdout]       _.-``    `.  `_.  ''-._           Redis 3.2.100 (00000000/0) 64 bit
2025-04-08 20:22:23 [stdout]   .-`` .-```.  ```\/    _.,_ ''-._
2025-04-08 20:22:23 [stdout]  (    '      ,       .-`  | `,    )     Running in standalone mode
2025-04-08 20:22:23 [stdout]  |`-._`-...-` __...-.``-._|'` _.-'|     Port: 6378
2025-04-08 20:22:23 [stdout]  |    `-._   `._    /     _.-'    |     PID: 5432
2025-04-08 20:22:23 [stdout]   `-._    `-._  `-./  _.-'    _.-'
2025-04-08 20:22:23 [stdout]  |`-._`-._    `-.__.-'    _.-'_.-'|
2025-04-08 20:22:23 [stdout]  |    `-._`-._        _.-'_.-'    |           http://redis.io
2025-04-08 20:22:23 [stdout]   `-._    `-._`-.__.-'_.-'    _.-'
2025-04-08 20:22:23 [stdout]  |`-._`-._    `-.__.-'    _.-'_.-'|
2025-04-08 20:22:23 [stdout]  |    `-._`-._        _.-'_.-'    |
2025-04-08 20:22:23 [stdout]   `-._    `-._`-.__.-'_.-'    _.-'
2025-04-08 20:22:23 [stdout]       `-._    `-.__.-'    _.-'
2025-04-08 20:22:23 [stdout]           `-._        _.-'
2025-04-08 20:22:23 [stdout]               `-.__.-'
2025-04-08 20:22:23 [stdout] 
2025-04-08 20:22:23 [stdout] [5432] 08 Apr 20:22:23.000 # Server started, Redis version 3.2.100
2025-04-08 20:22:23 [stdout] [5432] 08 Apr 20:22:23.000 * DB loaded from disk: 0.001 seconds
2025-04-08 20:22:23 [stdout] [5432] 08 Apr 20:22:23.000 * The server is now ready to accept connections on port 6378
2025-04-08 20:25:34 [stdout]                 _._
2025-04-08 20:25:34 [stdout]            _.-``__ ''-._
2025-04-08 20:25:34 [stdout]       _.-``    `.  `_.  ''-._           Redis 3.2.100 (00000000/0) 64 bit
2025-04-08 20:25:34 [stdout]   .-`` .-```.  ```\/    _.,_ ''-._
2025-04-08 20:25:34 [stdout]  (    '      ,       .-`  | `,    )     Running in standalone mode
2025-04-08 20:25:34 [stdout]  |`-._`-...-` __...-.``-._|'` _.-'|     Port: 6378
2025-04-08 20:25:34 [stdout]  |    `-._   `._    /     _.-'    |     PID: 24360
2025-04-08 20:25:34 [stdout]   `-._    `-._  `-./  _.-'    _.-'
2025-04-08 20:25:34 [stdout]  |`-._`-._    `-.__.-'    _.-'_.-'|
2025-04-08 20:25:34 [stdout]  |    `-._`-._        _.-'_.-'    |           http://redis.io
2025-04-08 20:25:34 [stdout]   `-._    `-._`-.__.-'_.-'    _.-'
2025-04-08 20:25:34 [stdout]  |`-._`-._    `-.__.-'    _.-'_.-'|
2025-04-08 20:25:34 [stdout]  |    `-._`-._        _.-'_.-'    |
2025-04-08 20:25:34 [stdout]   `-._    `-._`-.__.-'_.-'    _.-'
2025-04-08 20:25:34 [stdout]       `-._    `-.__.-'    _.-'
2025-04-08 20:25:34 [stdout]           `-._        _.-'
2025-04-08 20:25:34 [stdout]               `-.__.-'
2025-04-08 20:25:34 [stdout] 
2025-04-08 20:25:34 [stdout] [24360] 08 Apr 20:25:34.806 # Server started, Redis version 3.2.100
2025-04-08 20:25:34 [stdout] [24360] 08 Apr 20:25:34.807 * DB loaded from disk: 0.001 seconds
2025-04-08 20:25:34 [stdout] [24360] 08 Apr 20:25:34.807 * The server is now ready to accept connections on port 6378
2025-04-08 20:27:38 [stdout]                 _._
2025-04-08 20:27:38 [stdout]            _.-``__ ''-._
2025-04-08 20:27:38 [stdout]       _.-``    `.  `_.  ''-._           Redis 3.2.100 (00000000/0) 64 bit
2025-04-08 20:27:38 [stdout]   .-`` .-```.  ```\/    _.,_ ''-._
2025-04-08 20:27:38 [stdout]  (    '      ,       .-`  | `,    )     Running in standalone mode
2025-04-08 20:27:38 [stdout]  |`-._`-...-` __...-.``-._|'` _.-'|     Port: 6378
2025-04-08 20:27:38 [stdout]  |    `-._   `._    /     _.-'    |     PID: 26612
2025-04-08 20:27:38 [stdout]   `-._    `-._  `-./  _.-'    _.-'
2025-04-08 20:27:38 [stdout]  |`-._`-._    `-.__.-'    _.-'_.-'|
2025-04-08 20:27:38 [stdout]  |    `-._`-._        _.-'_.-'    |           http://redis.io
2025-04-08 20:27:38 [stdout]   `-._    `-._`-.__.-'_.-'    _.-'
2025-04-08 20:27:38 [stdout]  |`-._`-._    `-.__.-'    _.-'_.-'|
2025-04-08 20:27:38 [stdout]  |    `-._`-._        _.-'_.-'    |
2025-04-08 20:27:38 [stdout]   `-._    `-._`-.__.-'_.-'    _.-'
2025-04-08 20:27:38 [stdout]       `-._    `-.__.-'    _.-'
2025-04-08 20:27:38 [stdout]           `-._        _.-'
2025-04-08 20:27:38 [stdout]               `-.__.-'
2025-04-08 20:27:38 [stdout] 
2025-04-08 20:27:38 [stdout] [26612] 08 Apr 20:27:38.684 # Server started, Redis version 3.2.100
2025-04-08 20:27:38 [stdout] [26612] 08 Apr 20:27:38.685 * DB loaded from disk: 0.001 seconds
2025-04-08 20:27:38 [stdout] [26612] 08 Apr 20:27:38.685 * The server is now ready to accept connections on port 6378
2025-04-08 20:27:51 [stdout]                 _._
2025-04-08 20:27:51 [stdout]            _.-``__ ''-._
2025-04-08 20:27:51 [stdout]       _.-``    `.  `_.  ''-._           Redis 3.2.100 (00000000/0) 64 bit
2025-04-08 20:27:51 [stdout]   .-`` .-```.  ```\/    _.,_ ''-._
2025-04-08 20:27:51 [stdout]  (    '      ,       .-`  | `,    )     Running in standalone mode
2025-04-08 20:27:51 [stdout]  |`-._`-...-` __...-.``-._|'` _.-'|     Port: 6378
2025-04-08 20:27:51 [stdout]  |    `-._   `._    /     _.-'    |     PID: 8124
2025-04-08 20:27:51 [stdout]   `-._    `-._  `-./  _.-'    _.-'
2025-04-08 20:27:51 [stdout]  |`-._`-._    `-.__.-'    _.-'_.-'|
2025-04-08 20:27:51 [stdout]  |    `-._`-._        _.-'_.-'    |           http://redis.io
2025-04-08 20:27:51 [stdout]   `-._    `-._`-.__.-'_.-'    _.-'
2025-04-08 20:27:51 [stdout]  |`-._`-._    `-.__.-'    _.-'_.-'|
2025-04-08 20:27:51 [stdout]  |    `-._`-._        _.-'_.-'    |
2025-04-08 20:27:51 [stdout]   `-._    `-._`-.__.-'_.-'    _.-'
2025-04-08 20:27:51 [stdout]       `-._    `-.__.-'    _.-'
2025-04-08 20:27:51 [stdout]           `-._        _.-'
2025-04-08 20:27:51 [stdout]               `-.__.-'
2025-04-08 20:27:51 [stdout] 
2025-04-08 20:27:51 [stdout] [8124] 08 Apr 20:27:51.855 # Server started, Redis version 3.2.100
2025-04-08 20:27:51 [stdout] [8124] 08 Apr 20:27:51.855 * DB loaded from disk: 0.001 seconds
2025-04-08 20:27:51 [stdout] [8124] 08 Apr 20:27:51.855 * The server is now ready to accept connections on port 6378
2025-04-08 20:43:17 [stdout]                 _._
2025-04-08 20:43:17 [stdout]            _.-``__ ''-._
2025-04-08 20:43:17 [stdout]       _.-``    `.  `_.  ''-._           Redis 3.2.100 (00000000/0) 64 bit
2025-04-08 20:43:17 [stdout]   .-`` .-```.  ```\/    _.,_ ''-._
2025-04-08 20:43:17 [stdout]  (    '      ,       .-`  | `,    )     Running in standalone mode
2025-04-08 20:43:17 [stdout]  |`-._`-...-` __...-.``-._|'` _.-'|     Port: 6378
2025-04-08 20:43:17 [stdout]  |    `-._   `._    /     _.-'    |     PID: 25216
2025-04-08 20:43:17 [stdout]   `-._    `-._  `-./  _.-'    _.-'
2025-04-08 20:43:17 [stdout]  |`-._`-._    `-.__.-'    _.-'_.-'|
2025-04-08 20:43:17 [stdout]  |    `-._`-._        _.-'_.-'    |           http://redis.io
2025-04-08 20:43:17 [stdout]   `-._    `-._`-.__.-'_.-'    _.-'
2025-04-08 20:43:17 [stdout]  |`-._`-._    `-.__.-'    _.-'_.-'|
2025-04-08 20:43:17 [stdout]  |    `-._`-._        _.-'_.-'    |
2025-04-08 20:43:17 [stdout]   `-._    `-._`-.__.-'_.-'    _.-'
2025-04-08 20:43:17 [stdout]       `-._    `-.__.-'    _.-'
2025-04-08 20:43:17 [stdout]           `-._        _.-'
2025-04-08 20:43:17 [stdout]               `-.__.-'
2025-04-08 20:43:17 [stdout] 
2025-04-08 20:43:17 [stdout] [25216] 08 Apr 20:43:17.424 # Server started, Redis version 3.2.100
2025-04-08 20:43:17 [stdout] [25216] 08 Apr 20:43:17.425 * DB loaded from disk: 0.001 seconds
2025-04-08 20:43:17 [stdout] [25216] 08 Apr 20:43:17.425 * The server is now ready to accept connections on port 6378
2025-04-08 20:43:41 [stdout] [12400] 08 Apr 20:43:41.328 # Creating Server TCP listening socket 127.0.0.1:6378: bind: No error
2025-04-08 20:43:42 [stdout] [20384] 08 Apr 20:43:42.615 # Creating Server TCP listening socket 127.0.0.1:6378: bind: No error
2025-04-08 20:43:43 [stdout] [23052] 08 Apr 20:43:43.879 # Creating Server TCP listening socket 127.0.0.1:6378: bind: No error
2025-04-08 20:43:45 [stdout] [2628] 08 Apr 20:43:45.172 # Creating Server TCP listening socket 127.0.0.1:6378: bind: No error
2025-04-08 20:44:03 [stdout]                 _._
2025-04-08 20:44:03 [stdout]            _.-``__ ''-._
2025-04-08 20:44:03 [stdout]       _.-``    `.  `_.  ''-._           Redis 3.2.100 (00000000/0) 64 bit
2025-04-08 20:44:03 [stdout]   .-`` .-```.  ```\/    _.,_ ''-._
2025-04-08 20:44:03 [stdout]  (    '      ,       .-`  | `,    )     Running in standalone mode
2025-04-08 20:44:03 [stdout]  |`-._`-...-` __...-.``-._|'` _.-'|     Port: 6378
2025-04-08 20:44:03 [stdout]  |    `-._   `._    /     _.-'    |     PID: 19888
2025-04-08 20:44:03 [stdout]   `-._    `-._  `-./  _.-'    _.-'
2025-04-08 20:44:03 [stdout]  |`-._`-._    `-.__.-'    _.-'_.-'|
2025-04-08 20:44:03 [stdout]  |    `-._`-._        _.-'_.-'    |           http://redis.io
2025-04-08 20:44:03 [stdout]   `-._    `-._`-.__.-'_.-'    _.-'
2025-04-08 20:44:03 [stdout]  |`-._`-._    `-.__.-'    _.-'_.-'|
2025-04-08 20:44:03 [stdout]  |    `-._`-._        _.-'_.-'    |
2025-04-08 20:44:03 [stdout]   `-._    `-._`-.__.-'_.-'    _.-'
2025-04-08 20:44:03 [stdout]       `-._    `-.__.-'    _.-'
2025-04-08 20:44:03 [stdout]           `-._        _.-'
2025-04-08 20:44:03 [stdout]               `-.__.-'
2025-04-08 20:44:03 [stdout] 
2025-04-08 20:44:03 [stdout] [19888] 08 Apr 20:44:03.654 # Server started, Redis version 3.2.100
2025-04-08 20:44:03 [stdout] [19888] 08 Apr 20:44:03.655 * DB loaded from disk: 0.001 seconds
2025-04-08 20:44:03 [stdout] [19888] 08 Apr 20:44:03.655 * The server is now ready to accept connections on port 6378
2025-04-08 20:46:26 [stdout]                 _._
2025-04-08 20:46:26 [stdout]            _.-``__ ''-._
2025-04-08 20:46:26 [stdout]       _.-``    `.  `_.  ''-._           Redis 3.2.100 (00000000/0) 64 bit
2025-04-08 20:46:26 [stdout]   .-`` .-```.  ```\/    _.,_ ''-._
2025-04-08 20:46:26 [stdout]  (    '      ,       .-`  | `,    )     Running in standalone mode
2025-04-08 20:46:26 [stdout]  |`-._`-...-` __...-.``-._|'` _.-'|     Port: 6378
2025-04-08 20:46:26 [stdout]  |    `-._   `._    /     _.-'    |     PID: 7020
2025-04-08 20:46:26 [stdout]   `-._    `-._  `-./  _.-'    _.-'
2025-04-08 20:46:26 [stdout]  |`-._`-._    `-.__.-'    _.-'_.-'|
2025-04-08 20:46:26 [stdout]  |    `-._`-._        _.-'_.-'    |           http://redis.io
2025-04-08 20:46:26 [stdout]   `-._    `-._`-.__.-'_.-'    _.-'
2025-04-08 20:46:26 [stdout]  |`-._`-._    `-.__.-'    _.-'_.-'|
2025-04-08 20:46:26 [stdout]  |    `-._`-._        _.-'_.-'    |
2025-04-08 20:46:26 [stdout]   `-._    `-._`-.__.-'_.-'    _.-'
2025-04-08 20:46:26 [stdout]       `-._    `-.__.-'    _.-'
2025-04-08 20:46:26 [stdout]           `-._        _.-'
2025-04-08 20:46:26 [stdout]               `-.__.-'
2025-04-08 20:46:26 [stdout] 
2025-04-08 20:46:26 [stdout] [7020] 08 Apr 20:46:26.847 # Server started, Redis version 3.2.100
2025-04-08 20:46:26 [stdout] [7020] 08 Apr 20:46:26.848 * DB loaded from disk: 0.001 seconds
2025-04-08 20:46:26 [stdout] [7020] 08 Apr 20:46:26.848 * The server is now ready to accept connections on port 6378
2025-04-08 20:46:36 [stdout] [7020] 08 Apr 20:46:36.921 # User requested shutdown...
2025-04-08 20:46:36 [stdout] [7020] 08 Apr 20:46:36.921 * Saving the final RDB snapshot before exiting.
2025-04-08 20:46:36 [stdout] [7020] 08 Apr 20:46:36.925 * DB saved on disk
2025-04-08 20:46:36 [stdout] [7020] 08 Apr 20:46:36.925 # Redis is now ready to exit, bye bye...
2025-04-08 20:46:40 [stdout]                 _._
2025-04-08 20:46:40 [stdout]            _.-``__ ''-._
2025-04-08 20:46:40 [stdout]       _.-``    `.  `_.  ''-._           Redis 3.2.100 (00000000/0) 64 bit
2025-04-08 20:46:40 [stdout]   .-`` .-```.  ```\/    _.,_ ''-._
2025-04-08 20:46:40 [stdout]  (    '      ,       .-`  | `,    )     Running in standalone mode
2025-04-08 20:46:40 [stdout]  |`-._`-...-` __...-.``-._|'` _.-'|     Port: 6378
2025-04-08 20:46:40 [stdout]  |    `-._   `._    /     _.-'    |     PID: 19964
2025-04-08 20:46:40 [stdout]   `-._    `-._  `-./  _.-'    _.-'
2025-04-08 20:46:40 [stdout]  |`-._`-._    `-.__.-'    _.-'_.-'|
2025-04-08 20:46:40 [stdout]  |    `-._`-._        _.-'_.-'    |           http://redis.io
2025-04-08 20:46:40 [stdout]   `-._    `-._`-.__.-'_.-'    _.-'
2025-04-08 20:46:40 [stdout]  |`-._`-._    `-.__.-'    _.-'_.-'|
2025-04-08 20:46:40 [stdout]  |    `-._`-._        _.-'_.-'    |
2025-04-08 20:46:40 [stdout]   `-._    `-._`-.__.-'_.-'    _.-'
2025-04-08 20:46:40 [stdout]       `-._    `-.__.-'    _.-'
2025-04-08 20:46:40 [stdout]           `-._        _.-'
2025-04-08 20:46:40 [stdout]               `-.__.-'
2025-04-08 20:46:40 [stdout] 
2025-04-08 20:46:40 [stdout] [19964] 08 Apr 20:46:40.873 # Server started, Redis version 3.2.100
2025-04-08 20:46:40 [stdout] [19964] 08 Apr 20:46:40.874 * DB loaded from disk: 0.001 seconds
2025-04-08 20:46:40 [stdout] [19964] 08 Apr 20:46:40.874 * The server is now ready to accept connections on port 6378
2025-04-08 20:48:46 [stdout]                 _._
2025-04-08 20:48:46 [stdout]            _.-``__ ''-._
2025-04-08 20:48:46 [stdout]       _.-``    `.  `_.  ''-._           Redis 3.2.100 (00000000/0) 64 bit
2025-04-08 20:48:46 [stdout]   .-`` .-```.  ```\/    _.,_ ''-._
2025-04-08 20:48:46 [stdout]  (    '      ,       .-`  | `,    )     Running in standalone mode
2025-04-08 20:48:46 [stdout]  |`-._`-...-` __...-.``-._|'` _.-'|     Port: 6378
2025-04-08 20:48:46 [stdout]  |    `-._   `._    /     _.-'    |     PID: 1500
2025-04-08 20:48:46 [stdout]   `-._    `-._  `-./  _.-'    _.-'
2025-04-08 20:48:46 [stdout]  |`-._`-._    `-.__.-'    _.-'_.-'|
2025-04-08 20:48:46 [stdout]  |    `-._`-._        _.-'_.-'    |           http://redis.io
2025-04-08 20:48:46 [stdout]   `-._    `-._`-.__.-'_.-'    _.-'
2025-04-08 20:48:46 [stdout]  |`-._`-._    `-.__.-'    _.-'_.-'|
2025-04-08 20:48:46 [stdout]  |    `-._`-._        _.-'_.-'    |
2025-04-08 20:48:46 [stdout]   `-._    `-._`-.__.-'_.-'    _.-'
2025-04-08 20:48:46 [stdout]       `-._    `-.__.-'    _.-'
2025-04-08 20:48:46 [stdout]           `-._        _.-'
2025-04-08 20:48:46 [stdout]               `-.__.-'
2025-04-08 20:48:46 [stdout] 
2025-04-08 20:48:46 [stdout] [1500] 08 Apr 20:48:46.351 # Server started, Redis version 3.2.100
2025-04-08 20:48:46 [stdout] [1500] 08 Apr 20:48:46.352 * DB loaded from disk: 0.002 seconds
2025-04-08 20:48:46 [stdout] [1500] 08 Apr 20:48:46.352 * The server is now ready to accept connections on port 6378
2025-04-08 20:49:01 [stdout]                 _._
2025-04-08 20:49:01 [stdout]            _.-``__ ''-._
2025-04-08 20:49:01 [stdout]       _.-``    `.  `_.  ''-._           Redis 3.2.100 (00000000/0) 64 bit
2025-04-08 20:49:01 [stdout]   .-`` .-```.  ```\/    _.,_ ''-._
2025-04-08 20:49:01 [stdout]  (    '      ,       .-`  | `,    )     Running in standalone mode
2025-04-08 20:49:01 [stdout]  |`-._`-...-` __...-.``-._|'` _.-'|     Port: 6378
2025-04-08 20:49:01 [stdout]  |    `-._   `._    /     _.-'    |     PID: 19964
2025-04-08 20:49:01 [stdout]   `-._    `-._  `-./  _.-'    _.-'
2025-04-08 20:49:01 [stdout]  |`-._`-._    `-.__.-'    _.-'_.-'|
2025-04-08 20:49:01 [stdout]  |    `-._`-._        _.-'_.-'    |           http://redis.io
2025-04-08 20:49:01 [stdout]   `-._    `-._`-.__.-'_.-'    _.-'
2025-04-08 20:49:01 [stdout]  |`-._`-._    `-.__.-'    _.-'_.-'|
2025-04-08 20:49:01 [stdout]  |    `-._`-._        _.-'_.-'    |
2025-04-08 20:49:01 [stdout]   `-._    `-._`-.__.-'_.-'    _.-'
2025-04-08 20:49:01 [stdout]       `-._    `-.__.-'    _.-'
2025-04-08 20:49:01 [stdout]           `-._        _.-'
2025-04-08 20:49:01 [stdout]               `-.__.-'
2025-04-08 20:49:01 [stdout] 
2025-04-08 20:49:01 [stdout] [19964] 08 Apr 20:49:01.294 # Server started, Redis version 3.2.100
2025-04-08 20:49:01 [stdout] [19964] 08 Apr 20:49:01.295 * DB loaded from disk: 0.001 seconds
2025-04-08 20:49:01 [stdout] [19964] 08 Apr 20:49:01.295 * The server is now ready to accept connections on port 6378
2025-04-08 20:50:38 [stdout]                 _._
2025-04-08 20:50:38 [stdout]            _.-``__ ''-._
2025-04-08 20:50:38 [stdout]       _.-``    `.  `_.  ''-._           Redis 3.2.100 (00000000/0) 64 bit
2025-04-08 20:50:38 [stdout]   .-`` .-```.  ```\/    _.,_ ''-._
2025-04-08 20:50:38 [stdout]  (    '      ,       .-`  | `,    )     Running in standalone mode
2025-04-08 20:50:38 [stdout]  |`-._`-...-` __...-.``-._|'` _.-'|     Port: 6378
2025-04-08 20:50:38 [stdout]  |    `-._   `._    /     _.-'    |     PID: 23380
2025-04-08 20:50:38 [stdout]   `-._    `-._  `-./  _.-'    _.-'
2025-04-08 20:50:38 [stdout]  |`-._`-._    `-.__.-'    _.-'_.-'|
2025-04-08 20:50:38 [stdout]  |    `-._`-._        _.-'_.-'    |           http://redis.io
2025-04-08 20:50:38 [stdout]   `-._    `-._`-.__.-'_.-'    _.-'
2025-04-08 20:50:38 [stdout]  |`-._`-._    `-.__.-'    _.-'_.-'|
2025-04-08 20:50:38 [stdout]  |    `-._`-._        _.-'_.-'    |
2025-04-08 20:50:38 [stdout]   `-._    `-._`-.__.-'_.-'    _.-'
2025-04-08 20:50:38 [stdout]       `-._    `-.__.-'    _.-'
2025-04-08 20:50:38 [stdout]           `-._        _.-'
2025-04-08 20:50:38 [stdout]               `-.__.-'
2025-04-08 20:50:38 [stdout] 
2025-04-08 20:50:38 [stdout] [23380] 08 Apr 20:50:38.659 # Server started, Redis version 3.2.100
2025-04-08 20:50:38 [stdout] [23380] 08 Apr 20:50:38.660 * DB loaded from disk: 0.001 seconds
2025-04-08 20:50:38 [stdout] [23380] 08 Apr 20:50:38.660 * The server is now ready to accept connections on port 6378
2025-04-08 20:50:49 [stdout]                 _._
2025-04-08 20:50:49 [stdout]            _.-``__ ''-._
2025-04-08 20:50:49 [stdout]       _.-``    `.  `_.  ''-._           Redis 3.2.100 (00000000/0) 64 bit
2025-04-08 20:50:49 [stdout]   .-`` .-```.  ```\/    _.,_ ''-._
2025-04-08 20:50:49 [stdout]  (    '      ,       .-`  | `,    )     Running in standalone mode
2025-04-08 20:50:49 [stdout]  |`-._`-...-` __...-.``-._|'` _.-'|     Port: 6378
2025-04-08 20:50:49 [stdout]  |    `-._   `._    /     _.-'    |     PID: 25236
2025-04-08 20:50:49 [stdout]   `-._    `-._  `-./  _.-'    _.-'
2025-04-08 20:50:49 [stdout]  |`-._`-._    `-.__.-'    _.-'_.-'|
2025-04-08 20:50:49 [stdout]  |    `-._`-._        _.-'_.-'    |           http://redis.io
2025-04-08 20:50:49 [stdout]   `-._    `-._`-.__.-'_.-'    _.-'
2025-04-08 20:50:49 [stdout]  |`-._`-._    `-.__.-'    _.-'_.-'|
2025-04-08 20:50:49 [stdout]  |    `-._`-._        _.-'_.-'    |
2025-04-08 20:50:49 [stdout]   `-._    `-._`-.__.-'_.-'    _.-'
2025-04-08 20:50:49 [stdout]       `-._    `-.__.-'    _.-'
2025-04-08 20:50:49 [stdout]           `-._        _.-'
2025-04-08 20:50:49 [stdout]               `-.__.-'
2025-04-08 20:50:49 [stdout] 
2025-04-08 20:50:49 [stdout] [25236] 08 Apr 20:50:49.809 # Server started, Redis version 3.2.100
2025-04-08 20:50:49 [stdout] [25236] 08 Apr 20:50:49.810 * DB loaded from disk: 0.001 seconds
2025-04-08 20:50:49 [stdout] [25236] 08 Apr 20:50:49.810 * The server is now ready to accept connections on port 6378
2025-04-08 20:54:08 [stdout]                 _._
2025-04-08 20:54:08 [stdout]            _.-``__ ''-._
2025-04-08 20:54:08 [stdout]       _.-``    `.  `_.  ''-._           Redis 3.2.100 (00000000/0) 64 bit
2025-04-08 20:54:08 [stdout]   .-`` .-```.  ```\/    _.,_ ''-._
2025-04-08 20:54:08 [stdout]  (    '      ,       .-`  | `,    )     Running in standalone mode
2025-04-08 20:54:08 [stdout]  |`-._`-...-` __...-.``-._|'` _.-'|     Port: 6378
2025-04-08 20:54:08 [stdout]  |    `-._   `._    /     _.-'    |     PID: 26292
2025-04-08 20:54:08 [stdout]   `-._    `-._  `-./  _.-'    _.-'
2025-04-08 20:54:08 [stdout]  |`-._`-._    `-.__.-'    _.-'_.-'|
2025-04-08 20:54:08 [stdout]  |    `-._`-._        _.-'_.-'    |           http://redis.io
2025-04-08 20:54:08 [stdout]   `-._    `-._`-.__.-'_.-'    _.-'
2025-04-08 20:54:08 [stdout]  |`-._`-._    `-.__.-'    _.-'_.-'|
2025-04-08 20:54:08 [stdout]  |    `-._`-._        _.-'_.-'    |
2025-04-08 20:54:08 [stdout]   `-._    `-._`-.__.-'_.-'    _.-'
2025-04-08 20:54:08 [stdout]       `-._    `-.__.-'    _.-'
2025-04-08 20:54:08 [stdout]           `-._        _.-'
2025-04-08 20:54:08 [stdout]               `-.__.-'
2025-04-08 20:54:08 [stdout] 
2025-04-08 20:54:08 [stdout] [26292] 08 Apr 20:54:08.343 # Server started, Redis version 3.2.100
2025-04-08 20:54:08 [stdout] [26292] 08 Apr 20:54:08.353 * DB loaded from disk: 0.010 seconds
2025-04-08 20:54:08 [stdout] [26292] 08 Apr 20:54:08.353 * The server is now ready to accept connections on port 6378
2025-04-08 20:54:21 [stdout]                 _._
2025-04-08 20:54:21 [stdout]            _.-``__ ''-._
2025-04-08 20:54:21 [stdout]       _.-``    `.  `_.  ''-._           Redis 3.2.100 (00000000/0) 64 bit
2025-04-08 20:54:21 [stdout]   .-`` .-```.  ```\/    _.,_ ''-._
2025-04-08 20:54:21 [stdout]  (    '      ,       .-`  | `,    )     Running in standalone mode
2025-04-08 20:54:21 [stdout]  |`-._`-...-` __...-.``-._|'` _.-'|     Port: 6378
2025-04-08 20:54:21 [stdout]  |    `-._   `._    /     _.-'    |     PID: 20240
2025-04-08 20:54:21 [stdout]   `-._    `-._  `-./  _.-'    _.-'
2025-04-08 20:54:21 [stdout]  |`-._`-._    `-.__.-'    _.-'_.-'|
2025-04-08 20:54:21 [stdout]  |    `-._`-._        _.-'_.-'    |           http://redis.io
2025-04-08 20:54:21 [stdout]   `-._    `-._`-.__.-'_.-'    _.-'
2025-04-08 20:54:21 [stdout]  |`-._`-._    `-.__.-'    _.-'_.-'|
2025-04-08 20:54:21 [stdout]  |    `-._`-._        _.-'_.-'    |
2025-04-08 20:54:21 [stdout]   `-._    `-._`-.__.-'_.-'    _.-'
2025-04-08 20:54:21 [stdout]       `-._    `-.__.-'    _.-'
2025-04-08 20:54:21 [stdout]           `-._        _.-'
2025-04-08 20:54:21 [stdout]               `-.__.-'
2025-04-08 20:54:21 [stdout] 
2025-04-08 20:54:21 [stdout] [20240] 08 Apr 20:54:21.829 # Server started, Redis version 3.2.100
2025-04-08 20:54:21 [stdout] [20240] 08 Apr 20:54:21.830 * DB loaded from disk: 0.001 seconds
2025-04-08 20:54:21 [stdout] [20240] 08 Apr 20:54:21.830 * The server is now ready to accept connections on port 6378
2025-04-08 20:58:03 [stdout]                 _._
2025-04-08 20:58:03 [stdout]            _.-``__ ''-._
2025-04-08 20:58:03 [stdout]       _.-``    `.  `_.  ''-._           Redis 3.2.100 (00000000/0) 64 bit
2025-04-08 20:58:03 [stdout]   .-`` .-```.  ```\/    _.,_ ''-._
2025-04-08 20:58:03 [stdout]  (    '      ,       .-`  | `,    )     Running in standalone mode
2025-04-08 20:58:03 [stdout]  |`-._`-...-` __...-.``-._|'` _.-'|     Port: 6378
2025-04-08 20:58:03 [stdout]  |    `-._   `._    /     _.-'    |     PID: 7296
2025-04-08 20:58:03 [stdout]   `-._    `-._  `-./  _.-'    _.-'
2025-04-08 20:58:03 [stdout]  |`-._`-._    `-.__.-'    _.-'_.-'|
2025-04-08 20:58:03 [stdout]  |    `-._`-._        _.-'_.-'    |           http://redis.io
2025-04-08 20:58:03 [stdout]   `-._    `-._`-.__.-'_.-'    _.-'
2025-04-08 20:58:03 [stdout]  |`-._`-._    `-.__.-'    _.-'_.-'|
2025-04-08 20:58:03 [stdout]  |    `-._`-._        _.-'_.-'    |
2025-04-08 20:58:03 [stdout]   `-._    `-._`-.__.-'_.-'    _.-'
2025-04-08 20:58:03 [stdout]       `-._    `-.__.-'    _.-'
2025-04-08 20:58:03 [stdout]           `-._        _.-'
2025-04-08 20:58:03 [stdout]               `-.__.-'
2025-04-08 20:58:03 [stdout] 
2025-04-08 20:58:03 [stdout] [7296] 08 Apr 20:58:03.516 # Server started, Redis version 3.2.100
2025-04-08 20:58:03 [stdout] [7296] 08 Apr 20:58:03.517 * DB loaded from disk: 0.001 seconds
2025-04-08 20:58:03 [stdout] [7296] 08 Apr 20:58:03.517 * The server is now ready to accept connections on port 6378
2025-04-08 20:58:08 [stdout] [7296] 08 Apr 20:58:08.523 # User requested shutdown...
2025-04-08 20:58:08 [stdout] [7296] 08 Apr 20:58:08.523 * Saving the final RDB snapshot before exiting.
2025-04-08 20:58:08 [stdout] [7296] 08 Apr 20:58:08.527 * DB saved on disk
2025-04-08 20:58:08 [stdout] [7296] 08 Apr 20:58:08.527 # Redis is now ready to exit, bye bye...
2025-04-08 20:58:10 [stdout]                 _._
2025-04-08 20:58:10 [stdout]            _.-``__ ''-._
2025-04-08 20:58:10 [stdout]       _.-``    `.  `_.  ''-._           Redis 3.2.100 (00000000/0) 64 bit
2025-04-08 20:58:10 [stdout]   .-`` .-```.  ```\/    _.,_ ''-._
2025-04-08 20:58:10 [stdout]  (    '      ,       .-`  | `,    )     Running in standalone mode
2025-04-08 20:58:10 [stdout]  |`-._`-...-` __...-.``-._|'` _.-'|     Port: 6378
2025-04-08 20:58:10 [stdout]  |    `-._   `._    /     _.-'    |     PID: 21996
2025-04-08 20:58:10 [stdout]   `-._    `-._  `-./  _.-'    _.-'
2025-04-08 20:58:10 [stdout]  |`-._`-._    `-.__.-'    _.-'_.-'|
2025-04-08 20:58:10 [stdout]  |    `-._`-._        _.-'_.-'    |           http://redis.io
2025-04-08 20:58:10 [stdout]   `-._    `-._`-.__.-'_.-'    _.-'
2025-04-08 20:58:10 [stdout]  |`-._`-._    `-.__.-'    _.-'_.-'|
2025-04-08 20:58:10 [stdout]  |    `-._`-._        _.-'_.-'    |
2025-04-08 20:58:10 [stdout]   `-._    `-._`-.__.-'_.-'    _.-'
2025-04-08 20:58:10 [stdout]       `-._    `-.__.-'    _.-'
2025-04-08 20:58:10 [stdout]           `-._        _.-'
2025-04-08 20:58:10 [stdout]               `-.__.-'
2025-04-08 20:58:10 [stdout] 
2025-04-08 20:58:10 [stdout] [21996] 08 Apr 20:58:10.661 # Server started, Redis version 3.2.100
2025-04-08 20:58:10 [stdout] [21996] 08 Apr 20:58:10.662 * DB loaded from disk: 0.001 seconds
2025-04-08 20:58:10 [stdout] [21996] 08 Apr 20:58:10.662 * The server is now ready to accept connections on port 6378
2025-04-08 20:58:15 [stdout] [23464] 08 Apr 20:58:15.594 # Creating Server TCP listening socket 127.0.0.1:6378: bind: No error
2025-04-08 20:58:23 [stdout]                 _._
2025-04-08 20:58:23 [stdout]            _.-``__ ''-._
2025-04-08 20:58:23 [stdout]       _.-``    `.  `_.  ''-._           Redis 3.2.100 (00000000/0) 64 bit
2025-04-08 20:58:23 [stdout]   .-`` .-```.  ```\/    _.,_ ''-._
2025-04-08 20:58:23 [stdout]  (    '      ,       .-`  | `,    )     Running in standalone mode
2025-04-08 20:58:23 [stdout]  |`-._`-...-` __...-.``-._|'` _.-'|     Port: 6378
2025-04-08 20:58:23 [stdout]  |    `-._   `._    /     _.-'    |     PID: 17976
2025-04-08 20:58:23 [stdout]   `-._    `-._  `-./  _.-'    _.-'
2025-04-08 20:58:23 [stdout]  |`-._`-._    `-.__.-'    _.-'_.-'|
2025-04-08 20:58:23 [stdout]  |    `-._`-._        _.-'_.-'    |           http://redis.io
2025-04-08 20:58:23 [stdout]   `-._    `-._`-.__.-'_.-'    _.-'
2025-04-08 20:58:23 [stdout]  |`-._`-._    `-.__.-'    _.-'_.-'|
2025-04-08 20:58:23 [stdout]  |    `-._`-._        _.-'_.-'    |
2025-04-08 20:58:23 [stdout]   `-._    `-._`-.__.-'_.-'    _.-'
2025-04-08 20:58:23 [stdout]       `-._    `-.__.-'    _.-'
2025-04-08 20:58:23 [stdout]           `-._        _.-'
2025-04-08 20:58:23 [stdout]               `-.__.-'
2025-04-08 20:58:23 [stdout] 
2025-04-08 20:58:23 [stdout] [17976] 08 Apr 20:58:23.810 # Server started, Redis version 3.2.100
2025-04-08 20:58:23 [stdout] [17976] 08 Apr 20:58:23.810 * DB loaded from disk: 0.001 seconds
2025-04-08 20:58:23 [stdout] [17976] 08 Apr 20:58:23.810 * The server is now ready to accept connections on port 6378
2025-04-08 20:58:26 [stdout] [4200] 08 Apr 20:58:26.516 # Creating Server TCP listening socket 127.0.0.1:6378: bind: No error
2025-04-08 20:58:49 [stdout]                 _._
2025-04-08 20:58:49 [stdout]            _.-``__ ''-._
2025-04-08 20:58:49 [stdout]       _.-``    `.  `_.  ''-._           Redis 3.2.100 (00000000/0) 64 bit
2025-04-08 20:58:49 [stdout]   .-`` .-```.  ```\/    _.,_ ''-._
2025-04-08 20:58:49 [stdout]  (    '      ,       .-`  | `,    )     Running in standalone mode
2025-04-08 20:58:49 [stdout]  |`-._`-...-` __...-.``-._|'` _.-'|     Port: 6378
2025-04-08 20:58:49 [stdout]  |    `-._   `._    /     _.-'    |     PID: 14884
2025-04-08 20:58:49 [stdout]   `-._    `-._  `-./  _.-'    _.-'
2025-04-08 20:58:49 [stdout]  |`-._`-._    `-.__.-'    _.-'_.-'|
2025-04-08 20:58:49 [stdout]  |    `-._`-._        _.-'_.-'    |           http://redis.io
2025-04-08 20:58:49 [stdout]   `-._    `-._`-.__.-'_.-'    _.-'
2025-04-08 20:58:49 [stdout]  |`-._`-._    `-.__.-'    _.-'_.-'|
2025-04-08 20:58:49 [stdout]  |    `-._`-._        _.-'_.-'    |
2025-04-08 20:58:49 [stdout]   `-._    `-._`-.__.-'_.-'    _.-'
2025-04-08 20:58:49 [stdout]       `-._    `-.__.-'    _.-'
2025-04-08 20:58:49 [stdout]           `-._        _.-'
2025-04-08 20:58:49 [stdout]               `-.__.-'
2025-04-08 20:58:49 [stdout] 
2025-04-08 20:58:49 [stdout] [14884] 08 Apr 20:58:49.697 # Server started, Redis version 3.2.100
2025-04-08 20:58:49 [stdout] [14884] 08 Apr 20:58:49.698 * DB loaded from disk: 0.001 seconds
2025-04-08 20:58:49 [stdout] [14884] 08 Apr 20:58:49.698 * The server is now ready to accept connections on port 6378
2025-04-08 21:02:14 [stdout] [18088] 08 Apr 21:02:14.426 # Creating Server TCP listening socket 127.0.0.1:6378: bind: No error
2025-04-08 21:02:15 [stdout]                 _._
2025-04-08 21:02:15 [stdout]            _.-``__ ''-._
2025-04-08 21:02:15 [stdout]       _.-``    `.  `_.  ''-._           Redis 3.2.100 (00000000/0) 64 bit
2025-04-08 21:02:15 [stdout]   .-`` .-```.  ```\/    _.,_ ''-._
2025-04-08 21:02:15 [stdout]  (    '      ,       .-`  | `,    )     Running in standalone mode
2025-04-08 21:02:15 [stdout]  |`-._`-...-` __...-.``-._|'` _.-'|     Port: 6378
2025-04-08 21:02:15 [stdout]  |    `-._   `._    /     _.-'    |     PID: 25276
2025-04-08 21:02:15 [stdout]   `-._    `-._  `-./  _.-'    _.-'
2025-04-08 21:02:15 [stdout]  |`-._`-._    `-.__.-'    _.-'_.-'|
2025-04-08 21:02:15 [stdout]  |    `-._`-._        _.-'_.-'    |           http://redis.io
2025-04-08 21:02:15 [stdout]   `-._    `-._`-.__.-'_.-'    _.-'
2025-04-08 21:02:15 [stdout]  |`-._`-._    `-.__.-'    _.-'_.-'|
2025-04-08 21:02:15 [stdout]  |    `-._`-._        _.-'_.-'    |
2025-04-08 21:02:15 [stdout]   `-._    `-._`-.__.-'_.-'    _.-'
2025-04-08 21:02:15 [stdout]       `-._    `-.__.-'    _.-'
2025-04-08 21:02:15 [stdout]           `-._        _.-'
2025-04-08 21:02:15 [stdout]               `-.__.-'
2025-04-08 21:02:15 [stdout] 
2025-04-08 21:02:15 [stdout] [25276] 08 Apr 21:02:15.695 # Server started, Redis version 3.2.100
2025-04-08 21:02:15 [stdout] [25276] 08 Apr 21:02:15.695 * DB loaded from disk: 0.001 seconds
2025-04-08 21:02:15 [stdout] [25276] 08 Apr 21:02:15.695 * The server is now ready to accept connections on port 6378
2025-04-08 21:02:19 [stdout]                 _._
2025-04-08 21:02:19 [stdout]            _.-``__ ''-._
2025-04-08 21:02:19 [stdout]       _.-``    `.  `_.  ''-._           Redis 3.2.100 (00000000/0) 64 bit
2025-04-08 21:02:19 [stdout]   .-`` .-```.  ```\/    _.,_ ''-._
2025-04-08 21:02:19 [stdout]  (    '      ,       .-`  | `,    )     Running in standalone mode
2025-04-08 21:02:19 [stdout]  |`-._`-...-` __...-.``-._|'` _.-'|     Port: 6378
2025-04-08 21:02:19 [stdout]  |    `-._   `._    /     _.-'    |     PID: 7012
2025-04-08 21:02:19 [stdout]   `-._    `-._  `-./  _.-'    _.-'
2025-04-08 21:02:19 [stdout]  |`-._`-._    `-.__.-'    _.-'_.-'|
2025-04-08 21:02:19 [stdout]  |    `-._`-._        _.-'_.-'    |           http://redis.io
2025-04-08 21:02:19 [stdout]   `-._    `-._`-.__.-'_.-'    _.-'
2025-04-08 21:02:19 [stdout]  |`-._`-._    `-.__.-'    _.-'_.-'|
2025-04-08 21:02:19 [stdout]  |    `-._`-._        _.-'_.-'    |
2025-04-08 21:02:19 [stdout]   `-._    `-._`-.__.-'_.-'    _.-'
2025-04-08 21:02:19 [stdout]       `-._    `-.__.-'    _.-'
2025-04-08 21:02:19 [stdout]           `-._        _.-'
2025-04-08 21:02:19 [stdout]               `-.__.-'
2025-04-08 21:02:19 [stdout] 
2025-04-08 21:02:19 [stdout] [7012] 08 Apr 21:02:19.328 # Server started, Redis version 3.2.100
2025-04-08 21:02:19 [stdout] [7012] 08 Apr 21:02:19.329 * DB loaded from disk: 0.001 seconds
2025-04-08 21:02:19 [stdout] [7012] 08 Apr 21:02:19.329 * The server is now ready to accept connections on port 6378
2025-04-08 21:03:49 [stdout] [7012] 08 Apr 21:03:49.276 # User requested shutdown...
2025-04-08 21:03:49 [stdout] [7012] 08 Apr 21:03:49.276 * Saving the final RDB snapshot before exiting.
2025-04-08 21:03:49 [stdout] [7012] 08 Apr 21:03:49.280 * DB saved on disk
2025-04-08 21:03:49 [stdout] [7012] 08 Apr 21:03:49.280 # Redis is now ready to exit, bye bye...
2025-04-08 21:04:36 [stdout]                 _._
2025-04-08 21:04:36 [stdout]            _.-``__ ''-._
2025-04-08 21:04:36 [stdout]       _.-``    `.  `_.  ''-._           Redis 3.2.100 (00000000/0) 64 bit
2025-04-08 21:04:36 [stdout]   .-`` .-```.  ```\/    _.,_ ''-._
2025-04-08 21:04:36 [stdout]  (    '      ,       .-`  | `,    )     Running in standalone mode
2025-04-08 21:04:36 [stdout]  |`-._`-...-` __...-.``-._|'` _.-'|     Port: 6378
2025-04-08 21:04:36 [stdout]  |    `-._   `._    /     _.-'    |     PID: 27744
2025-04-08 21:04:36 [stdout]   `-._    `-._  `-./  _.-'    _.-'
2025-04-08 21:04:36 [stdout]  |`-._`-._    `-.__.-'    _.-'_.-'|
2025-04-08 21:04:36 [stdout]  |    `-._`-._        _.-'_.-'    |           http://redis.io
2025-04-08 21:04:36 [stdout]   `-._    `-._`-.__.-'_.-'    _.-'
2025-04-08 21:04:36 [stdout]  |`-._`-._    `-.__.-'    _.-'_.-'|
2025-04-08 21:04:36 [stdout]  |    `-._`-._        _.-'_.-'    |
2025-04-08 21:04:36 [stdout]   `-._    `-._`-.__.-'_.-'    _.-'
2025-04-08 21:04:36 [stdout]       `-._    `-.__.-'    _.-'
2025-04-08 21:04:36 [stdout]           `-._        _.-'
2025-04-08 21:04:36 [stdout]               `-.__.-'
2025-04-08 21:04:36 [stdout] 
2025-04-08 21:04:36 [stdout] [27744] 08 Apr 21:04:36.577 # Server started, Redis version 3.2.100
2025-04-08 21:04:36 [stdout] [27744] 08 Apr 21:04:36.577 * DB loaded from disk: 0.001 seconds
2025-04-08 21:04:36 [stdout] [27744] 08 Apr 21:04:36.577 * The server is now ready to accept connections on port 6378
2025-04-08 21:04:42 [stdout]                 _._
2025-04-08 21:04:42 [stdout]            _.-``__ ''-._
2025-04-08 21:04:42 [stdout]       _.-``    `.  `_.  ''-._           Redis 3.2.100 (00000000/0) 64 bit
2025-04-08 21:04:42 [stdout]   .-`` .-```.  ```\/    _.,_ ''-._
2025-04-08 21:04:42 [stdout]  (    '      ,       .-`  | `,    )     Running in standalone mode
2025-04-08 21:04:42 [stdout]  |`-._`-...-` __...-.``-._|'` _.-'|     Port: 6378
2025-04-08 21:04:42 [stdout]  |    `-._   `._    /     _.-'    |     PID: 13816
2025-04-08 21:04:42 [stdout]   `-._    `-._  `-./  _.-'    _.-'
2025-04-08 21:04:42 [stdout]  |`-._`-._    `-.__.-'    _.-'_.-'|
2025-04-08 21:04:42 [stdout]  |    `-._`-._        _.-'_.-'    |           http://redis.io
2025-04-08 21:04:42 [stdout]   `-._    `-._`-.__.-'_.-'    _.-'
2025-04-08 21:04:42 [stdout]  |`-._`-._    `-.__.-'    _.-'_.-'|
2025-04-08 21:04:42 [stdout]  |    `-._`-._        _.-'_.-'    |
2025-04-08 21:04:42 [stdout]   `-._    `-._`-.__.-'_.-'    _.-'
2025-04-08 21:04:42 [stdout]       `-._    `-.__.-'    _.-'
2025-04-08 21:04:42 [stdout]           `-._        _.-'
2025-04-08 21:04:42 [stdout]               `-.__.-'
2025-04-08 21:04:42 [stdout] 
2025-04-08 21:04:42 [stdout] [13816] 08 Apr 21:04:42.941 # Server started, Redis version 3.2.100
2025-04-08 21:04:42 [stdout] [13816] 08 Apr 21:04:42.942 * DB loaded from disk: 0.001 seconds
2025-04-08 21:04:42 [stdout] [13816] 08 Apr 21:04:42.942 * The server is now ready to accept connections on port 6378
2025-04-08 21:07:06 [stdout]                 _._
2025-04-08 21:07:06 [stdout]            _.-``__ ''-._
2025-04-08 21:07:06 [stdout]       _.-``    `.  `_.  ''-._           Redis 3.2.100 (00000000/0) 64 bit
2025-04-08 21:07:06 [stdout]   .-`` .-```.  ```\/    _.,_ ''-._
2025-04-08 21:07:06 [stdout]  (    '      ,       .-`  | `,    )     Running in standalone mode
2025-04-08 21:07:06 [stdout]  |`-._`-...-` __...-.``-._|'` _.-'|     Port: 6378
2025-04-08 21:07:06 [stdout]  |    `-._   `._    /     _.-'    |     PID: 16324
2025-04-08 21:07:06 [stdout]   `-._    `-._  `-./  _.-'    _.-'
2025-04-08 21:07:06 [stdout]  |`-._`-._    `-.__.-'    _.-'_.-'|
2025-04-08 21:07:06 [stdout]  |    `-._`-._        _.-'_.-'    |           http://redis.io
2025-04-08 21:07:06 [stdout]   `-._    `-._`-.__.-'_.-'    _.-'
2025-04-08 21:07:06 [stdout]  |`-._`-._    `-.__.-'    _.-'_.-'|
2025-04-08 21:07:06 [stdout]  |    `-._`-._        _.-'_.-'    |
2025-04-08 21:07:06 [stdout]   `-._    `-._`-.__.-'_.-'    _.-'
2025-04-08 21:07:06 [stdout]       `-._    `-.__.-'    _.-'
2025-04-08 21:07:06 [stdout]           `-._        _.-'
2025-04-08 21:07:06 [stdout]               `-.__.-'
2025-04-08 21:07:06 [stdout] 
2025-04-08 21:07:06 [stdout] [16324] 08 Apr 21:07:06.938 # Server started, Redis version 3.2.100
2025-04-08 21:07:06 [stdout] [16324] 08 Apr 21:07:06.938 * DB loaded from disk: 0.001 seconds
2025-04-08 21:07:06 [stdout] [16324] 08 Apr 21:07:06.938 * The server is now ready to accept connections on port 6378
2025-04-08 21:10:10 [stdout]                 _._
2025-04-08 21:10:10 [stdout]            _.-``__ ''-._
2025-04-08 21:10:10 [stdout]       _.-``    `.  `_.  ''-._           Redis 3.2.100 (00000000/0) 64 bit
2025-04-08 21:10:10 [stdout]   .-`` .-```.  ```\/    _.,_ ''-._
2025-04-08 21:10:10 [stdout]  (    '      ,       .-`  | `,    )     Running in standalone mode
2025-04-08 21:10:10 [stdout]  |`-._`-...-` __...-.``-._|'` _.-'|     Port: 6378
2025-04-08 21:10:10 [stdout]  |    `-._   `._    /     _.-'    |     PID: 31204
2025-04-08 21:10:10 [stdout]   `-._    `-._  `-./  _.-'    _.-'
2025-04-08 21:10:10 [stdout]  |`-._`-._    `-.__.-'    _.-'_.-'|
2025-04-08 21:10:10 [stdout]  |    `-._`-._        _.-'_.-'    |           http://redis.io
2025-04-08 21:10:10 [stdout]   `-._    `-._`-.__.-'_.-'    _.-'
2025-04-08 21:10:10 [stdout]  |`-._`-._    `-.__.-'    _.-'_.-'|
2025-04-08 21:10:10 [stdout]  |    `-._`-._        _.-'_.-'    |
2025-04-08 21:10:10 [stdout]   `-._    `-._`-.__.-'_.-'    _.-'
2025-04-08 21:10:10 [stdout]       `-._    `-.__.-'    _.-'
2025-04-08 21:10:10 [stdout]           `-._        _.-'
2025-04-08 21:10:10 [stdout]               `-.__.-'
2025-04-08 21:10:10 [stdout] 
2025-04-08 21:10:10 [stdout] [31204] 08 Apr 21:10:10.236 # Server started, Redis version 3.2.100
2025-04-08 21:10:10 [stdout] [31204] 08 Apr 21:10:10.237 * DB loaded from disk: 0.001 seconds
2025-04-08 21:10:10 [stdout] [31204] 08 Apr 21:10:10.237 * The server is now ready to accept connections on port 6378
2025-04-08 21:14:36 [stdout]                 _._
2025-04-08 21:14:36 [stdout]            _.-``__ ''-._
2025-04-08 21:14:36 [stdout]       _.-``    `.  `_.  ''-._           Redis 3.2.100 (00000000/0) 64 bit
2025-04-08 21:14:36 [stdout]   .-`` .-```.  ```\/    _.,_ ''-._
2025-04-08 21:14:36 [stdout]  (    '      ,       .-`  | `,    )     Running in standalone mode
2025-04-08 21:14:36 [stdout]  |`-._`-...-` __...-.``-._|'` _.-'|     Port: 6378
2025-04-08 21:14:36 [stdout]  |    `-._   `._    /     _.-'    |     PID: 28040
2025-04-08 21:14:36 [stdout]   `-._    `-._  `-./  _.-'    _.-'
2025-04-08 21:14:36 [stdout]  |`-._`-._    `-.__.-'    _.-'_.-'|
2025-04-08 21:14:36 [stdout]  |    `-._`-._        _.-'_.-'    |           http://redis.io
2025-04-08 21:14:36 [stdout]   `-._    `-._`-.__.-'_.-'    _.-'
2025-04-08 21:14:36 [stdout]  |`-._`-._    `-.__.-'    _.-'_.-'|
2025-04-08 21:14:36 [stdout]  |    `-._`-._        _.-'_.-'    |
2025-04-08 21:14:36 [stdout]   `-._    `-._`-.__.-'_.-'    _.-'
2025-04-08 21:14:36 [stdout]       `-._    `-.__.-'    _.-'
2025-04-08 21:14:36 [stdout]           `-._        _.-'
2025-04-08 21:14:36 [stdout]               `-.__.-'
2025-04-08 21:14:36 [stdout] 
2025-04-08 21:14:36 [stdout] [28040] 08 Apr 21:14:36.754 # Server started, Redis version 3.2.100
2025-04-08 21:14:36 [stdout] [28040] 08 Apr 21:14:36.755 * DB loaded from disk: 0.001 seconds
2025-04-08 21:14:36 [stdout] [28040] 08 Apr 21:14:36.755 * The server is now ready to accept connections on port 6378
2025-04-08 21:18:22 [stdout]                 _._
2025-04-08 21:18:22 [stdout]            _.-``__ ''-._
2025-04-08 21:18:22 [stdout]       _.-``    `.  `_.  ''-._           Redis 3.2.100 (00000000/0) 64 bit
2025-04-08 21:18:22 [stdout]   .-`` .-```.  ```\/    _.,_ ''-._
2025-04-08 21:18:22 [stdout]  (    '      ,       .-`  | `,    )     Running in standalone mode
2025-04-08 21:18:22 [stdout]  |`-._`-...-` __...-.``-._|'` _.-'|     Port: 6378
2025-04-08 21:18:22 [stdout]  |    `-._   `._    /     _.-'    |     PID: 31328
2025-04-08 21:18:22 [stdout]   `-._    `-._  `-./  _.-'    _.-'
2025-04-08 21:18:22 [stdout]  |`-._`-._    `-.__.-'    _.-'_.-'|
2025-04-08 21:18:22 [stdout]  |    `-._`-._        _.-'_.-'    |           http://redis.io
2025-04-08 21:18:22 [stdout]   `-._    `-._`-.__.-'_.-'    _.-'
2025-04-08 21:18:22 [stdout]  |`-._`-._    `-.__.-'    _.-'_.-'|
2025-04-08 21:18:22 [stdout]  |    `-._`-._        _.-'_.-'    |
2025-04-08 21:18:22 [stdout]   `-._    `-._`-.__.-'_.-'    _.-'
2025-04-08 21:18:22 [stdout]       `-._    `-.__.-'    _.-'
2025-04-08 21:18:22 [stdout]           `-._        _.-'
2025-04-08 21:18:22 [stdout]               `-.__.-'
2025-04-08 21:18:22 [stdout] 
2025-04-08 21:18:22 [stdout] [31328] 08 Apr 21:18:22.989 # Server started, Redis version 3.2.100
2025-04-08 21:18:22 [stdout] [31328] 08 Apr 21:18:22.990 * DB loaded from disk: 0.001 seconds
2025-04-08 21:18:22 [stdout] [31328] 08 Apr 21:18:22.990 * The server is now ready to accept connections on port 6378
2025-04-08 21:18:30 [stdout]                 _._
2025-04-08 21:18:30 [stdout]            _.-``__ ''-._
2025-04-08 21:18:30 [stdout]       _.-``    `.  `_.  ''-._           Redis 3.2.100 (00000000/0) 64 bit
2025-04-08 21:18:30 [stdout]   .-`` .-```.  ```\/    _.,_ ''-._
2025-04-08 21:18:30 [stdout]  (    '      ,       .-`  | `,    )     Running in standalone mode
2025-04-08 21:18:30 [stdout]  |`-._`-...-` __...-.``-._|'` _.-'|     Port: 6378
2025-04-08 21:18:30 [stdout]  |    `-._   `._    /     _.-'    |     PID: 22152
2025-04-08 21:18:30 [stdout]   `-._    `-._  `-./  _.-'    _.-'
2025-04-08 21:18:30 [stdout]  |`-._`-._    `-.__.-'    _.-'_.-'|
2025-04-08 21:18:30 [stdout]  |    `-._`-._        _.-'_.-'    |           http://redis.io
2025-04-08 21:18:30 [stdout]   `-._    `-._`-.__.-'_.-'    _.-'
2025-04-08 21:18:30 [stdout]  |`-._`-._    `-.__.-'    _.-'_.-'|
2025-04-08 21:18:30 [stdout]  |    `-._`-._        _.-'_.-'    |
2025-04-08 21:18:30 [stdout]   `-._    `-._`-.__.-'_.-'    _.-'
2025-04-08 21:18:30 [stdout]       `-._    `-.__.-'    _.-'
2025-04-08 21:18:30 [stdout]           `-._        _.-'
2025-04-08 21:18:30 [stdout]               `-.__.-'
2025-04-08 21:18:30 [stdout] 
2025-04-08 21:18:30 [stdout] [22152] 08 Apr 21:18:30.616 # Server started, Redis version 3.2.100
2025-04-08 21:18:30 [stdout] [22152] 08 Apr 21:18:30.617 * DB loaded from disk: 0.001 seconds
2025-04-08 21:18:30 [stdout] [22152] 08 Apr 21:18:30.617 * The server is now ready to accept connections on port 6378
2025-04-09 19:07:13 [stdout]                 _._
2025-04-09 19:07:13 [stdout]            _.-``__ ''-._
2025-04-09 19:07:13 [stdout]       _.-``    `.  `_.  ''-._           Redis 3.2.100 (00000000/0) 64 bit
2025-04-09 19:07:13 [stdout]   .-`` .-```.  ```\/    _.,_ ''-._
2025-04-09 19:07:13 [stdout]  (    '      ,       .-`  | `,    )     Running in standalone mode
2025-04-09 19:07:13 [stdout]  |`-._`-...-` __...-.``-._|'` _.-'|     Port: 6378
2025-04-09 19:07:13 [stdout]  |    `-._   `._    /     _.-'    |     PID: 19848
2025-04-09 19:07:13 [stdout]   `-._    `-._  `-./  _.-'    _.-'
2025-04-09 19:07:13 [stdout]  |`-._`-._    `-.__.-'    _.-'_.-'|
2025-04-09 19:07:13 [stdout]  |    `-._`-._        _.-'_.-'    |           http://redis.io
2025-04-09 19:07:13 [stdout]   `-._    `-._`-.__.-'_.-'    _.-'
2025-04-09 19:07:13 [stdout]  |`-._`-._    `-.__.-'    _.-'_.-'|
2025-04-09 19:07:13 [stdout]  |    `-._`-._        _.-'_.-'    |
2025-04-09 19:07:13 [stdout]   `-._    `-._`-.__.-'_.-'    _.-'
2025-04-09 19:07:13 [stdout]       `-._    `-.__.-'    _.-'
2025-04-09 19:07:13 [stdout]           `-._        _.-'
2025-04-09 19:07:13 [stdout]               `-.__.-'
2025-04-09 19:07:13 [stdout] 
2025-04-09 19:07:13 [stdout] [19848] 09 Apr 19:07:13.927 # Server started, Redis version 3.2.100
2025-04-09 19:07:13 [stdout] [19848] 09 Apr 19:07:13.927 * DB loaded from disk: 0.001 seconds
2025-04-09 19:07:13 [stdout] [19848] 09 Apr 19:07:13.927 * The server is now ready to accept connections on port 6378
2025-04-09 19:09:22 [stdout]                 _._
2025-04-09 19:09:22 [stdout]            _.-``__ ''-._
2025-04-09 19:09:22 [stdout]       _.-``    `.  `_.  ''-._           Redis 3.2.100 (00000000/0) 64 bit
2025-04-09 19:09:22 [stdout]   .-`` .-```.  ```\/    _.,_ ''-._
2025-04-09 19:09:22 [stdout]  (    '      ,       .-`  | `,    )     Running in standalone mode
2025-04-09 19:09:22 [stdout]  |`-._`-...-` __...-.``-._|'` _.-'|     Port: 6378
2025-04-09 19:09:22 [stdout]  |    `-._   `._    /     _.-'    |     PID: 5076
2025-04-09 19:09:22 [stdout]   `-._    `-._  `-./  _.-'    _.-'
2025-04-09 19:09:22 [stdout]  |`-._`-._    `-.__.-'    _.-'_.-'|
2025-04-09 19:09:22 [stdout]  |    `-._`-._        _.-'_.-'    |           http://redis.io
2025-04-09 19:09:22 [stdout]   `-._    `-._`-.__.-'_.-'    _.-'
2025-04-09 19:09:22 [stdout]  |`-._`-._    `-.__.-'    _.-'_.-'|
2025-04-09 19:09:22 [stdout]  |    `-._`-._        _.-'_.-'    |
2025-04-09 19:09:22 [stdout]   `-._    `-._`-.__.-'_.-'    _.-'
2025-04-09 19:09:22 [stdout]       `-._    `-.__.-'    _.-'
2025-04-09 19:09:22 [stdout]           `-._        _.-'
2025-04-09 19:09:22 [stdout]               `-.__.-'
2025-04-09 19:09:22 [stdout] 
2025-04-09 19:09:22 [stdout] [5076] 09 Apr 19:09:22.099 # Server started, Redis version 3.2.100
2025-04-09 19:09:22 [stdout] [5076] 09 Apr 19:09:22.101 * DB loaded from disk: 0.001 seconds
2025-04-09 19:09:22 [stdout] [5076] 09 Apr 19:09:22.101 * The server is now ready to accept connections on port 6378
2025-04-09 19:09:39 [stdout] [5076] 09 Apr 19:09:39.850 # User requested shutdown...
2025-04-09 19:09:39 [stdout] [5076] 09 Apr 19:09:39.850 * Saving the final RDB snapshot before exiting.
2025-04-09 19:10:29 [stdout]                 _._
2025-04-09 19:10:29 [stdout]            _.-``__ ''-._
2025-04-09 19:10:29 [stdout]       _.-``    `.  `_.  ''-._           Redis 3.2.100 (00000000/0) 64 bit
2025-04-09 19:10:29 [stdout]   .-`` .-```.  ```\/    _.,_ ''-._
2025-04-09 19:10:29 [stdout]  (    '      ,       .-`  | `,    )     Running in standalone mode
2025-04-09 19:10:29 [stdout]  |`-._`-...-` __...-.``-._|'` _.-'|     Port: 6378
2025-04-09 19:10:29 [stdout]  |    `-._   `._    /     _.-'    |     PID: 4204
2025-04-09 19:10:29 [stdout]   `-._    `-._  `-./  _.-'    _.-'
2025-04-09 19:10:29 [stdout]  |`-._`-._    `-.__.-'    _.-'_.-'|
2025-04-09 19:10:29 [stdout]  |    `-._`-._        _.-'_.-'    |           http://redis.io
2025-04-09 19:10:29 [stdout]   `-._    `-._`-.__.-'_.-'    _.-'
2025-04-09 19:10:29 [stdout]  |`-._`-._    `-.__.-'    _.-'_.-'|
2025-04-09 19:10:29 [stdout]  |    `-._`-._        _.-'_.-'    |
2025-04-09 19:10:29 [stdout]   `-._    `-._`-.__.-'_.-'    _.-'
2025-04-09 19:10:29 [stdout]       `-._    `-.__.-'    _.-'
2025-04-09 19:10:29 [stdout]           `-._        _.-'
2025-04-09 19:10:29 [stdout]               `-.__.-'
2025-04-09 19:10:29 [stdout] 
2025-04-09 19:10:29 [stdout] [4204] 09 Apr 19:10:29.103 # Server started, Redis version 3.2.100
2025-04-09 19:10:29 [stdout] [4204] 09 Apr 19:10:29.104 * DB loaded from disk: 0.001 seconds
2025-04-09 19:10:29 [stdout] [4204] 09 Apr 19:10:29.104 * The server is now ready to accept connections on port 6378
2025-04-09 19:11:35 [stdout]                 _._
2025-04-09 19:11:35 [stdout]            _.-``__ ''-._
2025-04-09 19:11:35 [stdout]       _.-``    `.  `_.  ''-._           Redis 3.2.100 (00000000/0) 64 bit
2025-04-09 19:11:35 [stdout]   .-`` .-```.  ```\/    _.,_ ''-._
2025-04-09 19:11:35 [stdout]  (    '      ,       .-`  | `,    )     Running in standalone mode
2025-04-09 19:11:35 [stdout]  |`-._`-...-` __...-.``-._|'` _.-'|     Port: 6378
2025-04-09 19:11:35 [stdout]  |    `-._   `._    /     _.-'    |     PID: 14636
2025-04-09 19:11:35 [stdout]   `-._    `-._  `-./  _.-'    _.-'
2025-04-09 19:11:35 [stdout]  |`-._`-._    `-.__.-'    _.-'_.-'|
2025-04-09 19:11:35 [stdout]  |    `-._`-._        _.-'_.-'    |           http://redis.io
2025-04-09 19:11:35 [stdout]   `-._    `-._`-.__.-'_.-'    _.-'
2025-04-09 19:11:35 [stdout]  |`-._`-._    `-.__.-'    _.-'_.-'|
2025-04-09 19:11:35 [stdout]  |    `-._`-._        _.-'_.-'    |
2025-04-09 19:11:35 [stdout]   `-._    `-._`-.__.-'_.-'    _.-'
2025-04-09 19:11:35 [stdout]       `-._    `-.__.-'    _.-'
2025-04-09 19:11:35 [stdout]           `-._        _.-'
2025-04-09 19:11:35 [stdout]               `-.__.-'
2025-04-09 19:11:35 [stdout] 
2025-04-09 19:11:35 [stdout] [14636] 09 Apr 19:11:35.289 # Server started, Redis version 3.2.100
2025-04-09 19:11:35 [stdout] [14636] 09 Apr 19:11:35.291 * DB loaded from disk: 0.001 seconds
2025-04-09 19:11:35 [stdout] [14636] 09 Apr 19:11:35.291 * The server is now ready to accept connections on port 6378
2025-04-09 19:15:40 [stdout]                 _._
2025-04-09 19:15:40 [stdout]            _.-``__ ''-._
2025-04-09 19:15:40 [stdout]       _.-``    `.  `_.  ''-._           Redis 3.2.100 (00000000/0) 64 bit
2025-04-09 19:15:40 [stdout]   .-`` .-```.  ```\/    _.,_ ''-._
2025-04-09 19:15:40 [stdout]  (    '      ,       .-`  | `,    )     Running in standalone mode
2025-04-09 19:15:40 [stdout]  |`-._`-...-` __...-.``-._|'` _.-'|     Port: 6378
2025-04-09 19:15:40 [stdout]  |    `-._   `._    /     _.-'    |     PID: 11788
2025-04-09 19:15:40 [stdout]   `-._    `-._  `-./  _.-'    _.-'
2025-04-09 19:15:40 [stdout]  |`-._`-._    `-.__.-'    _.-'_.-'|
2025-04-09 19:15:40 [stdout]  |    `-._`-._        _.-'_.-'    |           http://redis.io
2025-04-09 19:15:40 [stdout]   `-._    `-._`-.__.-'_.-'    _.-'
2025-04-09 19:15:40 [stdout]  |`-._`-._    `-.__.-'    _.-'_.-'|
2025-04-09 19:15:40 [stdout]  |    `-._`-._        _.-'_.-'    |
2025-04-09 19:15:40 [stdout]   `-._    `-._`-.__.-'_.-'    _.-'
2025-04-09 19:15:40 [stdout]       `-._    `-.__.-'    _.-'
2025-04-09 19:15:40 [stdout]           `-._        _.-'
2025-04-09 19:15:40 [stdout]               `-.__.-'
2025-04-09 19:15:40 [stdout] 
2025-04-09 19:15:40 [stdout] [11788] 09 Apr 19:15:40.971 # Server started, Redis version 3.2.100
2025-04-09 19:15:40 [stdout] [11788] 09 Apr 19:15:40.971 * DB loaded from disk: 0.001 seconds
2025-04-09 19:15:40 [stdout] [11788] 09 Apr 19:15:40.971 * The server is now ready to accept connections on port 6378
2025-04-09 19:17:43 [stdout] [18832] 09 Apr 19:17:43.701 # Creating Server TCP listening socket 127.0.0.1:6378: bind: No error
2025-04-09 19:17:44 [stdout] [17632] 09 Apr 19:17:44.949 # Creating Server TCP listening socket 127.0.0.1:6378: bind: No error
2025-04-09 19:17:46 [stdout] [14980] 09 Apr 19:17:46.195 # Creating Server TCP listening socket 127.0.0.1:6378: bind: No error
2025-04-09 19:17:47 [stdout] [17992] 09 Apr 19:17:47.440 # Creating Server TCP listening socket 127.0.0.1:6378: bind: No error
2025-04-09 19:17:50 [stdout]                 _._
2025-04-09 19:17:50 [stdout]            _.-``__ ''-._
2025-04-09 19:17:50 [stdout]       _.-``    `.  `_.  ''-._           Redis 3.2.100 (00000000/0) 64 bit
2025-04-09 19:17:50 [stdout]   .-`` .-```.  ```\/    _.,_ ''-._
2025-04-09 19:17:50 [stdout]  (    '      ,       .-`  | `,    )     Running in standalone mode
2025-04-09 19:17:50 [stdout]  |`-._`-...-` __...-.``-._|'` _.-'|     Port: 6378
2025-04-09 19:17:50 [stdout]  |    `-._   `._    /     _.-'    |     PID: 14912
2025-04-09 19:17:50 [stdout]   `-._    `-._  `-./  _.-'    _.-'
2025-04-09 19:17:50 [stdout]  |`-._`-._    `-.__.-'    _.-'_.-'|
2025-04-09 19:17:50 [stdout]  |    `-._`-._        _.-'_.-'    |           http://redis.io
2025-04-09 19:17:50 [stdout]   `-._    `-._`-.__.-'_.-'    _.-'
2025-04-09 19:17:50 [stdout]  |`-._`-._    `-.__.-'    _.-'_.-'|
2025-04-09 19:17:50 [stdout]  |    `-._`-._        _.-'_.-'    |
2025-04-09 19:17:50 [stdout]   `-._    `-._`-.__.-'_.-'    _.-'
2025-04-09 19:17:50 [stdout]       `-._    `-.__.-'    _.-'
2025-04-09 19:17:50 [stdout]           `-._        _.-'
2025-04-09 19:17:50 [stdout]               `-.__.-'
2025-04-09 19:17:50 [stdout] 
2025-04-09 19:17:50 [stdout] [14912] 09 Apr 19:17:50.479 # Server started, Redis version 3.2.100
2025-04-09 19:17:50 [stdout] [14912] 09 Apr 19:17:50.479 * DB loaded from disk: 0.001 seconds
2025-04-09 19:17:50 [stdout] [14912] 09 Apr 19:17:50.479 * The server is now ready to accept connections on port 6378
2025-04-09 19:25:29 [stdout] [14912] 09 Apr 19:25:29.617 # User requested shutdown...
2025-04-09 19:25:29 [stdout] [14912] 09 Apr 19:25:29.617 * Saving the final RDB snapshot before exiting.
2025-04-09 19:25:29 [stdout] [14912] 09 Apr 19:25:29.619 * DB saved on disk
2025-04-09 19:25:29 [stdout] [14912] 09 Apr 19:25:29.619 # Redis is now ready to exit, bye bye...
2025-04-09 19:26:16 [stdout]                 _._
2025-04-09 19:26:16 [stdout]            _.-``__ ''-._
2025-04-09 19:26:16 [stdout]       _.-``    `.  `_.  ''-._           Redis 3.2.100 (00000000/0) 64 bit
2025-04-09 19:26:16 [stdout]   .-`` .-```.  ```\/    _.,_ ''-._
2025-04-09 19:26:16 [stdout]  (    '      ,       .-`  | `,    )     Running in standalone mode
2025-04-09 19:26:16 [stdout]  |`-._`-...-` __...-.``-._|'` _.-'|     Port: 6378
2025-04-09 19:26:16 [stdout]  |    `-._   `._    /     _.-'    |     PID: 12820
2025-04-09 19:26:16 [stdout]   `-._    `-._  `-./  _.-'    _.-'
2025-04-09 19:26:16 [stdout]  |`-._`-._    `-.__.-'    _.-'_.-'|
2025-04-09 19:26:16 [stdout]  |    `-._`-._        _.-'_.-'    |           http://redis.io
2025-04-09 19:26:16 [stdout]   `-._    `-._`-.__.-'_.-'    _.-'
2025-04-09 19:26:16 [stdout]  |`-._`-._    `-.__.-'    _.-'_.-'|
2025-04-09 19:26:16 [stdout]  |    `-._`-._        _.-'_.-'    |
2025-04-09 19:26:16 [stdout]   `-._    `-._`-.__.-'_.-'    _.-'
2025-04-09 19:26:16 [stdout]       `-._    `-.__.-'    _.-'
2025-04-09 19:26:16 [stdout]           `-._        _.-'
2025-04-09 19:26:16 [stdout]               `-.__.-'
2025-04-09 19:26:16 [stdout] 
2025-04-09 19:26:16 [stdout] [12820] 09 Apr 19:26:16.192 # Server started, Redis version 3.2.100
2025-04-09 19:26:16 [stdout] [12820] 09 Apr 19:26:16.193 * DB loaded from disk: 0.001 seconds
2025-04-09 19:26:16 [stdout] [12820] 09 Apr 19:26:16.193 * The server is now ready to accept connections on port 6378
2025-04-09 19:28:27 [stdout]                 _._
2025-04-09 19:28:27 [stdout]            _.-``__ ''-._
2025-04-09 19:28:27 [stdout]       _.-``    `.  `_.  ''-._           Redis 3.2.100 (00000000/0) 64 bit
2025-04-09 19:28:27 [stdout]   .-`` .-```.  ```\/    _.,_ ''-._
2025-04-09 19:28:27 [stdout]  (    '      ,       .-`  | `,    )     Running in standalone mode
2025-04-09 19:28:27 [stdout]  |`-._`-...-` __...-.``-._|'` _.-'|     Port: 6378
2025-04-09 19:28:27 [stdout]  |    `-._   `._    /     _.-'    |     PID: 17180
2025-04-09 19:28:27 [stdout]   `-._    `-._  `-./  _.-'    _.-'
2025-04-09 19:28:27 [stdout]  |`-._`-._    `-.__.-'    _.-'_.-'|
2025-04-09 19:28:27 [stdout]  |    `-._`-._        _.-'_.-'    |           http://redis.io
2025-04-09 19:28:27 [stdout]   `-._    `-._`-.__.-'_.-'    _.-'
2025-04-09 19:28:27 [stdout]  |`-._`-._    `-.__.-'    _.-'_.-'|
2025-04-09 19:28:27 [stdout]  |    `-._`-._        _.-'_.-'    |
2025-04-09 19:28:27 [stdout]   `-._    `-._`-.__.-'_.-'    _.-'
2025-04-09 19:28:27 [stdout]       `-._    `-.__.-'    _.-'
2025-04-09 19:28:27 [stdout]           `-._        _.-'
2025-04-09 19:28:27 [stdout]               `-.__.-'
2025-04-09 19:28:27 [stdout] 
2025-04-09 19:28:27 [stdout] [17180] 09 Apr 19:28:27.540 # Server started, Redis version 3.2.100
2025-04-09 19:28:27 [stdout] [17180] 09 Apr 19:28:27.541 * DB loaded from disk: 0.001 seconds
2025-04-09 19:28:27 [stdout] [17180] 09 Apr 19:28:27.541 * The server is now ready to accept connections on port 6378
2025-04-09 19:32:47 [stdout]                 _._                                                  
2025-04-09 19:32:47 [stdout]            _.-``__ ''-._                                             
2025-04-09 19:32:47 [stdout]       _.-``    `.  `_.  ''-._           Redis 3.2.100 (00000000/0) 64 bit
2025-04-09 19:32:47 [stdout]   .-`` .-```.  ```\/    _.,_ ''-._                                   
2025-04-09 19:32:47 [stdout]  (    '      ,       .-`  | `,    )     Running in standalone mode
2025-04-09 19:32:47 [stdout]  |`-._`-...-` __...-.``-._|'` _.-'|     Port: 6378
2025-04-09 19:32:47 [stdout]  |    `-._   `._    /     _.-'    |     PID: 21112
2025-04-09 19:32:47 [stdout]   `-._    `-._  `-./  _.-'    _.-'                                   
2025-04-09 19:32:47 [stdout]  |`-._`-._    `-.__.-'    _.-'_.-'|                                  
2025-04-09 19:32:47 [stdout]  |    `-._`-._        _.-'_.-'    |           http://redis.io        
2025-04-09 19:32:47 [stdout]   `-._    `-._`-.__.-'_.-'    _.-'                                   
2025-04-09 19:32:47 [stdout]  |`-._`-._    `-.__.-'    _.-'_.-'|                                  
2025-04-09 19:32:47 [stdout]  |    `-._`-._        _.-'_.-'    |                                  
2025-04-09 19:32:47 [stdout]   `-._    `-._`-.__.-'_.-'    _.-'                                   
2025-04-09 19:32:47 [stdout]       `-._    `-.__.-'    _.-'                                       
2025-04-09 19:32:47 [stdout]           `-._        _.-'                                           
2025-04-09 19:32:47 [stdout]               `-.__.-'                                               
2025-04-09 19:32:47 [stdout] [21112] 09 Apr 19:32:47.645 # Server started, Redis version 3.2.100
2025-04-09 19:32:47 [stdout] [21112] 09 Apr 19:32:47.645 * DB loaded from disk: 0.001 seconds
2025-04-09 19:32:47 [stdout] [21112] 09 Apr 19:32:47.645 * The server is now ready to accept connections on port 6378
2025-04-09 19:38:52 [stdout]                 _._                                                  
2025-04-09 19:38:52 [stdout]            _.-``__ ''-._                                             
2025-04-09 19:38:52 [stdout]       _.-``    `.  `_.  ''-._           Redis 3.2.100 (00000000/0) 64 bit
2025-04-09 19:38:52 [stdout]   .-`` .-```.  ```\/    _.,_ ''-._                                   
2025-04-09 19:38:52 [stdout]  (    '      ,       .-`  | `,    )     Running in standalone mode
2025-04-09 19:38:52 [stdout]  |`-._`-...-` __...-.``-._|'` _.-'|     Port: 6378
2025-04-09 19:38:52 [stdout]  |    `-._   `._    /     _.-'    |     PID: 6072
2025-04-09 19:38:52 [stdout]   `-._    `-._  `-./  _.-'    _.-'                                   
2025-04-09 19:38:52 [stdout]  |`-._`-._    `-.__.-'    _.-'_.-'|                                  
2025-04-09 19:38:52 [stdout]  |    `-._`-._        _.-'_.-'    |           http://redis.io        
2025-04-09 19:38:52 [stdout]   `-._    `-._`-.__.-'_.-'    _.-'                                   
2025-04-09 19:38:52 [stdout]  |`-._`-._    `-.__.-'    _.-'_.-'|                                  
2025-04-09 19:38:52 [stdout]  |    `-._`-._        _.-'_.-'    |                                  
2025-04-09 19:38:52 [stdout]   `-._    `-._`-.__.-'_.-'    _.-'                                   
2025-04-09 19:38:52 [stdout]       `-._    `-.__.-'    _.-'                                       
2025-04-09 19:38:52 [stdout]           `-._        _.-'                                           
2025-04-09 19:38:52 [stdout]               `-.__.-'                                               
2025-04-09 19:38:52 [stdout] [6072] 09 Apr 19:38:52.119 # Server started, Redis version 3.2.100
2025-04-09 19:38:52 [stdout] [6072] 09 Apr 19:38:52.120 * DB loaded from disk: 0.001 seconds
2025-04-09 19:38:52 [stdout] [6072] 09 Apr 19:38:52.120 * The server is now ready to accept connections on port 6378
2025-04-09 19:39:33 [stdout]                 _._                                                  
2025-04-09 19:39:33 [stdout]            _.-``__ ''-._                                             
2025-04-09 19:39:33 [stdout]       _.-``    `.  `_.  ''-._           Redis 3.2.100 (00000000/0) 64 bit
2025-04-09 19:39:33 [stdout]   .-`` .-```.  ```\/    _.,_ ''-._                                   
2025-04-09 19:39:33 [stdout]  (    '      ,       .-`  | `,    )     Running in standalone mode
2025-04-09 19:39:33 [stdout]  |`-._`-...-` __...-.``-._|'` _.-'|     Port: 6378
2025-04-09 19:39:33 [stdout]  |    `-._   `._    /     _.-'    |     PID: 19740
2025-04-09 19:39:33 [stdout]   `-._    `-._  `-./  _.-'    _.-'                                   
2025-04-09 19:39:33 [stdout]  |`-._`-._    `-.__.-'    _.-'_.-'|                                  
2025-04-09 19:39:33 [stdout]  |    `-._`-._        _.-'_.-'    |           http://redis.io        
2025-04-09 19:39:33 [stdout]   `-._    `-._`-.__.-'_.-'    _.-'                                   
2025-04-09 19:39:33 [stdout]  |`-._`-._    `-.__.-'    _.-'_.-'|                                  
2025-04-09 19:39:33 [stdout]  |    `-._`-._        _.-'_.-'    |                                  
2025-04-09 19:39:33 [stdout]   `-._    `-._`-.__.-'_.-'    _.-'                                   
2025-04-09 19:39:33 [stdout]       `-._    `-.__.-'    _.-'                                       
2025-04-09 19:39:33 [stdout]           `-._        _.-'                                           
2025-04-09 19:39:33 [stdout]               `-.__.-'                                               
2025-04-09 19:39:33 [stdout] [19740] 09 Apr 19:39:33.046 # Server started, Redis version 3.2.100
2025-04-09 19:39:33 [stdout] [19740] 09 Apr 19:39:33.047 * DB loaded from disk: 0.001 seconds
2025-04-09 19:39:33 [stdout] [19740] 09 Apr 19:39:33.047 * The server is now ready to accept connections on port 6378
2025-04-09 19:40:21 [stdout]                 _._                                                  
2025-04-09 19:40:21 [stdout]            _.-``__ ''-._                                             
2025-04-09 19:40:21 [stdout]       _.-``    `.  `_.  ''-._           Redis 3.2.100 (00000000/0) 64 bit
2025-04-09 19:40:21 [stdout]   .-`` .-```.  ```\/    _.,_ ''-._                                   
2025-04-09 19:40:21 [stdout]  (    '      ,       .-`  | `,    )     Running in standalone mode
2025-04-09 19:40:21 [stdout]  |`-._`-...-` __...-.``-._|'` _.-'|     Port: 6378
2025-04-09 19:40:21 [stdout]  |    `-._   `._    /     _.-'    |     PID: 21816
2025-04-09 19:40:21 [stdout]   `-._    `-._  `-./  _.-'    _.-'                                   
2025-04-09 19:40:21 [stdout]  |`-._`-._    `-.__.-'    _.-'_.-'|                                  
2025-04-09 19:40:21 [stdout]  |    `-._`-._        _.-'_.-'    |           http://redis.io        
2025-04-09 19:40:21 [stdout]   `-._    `-._`-.__.-'_.-'    _.-'                                   
2025-04-09 19:40:21 [stdout]  |`-._`-._    `-.__.-'    _.-'_.-'|                                  
2025-04-09 19:40:21 [stdout]  |    `-._`-._        _.-'_.-'    |                                  
2025-04-09 19:40:21 [stdout]   `-._    `-._`-.__.-'_.-'    _.-'                                   
2025-04-09 19:40:21 [stdout]       `-._    `-.__.-'    _.-'                                       
2025-04-09 19:40:21 [stdout]           `-._        _.-'                                           
2025-04-09 19:40:21 [stdout]               `-.__.-'                                               
2025-04-09 19:40:21 [stdout] [21816] 09 Apr 19:40:21.499 # Server started, Redis version 3.2.100
2025-04-09 19:40:21 [stdout] [21816] 09 Apr 19:40:21.500 * DB loaded from disk: 0.001 seconds
2025-04-09 19:40:21 [stdout] [21816] 09 Apr 19:40:21.500 * The server is now ready to accept connections on port 6378
2025-04-09 19:55:22 [stdout] [21816] 09 Apr 19:55:22.089 * 1 changes in 900 seconds. Saving...
2025-04-09 19:55:22 [stdout] [21816] 09 Apr 19:55:22.092 * Background saving started by pid 16964
2025-04-09 19:55:22 [stdout] [21816] 09 Apr 19:55:22.199 # fork operation complete
2025-04-09 19:55:22 [stdout] [21816] 09 Apr 19:55:22.199 * Background saving terminated with success
2025-04-09 20:07:09 [stdout]                 _._                                                  
2025-04-09 20:07:09 [stdout]            _.-``__ ''-._                                             
2025-04-09 20:07:09 [stdout]       _.-``    `.  `_.  ''-._           Redis 3.2.100 (00000000/0) 64 bit
2025-04-09 20:07:09 [stdout]   .-`` .-```.  ```\/    _.,_ ''-._                                   
2025-04-09 20:07:09 [stdout]  (    '      ,       .-`  | `,    )     Running in standalone mode
2025-04-09 20:07:09 [stdout]  |`-._`-...-` __...-.``-._|'` _.-'|     Port: 6378
2025-04-09 20:07:09 [stdout]  |    `-._   `._    /     _.-'    |     PID: 22012
2025-04-09 20:07:09 [stdout]   `-._    `-._  `-./  _.-'    _.-'                                   
2025-04-09 20:07:09 [stdout]  |`-._`-._    `-.__.-'    _.-'_.-'|                                  
2025-04-09 20:07:09 [stdout]  |    `-._`-._        _.-'_.-'    |           http://redis.io        
2025-04-09 20:07:09 [stdout]   `-._    `-._`-.__.-'_.-'    _.-'                                   
2025-04-09 20:07:09 [stdout]  |`-._`-._    `-.__.-'    _.-'_.-'|                                  
2025-04-09 20:07:09 [stdout]  |    `-._`-._        _.-'_.-'    |                                  
2025-04-09 20:07:09 [stdout]   `-._    `-._`-.__.-'_.-'    _.-'                                   
2025-04-09 20:07:09 [stdout]       `-._    `-.__.-'    _.-'                                       
2025-04-09 20:07:09 [stdout]           `-._        _.-'                                           
2025-04-09 20:07:09 [stdout]               `-.__.-'                                               
2025-04-09 20:07:09 [stdout] [22012] 09 Apr 20:07:09.109 # Server started, Redis version 3.2.100
2025-04-09 20:07:09 [stdout] [22012] 09 Apr 20:07:09.110 * DB loaded from disk: 0.001 seconds
2025-04-09 20:07:09 [stdout] [22012] 09 Apr 20:07:09.110 * The server is now ready to accept connections on port 6378
2025-04-09 20:09:49 [stdout]                 _._                                                  
2025-04-09 20:09:49 [stdout]            _.-``__ ''-._                                             
2025-04-09 20:09:49 [stdout]       _.-``    `.  `_.  ''-._           Redis 3.2.100 (00000000/0) 64 bit
2025-04-09 20:09:49 [stdout]   .-`` .-```.  ```\/    _.,_ ''-._                                   
2025-04-09 20:09:49 [stdout]  (    '      ,       .-`  | `,    )     Running in standalone mode
2025-04-09 20:09:49 [stdout]  |`-._`-...-` __...-.``-._|'` _.-'|     Port: 6378
2025-04-09 20:09:49 [stdout]  |    `-._   `._    /     _.-'    |     PID: 19432
2025-04-09 20:09:49 [stdout]   `-._    `-._  `-./  _.-'    _.-'                                   
2025-04-09 20:09:49 [stdout]  |`-._`-._    `-.__.-'    _.-'_.-'|                                  
2025-04-09 20:09:49 [stdout]  |    `-._`-._        _.-'_.-'    |           http://redis.io        
2025-04-09 20:09:49 [stdout]   `-._    `-._`-.__.-'_.-'    _.-'                                   
2025-04-09 20:09:49 [stdout]  |`-._`-._    `-.__.-'    _.-'_.-'|                                  
2025-04-09 20:09:49 [stdout]  |    `-._`-._        _.-'_.-'    |                                  
2025-04-09 20:09:49 [stdout]   `-._    `-._`-.__.-'_.-'    _.-'                                   
2025-04-09 20:09:49 [stdout]       `-._    `-.__.-'    _.-'                                       
2025-04-09 20:09:49 [stdout]           `-._        _.-'                                           
2025-04-09 20:09:49 [stdout]               `-.__.-'                                               
2025-04-09 20:09:49 [stdout] [19432] 09 Apr 20:09:49.768 # Server started, Redis version 3.2.100
2025-04-09 20:09:49 [stdout] [19432] 09 Apr 20:09:49.769 * DB loaded from disk: 0.001 seconds
2025-04-09 20:09:49 [stdout] [19432] 09 Apr 20:09:49.769 * The server is now ready to accept connections on port 6378
2025-04-09 20:17:58 [stdout]                 _._                                                  
2025-04-09 20:17:58 [stdout]            _.-``__ ''-._                                             
2025-04-09 20:17:58 [stdout]       _.-``    `.  `_.  ''-._           Redis 3.2.100 (00000000/0) 64 bit
2025-04-09 20:17:58 [stdout]   .-`` .-```.  ```\/    _.,_ ''-._                                   
2025-04-09 20:17:58 [stdout]  (    '      ,       .-`  | `,    )     Running in standalone mode
2025-04-09 20:17:58 [stdout]  |`-._`-...-` __...-.``-._|'` _.-'|     Port: 6378
2025-04-09 20:17:58 [stdout]  |    `-._   `._    /     _.-'    |     PID: 4868
2025-04-09 20:17:58 [stdout]   `-._    `-._  `-./  _.-'    _.-'                                   
2025-04-09 20:17:58 [stdout]  |`-._`-._    `-.__.-'    _.-'_.-'|                                  
2025-04-09 20:17:58 [stdout]  |    `-._`-._        _.-'_.-'    |           http://redis.io        
2025-04-09 20:17:58 [stdout]   `-._    `-._`-.__.-'_.-'    _.-'                                   
2025-04-09 20:17:58 [stdout]  |`-._`-._    `-.__.-'    _.-'_.-'|                                  
2025-04-09 20:17:58 [stdout]  |    `-._`-._        _.-'_.-'    |                                  
2025-04-09 20:17:58 [stdout]   `-._    `-._`-.__.-'_.-'    _.-'                                   
2025-04-09 20:17:58 [stdout]       `-._    `-.__.-'    _.-'                                       
2025-04-09 20:17:58 [stdout]           `-._        _.-'                                           
2025-04-09 20:17:58 [stdout]               `-.__.-'                                               
2025-04-09 20:17:58 [stdout] [4868] 09 Apr 20:17:58.512 # Server started, Redis version 3.2.100
2025-04-09 20:17:58 [stdout] [4868] 09 Apr 20:17:58.512 * DB loaded from disk: 0.001 seconds
2025-04-09 20:17:58 [stdout] [4868] 09 Apr 20:17:58.512 * The server is now ready to accept connections on port 6378
2025-04-09 20:22:59 [stdout] [4868] 09 Apr 20:22:59.009 * 10 changes in 300 seconds. Saving...
2025-04-09 20:22:59 [stdout] [4868] 09 Apr 20:22:59.012 * Background saving started by pid 10572
2025-04-09 20:22:59 [stdout] [4868] 09 Apr 20:22:59.117 # fork operation complete
2025-04-09 20:22:59 [stdout] [4868] 09 Apr 20:22:59.117 * Background saving terminated with success
2025-04-09 20:27:12 [stdout]                 _._                                                  
2025-04-09 20:27:12 [stdout]            _.-``__ ''-._                                             
2025-04-09 20:27:12 [stdout]       _.-``    `.  `_.  ''-._           Redis 3.2.100 (00000000/0) 64 bit
2025-04-09 20:27:12 [stdout]   .-`` .-```.  ```\/    _.,_ ''-._                                   
2025-04-09 20:27:12 [stdout]  (    '      ,       .-`  | `,    )     Running in standalone mode
2025-04-09 20:27:12 [stdout]  |`-._`-...-` __...-.``-._|'` _.-'|     Port: 6378
2025-04-09 20:27:12 [stdout]  |    `-._   `._    /     _.-'    |     PID: 21708
2025-04-09 20:27:12 [stdout]   `-._    `-._  `-./  _.-'    _.-'                                   
2025-04-09 20:27:12 [stdout]  |`-._`-._    `-.__.-'    _.-'_.-'|                                  
2025-04-09 20:27:12 [stdout]  |    `-._`-._        _.-'_.-'    |           http://redis.io        
2025-04-09 20:27:12 [stdout]   `-._    `-._`-.__.-'_.-'    _.-'                                   
2025-04-09 20:27:12 [stdout]  |`-._`-._    `-.__.-'    _.-'_.-'|                                  
2025-04-09 20:27:12 [stdout]  |    `-._`-._        _.-'_.-'    |                                  
2025-04-09 20:27:12 [stdout]   `-._    `-._`-.__.-'_.-'    _.-'                                   
2025-04-09 20:27:12 [stdout]       `-._    `-.__.-'    _.-'                                       
2025-04-09 20:27:12 [stdout]           `-._        _.-'                                           
2025-04-09 20:27:12 [stdout]               `-.__.-'                                               
2025-04-09 20:27:12 [stdout] [21708] 09 Apr 20:27:12.108 # Server started, Redis version 3.2.100
2025-04-09 20:27:12 [stdout] [21708] 09 Apr 20:27:12.109 * DB loaded from disk: 0.001 seconds
2025-04-09 20:27:12 [stdout] [21708] 09 Apr 20:27:12.109 * The server is now ready to accept connections on port 6378
2025-04-09 20:30:41 [stdout]                 _._                                                  
2025-04-09 20:30:41 [stdout]            _.-``__ ''-._                                             
2025-04-09 20:30:41 [stdout]       _.-``    `.  `_.  ''-._           Redis 3.2.100 (00000000/0) 64 bit
2025-04-09 20:30:41 [stdout]   .-`` .-```.  ```\/    _.,_ ''-._                                   
2025-04-09 20:30:41 [stdout]  (    '      ,       .-`  | `,    )     Running in standalone mode
2025-04-09 20:30:41 [stdout]  |`-._`-...-` __...-.``-._|'` _.-'|     Port: 6378
2025-04-09 20:30:41 [stdout]  |    `-._   `._    /     _.-'    |     PID: 15808
2025-04-09 20:30:41 [stdout]   `-._    `-._  `-./  _.-'    _.-'                                   
2025-04-09 20:30:41 [stdout]  |`-._`-._    `-.__.-'    _.-'_.-'|                                  
2025-04-09 20:30:41 [stdout]  |    `-._`-._        _.-'_.-'    |           http://redis.io        
2025-04-09 20:30:41 [stdout]   `-._    `-._`-.__.-'_.-'    _.-'                                   
2025-04-09 20:30:41 [stdout]  |`-._`-._    `-.__.-'    _.-'_.-'|                                  
2025-04-09 20:30:41 [stdout]  |    `-._`-._        _.-'_.-'    |                                  
2025-04-09 20:30:41 [stdout]   `-._    `-._`-.__.-'_.-'    _.-'                                   
2025-04-09 20:30:41 [stdout]       `-._    `-.__.-'    _.-'                                       
2025-04-09 20:30:41 [stdout]           `-._        _.-'                                           
2025-04-09 20:30:41 [stdout]               `-.__.-'                                               
2025-04-09 20:30:41 [stdout] [15808] 09 Apr 20:30:41.458 # Server started, Redis version 3.2.100
2025-04-09 20:30:41 [stdout] [15808] 09 Apr 20:30:41.460 * DB loaded from disk: 0.001 seconds
2025-04-09 20:30:41 [stdout] [15808] 09 Apr 20:30:41.460 * The server is now ready to accept connections on port 6378
2025-04-09 20:40:03 [stdout]                 _._                                                  
2025-04-09 20:40:03 [stdout]            _.-``__ ''-._                                             
2025-04-09 20:40:03 [stdout]       _.-``    `.  `_.  ''-._           Redis 3.2.100 (00000000/0) 64 bit
2025-04-09 20:40:03 [stdout]   .-`` .-```.  ```\/    _.,_ ''-._                                   
2025-04-09 20:40:03 [stdout]  (    '      ,       .-`  | `,    )     Running in standalone mode
2025-04-09 20:40:03 [stdout]  |`-._`-...-` __...-.``-._|'` _.-'|     Port: 6378
2025-04-09 20:40:03 [stdout]  |    `-._   `._    /     _.-'    |     PID: 21068
2025-04-09 20:40:03 [stdout]   `-._    `-._  `-./  _.-'    _.-'                                   
2025-04-09 20:40:03 [stdout]  |`-._`-._    `-.__.-'    _.-'_.-'|                                  
2025-04-09 20:40:03 [stdout]  |    `-._`-._        _.-'_.-'    |           http://redis.io        
2025-04-09 20:40:03 [stdout]   `-._    `-._`-.__.-'_.-'    _.-'                                   
2025-04-09 20:40:03 [stdout]  |`-._`-._    `-.__.-'    _.-'_.-'|                                  
2025-04-09 20:40:03 [stdout]  |    `-._`-._        _.-'_.-'    |                                  
2025-04-09 20:40:03 [stdout]   `-._    `-._`-.__.-'_.-'    _.-'                                   
2025-04-09 20:40:03 [stdout]       `-._    `-.__.-'    _.-'                                       
2025-04-09 20:40:03 [stdout]           `-._        _.-'                                           
2025-04-09 20:40:03 [stdout]               `-.__.-'                                               
2025-04-09 20:40:03 [stdout] [21068] 09 Apr 20:40:03.748 # Server started, Redis version 3.2.100
2025-04-09 20:40:03 [stdout] [21068] 09 Apr 20:40:03.749 * DB loaded from disk: 0.001 seconds
2025-04-09 20:40:03 [stdout] [21068] 09 Apr 20:40:03.749 * The server is now ready to accept connections on port 6378
2025-04-09 20:42:29 [stdout]                 _._                                                  
2025-04-09 20:42:29 [stdout]            _.-``__ ''-._                                             
2025-04-09 20:42:29 [stdout]       _.-``    `.  `_.  ''-._           Redis 3.2.100 (00000000/0) 64 bit
2025-04-09 20:42:29 [stdout]   .-`` .-```.  ```\/    _.,_ ''-._                                   
2025-04-09 20:42:29 [stdout]  (    '      ,       .-`  | `,    )     Running in standalone mode
2025-04-09 20:42:29 [stdout]  |`-._`-...-` __...-.``-._|'` _.-'|     Port: 6378
2025-04-09 20:42:29 [stdout]  |    `-._   `._    /     _.-'    |     PID: 22516
2025-04-09 20:42:29 [stdout]   `-._    `-._  `-./  _.-'    _.-'                                   
2025-04-09 20:42:29 [stdout]  |`-._`-._    `-.__.-'    _.-'_.-'|                                  
2025-04-09 20:42:29 [stdout]  |    `-._`-._        _.-'_.-'    |           http://redis.io        
2025-04-09 20:42:29 [stdout]   `-._    `-._`-.__.-'_.-'    _.-'                                   
2025-04-09 20:42:29 [stdout]  |`-._`-._    `-.__.-'    _.-'_.-'|                                  
2025-04-09 20:42:29 [stdout]  |    `-._`-._        _.-'_.-'    |                                  
2025-04-09 20:42:29 [stdout]   `-._    `-._`-.__.-'_.-'    _.-'                                   
2025-04-09 20:42:29 [stdout]       `-._    `-.__.-'    _.-'                                       
2025-04-09 20:42:29 [stdout]           `-._        _.-'                                           
2025-04-09 20:42:29 [stdout]               `-.__.-'                                               
2025-04-09 20:42:29 [stdout] [22516] 09 Apr 20:42:29.777 # Server started, Redis version 3.2.100
2025-04-09 20:42:29 [stdout] [22516] 09 Apr 20:42:29.777 * DB loaded from disk: 0.001 seconds
2025-04-09 20:42:29 [stdout] [22516] 09 Apr 20:42:29.777 * The server is now ready to accept connections on port 6378
2025-04-09 20:44:38 [stdout]                 _._                                                  
2025-04-09 20:44:38 [stdout]            _.-``__ ''-._                                             
2025-04-09 20:44:38 [stdout]       _.-``    `.  `_.  ''-._           Redis 3.2.100 (00000000/0) 64 bit
2025-04-09 20:44:38 [stdout]   .-`` .-```.  ```\/    _.,_ ''-._                                   
2025-04-09 20:44:38 [stdout]  (    '      ,       .-`  | `,    )     Running in standalone mode
2025-04-09 20:44:38 [stdout]  |`-._`-...-` __...-.``-._|'` _.-'|     Port: 6378
2025-04-09 20:44:38 [stdout]  |    `-._   `._    /     _.-'    |     PID: 19284
2025-04-09 20:44:38 [stdout]   `-._    `-._  `-./  _.-'    _.-'                                   
2025-04-09 20:44:38 [stdout]  |`-._`-._    `-.__.-'    _.-'_.-'|                                  
2025-04-09 20:44:38 [stdout]  |    `-._`-._        _.-'_.-'    |           http://redis.io        
2025-04-09 20:44:38 [stdout]   `-._    `-._`-.__.-'_.-'    _.-'                                   
2025-04-09 20:44:38 [stdout]  |`-._`-._    `-.__.-'    _.-'_.-'|                                  
2025-04-09 20:44:38 [stdout]  |    `-._`-._        _.-'_.-'    |                                  
2025-04-09 20:44:38 [stdout]   `-._    `-._`-.__.-'_.-'    _.-'                                   
2025-04-09 20:44:38 [stdout]       `-._    `-.__.-'    _.-'                                       
2025-04-09 20:44:38 [stdout]           `-._        _.-'                                           
2025-04-09 20:44:38 [stdout]               `-.__.-'                                               
2025-04-09 20:44:38 [stdout] [19284] 09 Apr 20:44:38.448 # Server started, Redis version 3.2.100
2025-04-09 20:44:38 [stdout] [19284] 09 Apr 20:44:38.449 * DB loaded from disk: 0.001 seconds
2025-04-09 20:44:38 [stdout] [19284] 09 Apr 20:44:38.449 * The server is now ready to accept connections on port 6378
2025-04-09 20:45:08 [stdout]                 _._                                                  
2025-04-09 20:45:08 [stdout]            _.-``__ ''-._                                             
2025-04-09 20:45:08 [stdout]       _.-``    `.  `_.  ''-._           Redis 3.2.100 (00000000/0) 64 bit
2025-04-09 20:45:08 [stdout]   .-`` .-```.  ```\/    _.,_ ''-._                                   
2025-04-09 20:45:08 [stdout]  (    '      ,       .-`  | `,    )     Running in standalone mode
2025-04-09 20:45:08 [stdout]  |`-._`-...-` __...-.``-._|'` _.-'|     Port: 6378
2025-04-09 20:45:08 [stdout]  |    `-._   `._    /     _.-'    |     PID: 17628
2025-04-09 20:45:08 [stdout]   `-._    `-._  `-./  _.-'    _.-'                                   
2025-04-09 20:45:08 [stdout]  |`-._`-._    `-.__.-'    _.-'_.-'|                                  
2025-04-09 20:45:08 [stdout]  |    `-._`-._        _.-'_.-'    |           http://redis.io        
2025-04-09 20:45:08 [stdout]   `-._    `-._`-.__.-'_.-'    _.-'                                   
2025-04-09 20:45:08 [stdout]  |`-._`-._    `-.__.-'    _.-'_.-'|                                  
2025-04-09 20:45:08 [stdout]  |    `-._`-._        _.-'_.-'    |                                  
2025-04-09 20:45:08 [stdout]   `-._    `-._`-.__.-'_.-'    _.-'                                   
2025-04-09 20:45:08 [stdout]       `-._    `-.__.-'    _.-'                                       
2025-04-09 20:45:08 [stdout]           `-._        _.-'                                           
2025-04-09 20:45:08 [stdout]               `-.__.-'                                               
2025-04-09 20:45:08 [stdout] [17628] 09 Apr 20:45:08.569 # Server started, Redis version 3.2.100
2025-04-09 20:45:08 [stdout] [17628] 09 Apr 20:45:08.570 * DB loaded from disk: 0.001 seconds
2025-04-09 20:45:08 [stdout] [17628] 09 Apr 20:45:08.570 * The server is now ready to accept connections on port 6378
2025-04-09 20:47:30 [stdout]                 _._                                                  
2025-04-09 20:47:30 [stdout]            _.-``__ ''-._                                             
2025-04-09 20:47:30 [stdout]       _.-``    `.  `_.  ''-._           Redis 3.2.100 (00000000/0) 64 bit
2025-04-09 20:47:30 [stdout]   .-`` .-```.  ```\/    _.,_ ''-._                                   
2025-04-09 20:47:30 [stdout]  (    '      ,       .-`  | `,    )     Running in standalone mode
2025-04-09 20:47:30 [stdout]  |`-._`-...-` __...-.``-._|'` _.-'|     Port: 6378
2025-04-09 20:47:30 [stdout]  |    `-._   `._    /     _.-'    |     PID: 2680
2025-04-09 20:47:30 [stdout]   `-._    `-._  `-./  _.-'    _.-'                                   
2025-04-09 20:47:30 [stdout]  |`-._`-._    `-.__.-'    _.-'_.-'|                                  
2025-04-09 20:47:30 [stdout]  |    `-._`-._        _.-'_.-'    |           http://redis.io        
2025-04-09 20:47:30 [stdout]   `-._    `-._`-.__.-'_.-'    _.-'                                   
2025-04-09 20:47:30 [stdout]  |`-._`-._    `-.__.-'    _.-'_.-'|                                  
2025-04-09 20:47:30 [stdout]  |    `-._`-._        _.-'_.-'    |                                  
2025-04-09 20:47:30 [stdout]   `-._    `-._`-.__.-'_.-'    _.-'                                   
2025-04-09 20:47:30 [stdout]       `-._    `-.__.-'    _.-'                                       
2025-04-09 20:47:30 [stdout]           `-._        _.-'                                           
2025-04-09 20:47:30 [stdout]               `-.__.-'                                               
2025-04-09 20:47:30 [stdout] [2680] 09 Apr 20:47:30.057 # Server started, Redis version 3.2.100
2025-04-09 20:47:30 [stdout] [2680] 09 Apr 20:47:30.058 * DB loaded from disk: 0.001 seconds
2025-04-09 20:47:30 [stdout] [2680] 09 Apr 20:47:30.058 * The server is now ready to accept connections on port 6378
2025-04-09 20:49:31 [stdout]                 _._                                                  
2025-04-09 20:49:31 [stdout]            _.-``__ ''-._                                             
2025-04-09 20:49:31 [stdout]       _.-``    `.  `_.  ''-._           Redis 3.2.100 (00000000/0) 64 bit
2025-04-09 20:49:31 [stdout]   .-`` .-```.  ```\/    _.,_ ''-._                                   
2025-04-09 20:49:31 [stdout]  (    '      ,       .-`  | `,    )     Running in standalone mode
2025-04-09 20:49:31 [stdout]  |`-._`-...-` __...-.``-._|'` _.-'|     Port: 6378
2025-04-09 20:49:31 [stdout]  |    `-._   `._    /     _.-'    |     PID: 17664
2025-04-09 20:49:31 [stdout]   `-._    `-._  `-./  _.-'    _.-'                                   
2025-04-09 20:49:31 [stdout]  |`-._`-._    `-.__.-'    _.-'_.-'|                                  
2025-04-09 20:49:31 [stdout]  |    `-._`-._        _.-'_.-'    |           http://redis.io        
2025-04-09 20:49:31 [stdout]   `-._    `-._`-.__.-'_.-'    _.-'                                   
2025-04-09 20:49:31 [stdout]  |`-._`-._    `-.__.-'    _.-'_.-'|                                  
2025-04-09 20:49:31 [stdout]  |    `-._`-._        _.-'_.-'    |                                  
2025-04-09 20:49:31 [stdout]   `-._    `-._`-.__.-'_.-'    _.-'                                   
2025-04-09 20:49:31 [stdout]       `-._    `-.__.-'    _.-'                                       
2025-04-09 20:49:31 [stdout]           `-._        _.-'                                           
2025-04-09 20:49:31 [stdout]               `-.__.-'                                               
2025-04-09 20:49:31 [stdout] [17664] 09 Apr 20:49:31.503 # Server started, Redis version 3.2.100
2025-04-09 20:49:31 [stdout] [17664] 09 Apr 20:49:31.504 * DB loaded from disk: 0.001 seconds
2025-04-09 20:49:31 [stdout] [17664] 09 Apr 20:49:31.504 * The server is now ready to accept connections on port 6378
2025-04-09 20:52:03 [stdout]                 _._                                                  
2025-04-09 20:52:03 [stdout]            _.-``__ ''-._                                             
2025-04-09 20:52:03 [stdout]       _.-``    `.  `_.  ''-._           Redis 3.2.100 (00000000/0) 64 bit
2025-04-09 20:52:03 [stdout]   .-`` .-```.  ```\/    _.,_ ''-._                                   
2025-04-09 20:52:03 [stdout]  (    '      ,       .-`  | `,    )     Running in standalone mode
2025-04-09 20:52:03 [stdout]  |`-._`-...-` __...-.``-._|'` _.-'|     Port: 6378
2025-04-09 20:52:03 [stdout]  |    `-._   `._    /     _.-'    |     PID: 19312
2025-04-09 20:52:03 [stdout]   `-._    `-._  `-./  _.-'    _.-'                                   
2025-04-09 20:52:03 [stdout]  |`-._`-._    `-.__.-'    _.-'_.-'|                                  
2025-04-09 20:52:03 [stdout]  |    `-._`-._        _.-'_.-'    |           http://redis.io        
2025-04-09 20:52:03 [stdout]   `-._    `-._`-.__.-'_.-'    _.-'                                   
2025-04-09 20:52:03 [stdout]  |`-._`-._    `-.__.-'    _.-'_.-'|                                  
2025-04-09 20:52:03 [stdout]  |    `-._`-._        _.-'_.-'    |                                  
2025-04-09 20:52:03 [stdout]   `-._    `-._`-.__.-'_.-'    _.-'                                   
2025-04-09 20:52:03 [stdout]       `-._    `-.__.-'    _.-'                                       
2025-04-09 20:52:03 [stdout]           `-._        _.-'                                           
2025-04-09 20:52:03 [stdout]               `-.__.-'                                               
2025-04-09 20:52:03 [stdout] [19312] 09 Apr 20:52:03.163 # Server started, Redis version 3.2.100
2025-04-09 20:52:03 [stdout] [19312] 09 Apr 20:52:03.164 * DB loaded from disk: 0.001 seconds
2025-04-09 20:52:03 [stdout] [19312] 09 Apr 20:52:03.164 * The server is now ready to accept connections on port 6378
2025-04-09 20:52:17 [stdout]                 _._                                                  
2025-04-09 20:52:17 [stdout]            _.-``__ ''-._                                             
2025-04-09 20:52:17 [stdout]       _.-``    `.  `_.  ''-._           Redis 3.2.100 (00000000/0) 64 bit
2025-04-09 20:52:17 [stdout]   .-`` .-```.  ```\/    _.,_ ''-._                                   
2025-04-09 20:52:17 [stdout]  (    '      ,       .-`  | `,    )     Running in standalone mode
2025-04-09 20:52:17 [stdout]  |`-._`-...-` __...-.``-._|'` _.-'|     Port: 6378
2025-04-09 20:52:17 [stdout]  |    `-._   `._    /     _.-'    |     PID: 4172
2025-04-09 20:52:17 [stdout]   `-._    `-._  `-./  _.-'    _.-'                                   
2025-04-09 20:52:17 [stdout]  |`-._`-._    `-.__.-'    _.-'_.-'|                                  
2025-04-09 20:52:17 [stdout]  |    `-._`-._        _.-'_.-'    |           http://redis.io        
2025-04-09 20:52:17 [stdout]   `-._    `-._`-.__.-'_.-'    _.-'                                   
2025-04-09 20:52:17 [stdout]  |`-._`-._    `-.__.-'    _.-'_.-'|                                  
2025-04-09 20:52:17 [stdout]  |    `-._`-._        _.-'_.-'    |                                  
2025-04-09 20:52:17 [stdout]   `-._    `-._`-.__.-'_.-'    _.-'                                   
2025-04-09 20:52:17 [stdout]       `-._    `-.__.-'    _.-'                                       
2025-04-09 20:52:17 [stdout]           `-._        _.-'                                           
2025-04-09 20:52:17 [stdout]               `-.__.-'                                               
2025-04-09 20:52:17 [stdout] [4172] 09 Apr 20:52:17.527 # Server started, Redis version 3.2.100
2025-04-09 20:52:17 [stdout] [4172] 09 Apr 20:52:17.527 * DB loaded from disk: 0.001 seconds
2025-04-09 20:52:17 [stdout] [4172] 09 Apr 20:52:17.527 * The server is now ready to accept connections on port 6378
2025-04-09 20:53:19 [stdout]                 _._                                                  
2025-04-09 20:53:19 [stdout]            _.-``__ ''-._                                             
2025-04-09 20:53:19 [stdout]       _.-``    `.  `_.  ''-._           Redis 3.2.100 (00000000/0) 64 bit
2025-04-09 20:53:19 [stdout]   .-`` .-```.  ```\/    _.,_ ''-._                                   
2025-04-09 20:53:19 [stdout]  (    '      ,       .-`  | `,    )     Running in standalone mode
2025-04-09 20:53:19 [stdout]  |`-._`-...-` __...-.``-._|'` _.-'|     Port: 6378
2025-04-09 20:53:19 [stdout]  |    `-._   `._    /     _.-'    |     PID: 15000
2025-04-09 20:53:19 [stdout]   `-._    `-._  `-./  _.-'    _.-'                                   
2025-04-09 20:53:19 [stdout]  |`-._`-._    `-.__.-'    _.-'_.-'|                                  
2025-04-09 20:53:19 [stdout]  |    `-._`-._        _.-'_.-'    |           http://redis.io        
2025-04-09 20:53:19 [stdout]   `-._    `-._`-.__.-'_.-'    _.-'                                   
2025-04-09 20:53:19 [stdout]  |`-._`-._    `-.__.-'    _.-'_.-'|                                  
2025-04-09 20:53:19 [stdout]  |    `-._`-._        _.-'_.-'    |                                  
2025-04-09 20:53:19 [stdout]   `-._    `-._`-.__.-'_.-'    _.-'                                   
2025-04-09 20:53:19 [stdout]       `-._    `-.__.-'    _.-'                                       
2025-04-09 20:53:19 [stdout]           `-._        _.-'                                           
2025-04-09 20:53:19 [stdout]               `-.__.-'                                               
2025-04-09 20:53:19 [stdout] [15000] 09 Apr 20:53:19.720 # Server started, Redis version 3.2.100
2025-04-09 20:53:19 [stdout] [15000] 09 Apr 20:53:19.721 * DB loaded from disk: 0.001 seconds
2025-04-09 20:53:19 [stdout] [15000] 09 Apr 20:53:19.721 * The server is now ready to accept connections on port 6378
2025-04-09 20:54:28 [stdout]                 _._                                                  
2025-04-09 20:54:28 [stdout]            _.-``__ ''-._                                             
2025-04-09 20:54:28 [stdout]       _.-``    `.  `_.  ''-._           Redis 3.2.100 (00000000/0) 64 bit
2025-04-09 20:54:28 [stdout]   .-`` .-```.  ```\/    _.,_ ''-._                                   
2025-04-09 20:54:28 [stdout]  (    '      ,       .-`  | `,    )     Running in standalone mode
2025-04-09 20:54:28 [stdout]  |`-._`-...-` __...-.``-._|'` _.-'|     Port: 6378
2025-04-09 20:54:28 [stdout]  |    `-._   `._    /     _.-'    |     PID: 3128
2025-04-09 20:54:28 [stdout]   `-._    `-._  `-./  _.-'    _.-'                                   
2025-04-09 20:54:28 [stdout]  |`-._`-._    `-.__.-'    _.-'_.-'|                                  
2025-04-09 20:54:28 [stdout]  |    `-._`-._        _.-'_.-'    |           http://redis.io        
2025-04-09 20:54:28 [stdout]   `-._    `-._`-.__.-'_.-'    _.-'                                   
2025-04-09 20:54:28 [stdout]  |`-._`-._    `-.__.-'    _.-'_.-'|                                  
2025-04-09 20:54:28 [stdout]  |    `-._`-._        _.-'_.-'    |                                  
2025-04-09 20:54:28 [stdout]   `-._    `-._`-.__.-'_.-'    _.-'                                   
2025-04-09 20:54:28 [stdout]       `-._    `-.__.-'    _.-'                                       
2025-04-09 20:54:28 [stdout]           `-._        _.-'                                           
2025-04-09 20:54:28 [stdout]               `-.__.-'                                               
2025-04-09 20:54:28 [stdout] [3128] 09 Apr 20:54:28.957 # Server started, Redis version 3.2.100
2025-04-09 20:54:28 [stdout] [3128] 09 Apr 20:54:28.957 * DB loaded from disk: 0.001 seconds
2025-04-09 20:54:28 [stdout] [3128] 09 Apr 20:54:28.957 * The server is now ready to accept connections on port 6378
2025-04-09 21:14:03 [stdout]                 _._                                                  
2025-04-09 21:14:03 [stdout]            _.-``__ ''-._                                             
2025-04-09 21:14:03 [stdout]       _.-``    `.  `_.  ''-._           Redis 3.2.100 (00000000/0) 64 bit
2025-04-09 21:14:03 [stdout]   .-`` .-```.  ```\/    _.,_ ''-._                                   
2025-04-09 21:14:03 [stdout]  (    '      ,       .-`  | `,    )     Running in standalone mode
2025-04-09 21:14:03 [stdout]  |`-._`-...-` __...-.``-._|'` _.-'|     Port: 6378
2025-04-09 21:14:03 [stdout]  |    `-._   `._    /     _.-'    |     PID: 23212
2025-04-09 21:14:03 [stdout]   `-._    `-._  `-./  _.-'    _.-'                                   
2025-04-09 21:14:03 [stdout]  |`-._`-._    `-.__.-'    _.-'_.-'|                                  
2025-04-09 21:14:03 [stdout]  |    `-._`-._        _.-'_.-'    |           http://redis.io        
2025-04-09 21:14:03 [stdout]   `-._    `-._`-.__.-'_.-'    _.-'                                   
2025-04-09 21:14:03 [stdout]  |`-._`-._    `-.__.-'    _.-'_.-'|                                  
2025-04-09 21:14:03 [stdout]  |    `-._`-._        _.-'_.-'    |                                  
2025-04-09 21:14:03 [stdout]   `-._    `-._`-.__.-'_.-'    _.-'                                   
2025-04-09 21:14:03 [stdout]       `-._    `-.__.-'    _.-'                                       
2025-04-09 21:14:03 [stdout]           `-._        _.-'                                           
2025-04-09 21:14:03 [stdout]               `-.__.-'                                               
2025-04-09 21:14:03 [stdout] [23212] 09 Apr 21:14:03.550 # Server started, Redis version 3.2.100
2025-04-09 21:14:03 [stdout] [23212] 09 Apr 21:14:03.558 * DB loaded from disk: 0.008 seconds
2025-04-09 21:14:03 [stdout] [23212] 09 Apr 21:14:03.558 * The server is now ready to accept connections on port 6378
2025-04-09 21:15:04 [stdout]                 _._                                                  
2025-04-09 21:15:04 [stdout]            _.-``__ ''-._                                             
2025-04-09 21:15:04 [stdout]       _.-``    `.  `_.  ''-._           Redis 3.2.100 (00000000/0) 64 bit
2025-04-09 21:15:04 [stdout]   .-`` .-```.  ```\/    _.,_ ''-._                                   
2025-04-09 21:15:04 [stdout]  (    '      ,       .-`  | `,    )     Running in standalone mode
2025-04-09 21:15:04 [stdout]  |`-._`-...-` __...-.``-._|'` _.-'|     Port: 6378
2025-04-09 21:15:04 [stdout]  |    `-._   `._    /     _.-'    |     PID: 2372
2025-04-09 21:15:04 [stdout]   `-._    `-._  `-./  _.-'    _.-'                                   
2025-04-09 21:15:04 [stdout]  |`-._`-._    `-.__.-'    _.-'_.-'|                                  
2025-04-09 21:15:04 [stdout]  |    `-._`-._        _.-'_.-'    |           http://redis.io        
2025-04-09 21:15:04 [stdout]   `-._    `-._`-.__.-'_.-'    _.-'                                   
2025-04-09 21:15:04 [stdout]  |`-._`-._    `-.__.-'    _.-'_.-'|                                  
2025-04-09 21:15:04 [stdout]  |    `-._`-._        _.-'_.-'    |                                  
2025-04-09 21:15:04 [stdout]   `-._    `-._`-.__.-'_.-'    _.-'                                   
2025-04-09 21:15:04 [stdout]       `-._    `-.__.-'    _.-'                                       
2025-04-09 21:15:04 [stdout]           `-._        _.-'                                           
2025-04-09 21:15:04 [stdout]               `-.__.-'                                               
2025-04-09 21:15:04 [stdout] [2372] 09 Apr 21:15:04.350 # Server started, Redis version 3.2.100
2025-04-09 21:15:04 [stdout] [2372] 09 Apr 21:15:04.351 * DB loaded from disk: 0.001 seconds
2025-04-09 21:15:04 [stdout] [2372] 09 Apr 21:15:04.351 * The server is now ready to accept connections on port 6378
2025-04-09 21:20:32 [stdout]                 _._                                                  
2025-04-09 21:20:32 [stdout]            _.-``__ ''-._                                             
2025-04-09 21:20:32 [stdout]       _.-``    `.  `_.  ''-._           Redis 3.2.100 (00000000/0) 64 bit
2025-04-09 21:20:32 [stdout]   .-`` .-```.  ```\/    _.,_ ''-._                                   
2025-04-09 21:20:32 [stdout]  (    '      ,       .-`  | `,    )     Running in standalone mode
2025-04-09 21:20:32 [stdout]  |`-._`-...-` __...-.``-._|'` _.-'|     Port: 6378
2025-04-09 21:20:32 [stdout]  |    `-._   `._    /     _.-'    |     PID: 18536
2025-04-09 21:20:32 [stdout]   `-._    `-._  `-./  _.-'    _.-'                                   
2025-04-09 21:20:32 [stdout]  |`-._`-._    `-.__.-'    _.-'_.-'|                                  
2025-04-09 21:20:32 [stdout]  |    `-._`-._        _.-'_.-'    |           http://redis.io        
2025-04-09 21:20:32 [stdout]   `-._    `-._`-.__.-'_.-'    _.-'                                   
2025-04-09 21:20:32 [stdout]  |`-._`-._    `-.__.-'    _.-'_.-'|                                  
2025-04-09 21:20:32 [stdout]  |    `-._`-._        _.-'_.-'    |                                  
2025-04-09 21:20:32 [stdout]   `-._    `-._`-.__.-'_.-'    _.-'                                   
2025-04-09 21:20:32 [stdout]       `-._    `-.__.-'    _.-'                                       
2025-04-09 21:20:32 [stdout]           `-._        _.-'                                           
2025-04-09 21:20:32 [stdout]               `-.__.-'                                               
2025-04-09 21:20:32 [stdout] [18536] 09 Apr 21:20:32.075 # Server started, Redis version 3.2.100
2025-04-09 21:20:32 [stdout] [18536] 09 Apr 21:20:32.076 * DB loaded from disk: 0.001 seconds
2025-04-09 21:20:32 [stdout] [18536] 09 Apr 21:20:32.076 * The server is now ready to accept connections on port 6378
2025-04-09 21:21:02 [stdout]                 _._                                                  
2025-04-09 21:21:02 [stdout]            _.-``__ ''-._                                             
2025-04-09 21:21:02 [stdout]       _.-``    `.  `_.  ''-._           Redis 3.2.100 (00000000/0) 64 bit
2025-04-09 21:21:02 [stdout]   .-`` .-```.  ```\/    _.,_ ''-._                                   
2025-04-09 21:21:02 [stdout]  (    '      ,       .-`  | `,    )     Running in standalone mode
2025-04-09 21:21:02 [stdout]  |`-._`-...-` __...-.``-._|'` _.-'|     Port: 6378
2025-04-09 21:21:02 [stdout]  |    `-._   `._    /     _.-'    |     PID: 6392
2025-04-09 21:21:02 [stdout]   `-._    `-._  `-./  _.-'    _.-'                                   
2025-04-09 21:21:02 [stdout]  |`-._`-._    `-.__.-'    _.-'_.-'|                                  
2025-04-09 21:21:02 [stdout]  |    `-._`-._        _.-'_.-'    |           http://redis.io        
2025-04-09 21:21:02 [stdout]   `-._    `-._`-.__.-'_.-'    _.-'                                   
2025-04-09 21:21:02 [stdout]  |`-._`-._    `-.__.-'    _.-'_.-'|                                  
2025-04-09 21:21:02 [stdout]  |    `-._`-._        _.-'_.-'    |                                  
2025-04-09 21:21:02 [stdout]   `-._    `-._`-.__.-'_.-'    _.-'                                   
2025-04-09 21:21:02 [stdout]       `-._    `-.__.-'    _.-'                                       
2025-04-09 21:21:02 [stdout]           `-._        _.-'                                           
2025-04-09 21:21:02 [stdout]               `-.__.-'                                               
2025-04-09 21:21:02 [stdout] [6392] 09 Apr 21:21:02.219 # Server started, Redis version 3.2.100
2025-04-09 21:21:02 [stdout] [6392] 09 Apr 21:21:02.220 * DB loaded from disk: 0.001 seconds
2025-04-09 21:21:02 [stdout] [6392] 09 Apr 21:21:02.220 * The server is now ready to accept connections on port 6378
2025-04-09 21:25:42 [stdout]                 _._                                                  
2025-04-09 21:25:42 [stdout]            _.-``__ ''-._                                             
2025-04-09 21:25:42 [stdout]       _.-``    `.  `_.  ''-._           Redis 3.2.100 (00000000/0) 64 bit
2025-04-09 21:25:42 [stdout]   .-`` .-```.  ```\/    _.,_ ''-._                                   
2025-04-09 21:25:42 [stdout]  (    '      ,       .-`  | `,    )     Running in standalone mode
2025-04-09 21:25:42 [stdout]  |`-._`-...-` __...-.``-._|'` _.-'|     Port: 6378
2025-04-09 21:25:42 [stdout]  |    `-._   `._    /     _.-'    |     PID: 21148
2025-04-09 21:25:42 [stdout]   `-._    `-._  `-./  _.-'    _.-'                                   
2025-04-09 21:25:42 [stdout]  |`-._`-._    `-.__.-'    _.-'_.-'|                                  
2025-04-09 21:25:42 [stdout]  |    `-._`-._        _.-'_.-'    |           http://redis.io        
2025-04-09 21:25:42 [stdout]   `-._    `-._`-.__.-'_.-'    _.-'                                   
2025-04-09 21:25:42 [stdout]  |`-._`-._    `-.__.-'    _.-'_.-'|                                  
2025-04-09 21:25:42 [stdout]  |    `-._`-._        _.-'_.-'    |                                  
2025-04-09 21:25:42 [stdout]   `-._    `-._`-.__.-'_.-'    _.-'                                   
2025-04-09 21:25:42 [stdout]       `-._    `-.__.-'    _.-'                                       
2025-04-09 21:25:42 [stdout]           `-._        _.-'                                           
2025-04-09 21:25:42 [stdout]               `-.__.-'                                               
2025-04-09 21:25:42 [stdout] [21148] 09 Apr 21:25:42.376 # Server started, Redis version 3.2.100
2025-04-09 21:25:42 [stdout] [21148] 09 Apr 21:25:42.377 * DB loaded from disk: 0.001 seconds
2025-04-09 21:25:42 [stdout] [21148] 09 Apr 21:25:42.377 * The server is now ready to accept connections on port 6378
2025-04-09 21:30:36 [stdout]                 _._                                                  
2025-04-09 21:30:36 [stdout]            _.-``__ ''-._                                             
2025-04-09 21:30:36 [stdout]       _.-``    `.  `_.  ''-._           Redis 3.2.100 (00000000/0) 64 bit
2025-04-09 21:30:36 [stdout]   .-`` .-```.  ```\/    _.,_ ''-._                                   
2025-04-09 21:30:36 [stdout]  (    '      ,       .-`  | `,    )     Running in standalone mode
2025-04-09 21:30:36 [stdout]  |`-._`-...-` __...-.``-._|'` _.-'|     Port: 6378
2025-04-09 21:30:36 [stdout]  |    `-._   `._    /     _.-'    |     PID: 4704
2025-04-09 21:30:36 [stdout]   `-._    `-._  `-./  _.-'    _.-'                                   
2025-04-09 21:30:36 [stdout]  |`-._`-._    `-.__.-'    _.-'_.-'|                                  
2025-04-09 21:30:36 [stdout]  |    `-._`-._        _.-'_.-'    |           http://redis.io        
2025-04-09 21:30:36 [stdout]   `-._    `-._`-.__.-'_.-'    _.-'                                   
2025-04-09 21:30:36 [stdout]  |`-._`-._    `-.__.-'    _.-'_.-'|                                  
2025-04-09 21:30:36 [stdout]  |    `-._`-._        _.-'_.-'    |                                  
2025-04-09 21:30:36 [stdout]   `-._    `-._`-.__.-'_.-'    _.-'                                   
2025-04-09 21:30:36 [stdout]       `-._    `-.__.-'    _.-'                                       
2025-04-09 21:30:36 [stdout]           `-._        _.-'                                           
2025-04-09 21:30:36 [stdout]               `-.__.-'                                               
2025-04-09 21:30:36 [stdout] [4704] 09 Apr 21:30:36.348 # Server started, Redis version 3.2.100
2025-04-09 21:30:36 [stdout] [4704] 09 Apr 21:30:36.349 * DB loaded from disk: 0.001 seconds
2025-04-09 21:30:36 [stdout] [4704] 09 Apr 21:30:36.349 * The server is now ready to accept connections on port 6378
2025-04-09 21:32:11 [stdout]                 _._                                                  
2025-04-09 21:32:11 [stdout]            _.-``__ ''-._                                             
2025-04-09 21:32:11 [stdout]       _.-``    `.  `_.  ''-._           Redis 3.2.100 (00000000/0) 64 bit
2025-04-09 21:32:11 [stdout]   .-`` .-```.  ```\/    _.,_ ''-._                                   
2025-04-09 21:32:11 [stdout]  (    '      ,       .-`  | `,    )     Running in standalone mode
2025-04-09 21:32:11 [stdout]  |`-._`-...-` __...-.``-._|'` _.-'|     Port: 6378
2025-04-09 21:32:11 [stdout]  |    `-._   `._    /     _.-'    |     PID: 23228
2025-04-09 21:32:11 [stdout]   `-._    `-._  `-./  _.-'    _.-'                                   
2025-04-09 21:32:11 [stdout]  |`-._`-._    `-.__.-'    _.-'_.-'|                                  
2025-04-09 21:32:11 [stdout]  |    `-._`-._        _.-'_.-'    |           http://redis.io        
2025-04-09 21:32:11 [stdout]   `-._    `-._`-.__.-'_.-'    _.-'                                   
2025-04-09 21:32:11 [stdout]  |`-._`-._    `-.__.-'    _.-'_.-'|                                  
2025-04-09 21:32:11 [stdout]  |    `-._`-._        _.-'_.-'    |                                  
2025-04-09 21:32:11 [stdout]   `-._    `-._`-.__.-'_.-'    _.-'                                   
2025-04-09 21:32:11 [stdout]       `-._    `-.__.-'    _.-'                                       
2025-04-09 21:32:11 [stdout]           `-._        _.-'                                           
2025-04-09 21:32:11 [stdout]               `-.__.-'                                               
2025-04-09 21:32:11 [stdout] [23228] 09 Apr 21:32:11.697 # Server started, Redis version 3.2.100
2025-04-09 21:32:11 [stdout] [23228] 09 Apr 21:32:11.699 * DB loaded from disk: 0.001 seconds
2025-04-09 21:32:11 [stdout] [23228] 09 Apr 21:32:11.699 * The server is now ready to accept connections on port 6378
2025-04-09 21:37:12 [stdout] [23228] 09 Apr 21:37:12.087 * 10 changes in 300 seconds. Saving...
2025-04-09 21:37:12 [stdout] [23228] 09 Apr 21:37:12.090 * Background saving started by pid 25452
2025-04-09 21:37:12 [stdout] [23228] 09 Apr 21:37:12.197 # fork operation complete
2025-04-09 21:37:12 [stdout] [23228] 09 Apr 21:37:12.197 * Background saving terminated with success
2025-04-09 21:44:32 [stdout]                 _._                                                  
2025-04-09 21:44:32 [stdout]            _.-``__ ''-._                                             
2025-04-09 21:44:32 [stdout]       _.-``    `.  `_.  ''-._           Redis 3.2.100 (00000000/0) 64 bit
2025-04-09 21:44:32 [stdout]   .-`` .-```.  ```\/    _.,_ ''-._                                   
2025-04-09 21:44:32 [stdout]  (    '      ,       .-`  | `,    )     Running in standalone mode
2025-04-09 21:44:32 [stdout]  |`-._`-...-` __...-.``-._|'` _.-'|     Port: 6378
2025-04-09 21:44:32 [stdout]  |    `-._   `._    /     _.-'    |     PID: 23560
2025-04-09 21:44:32 [stdout]   `-._    `-._  `-./  _.-'    _.-'                                   
2025-04-09 21:44:32 [stdout]  |`-._`-._    `-.__.-'    _.-'_.-'|                                  
2025-04-09 21:44:32 [stdout]  |    `-._`-._        _.-'_.-'    |           http://redis.io        
2025-04-09 21:44:32 [stdout]   `-._    `-._`-.__.-'_.-'    _.-'                                   
2025-04-09 21:44:32 [stdout]  |`-._`-._    `-.__.-'    _.-'_.-'|                                  
2025-04-09 21:44:32 [stdout]  |    `-._`-._        _.-'_.-'    |                                  
2025-04-09 21:44:32 [stdout]   `-._    `-._`-.__.-'_.-'    _.-'                                   
2025-04-09 21:44:32 [stdout]       `-._    `-.__.-'    _.-'                                       
2025-04-09 21:44:32 [stdout]           `-._        _.-'                                           
2025-04-09 21:44:32 [stdout]               `-.__.-'                                               
2025-04-09 21:44:32 [stdout] [23560] 09 Apr 21:44:32.019 # Server started, Redis version 3.2.100
2025-04-09 21:44:32 [stdout] [23560] 09 Apr 21:44:32.019 * DB loaded from disk: 0.001 seconds
2025-04-09 21:44:32 [stdout] [23560] 09 Apr 21:44:32.019 * The server is now ready to accept connections on port 6378
2025-04-09 21:48:51 [stdout]                 _._                                                  
2025-04-09 21:48:51 [stdout]            _.-``__ ''-._                                             
2025-04-09 21:48:51 [stdout]       _.-``    `.  `_.  ''-._           Redis 3.2.100 (00000000/0) 64 bit
2025-04-09 21:48:51 [stdout]   .-`` .-```.  ```\/    _.,_ ''-._                                   
2025-04-09 21:48:51 [stdout]  (    '      ,       .-`  | `,    )     Running in standalone mode
2025-04-09 21:48:51 [stdout]  |`-._`-...-` __...-.``-._|'` _.-'|     Port: 6378
2025-04-09 21:48:51 [stdout]  |    `-._   `._    /     _.-'    |     PID: 23052
2025-04-09 21:48:51 [stdout]   `-._    `-._  `-./  _.-'    _.-'                                   
2025-04-09 21:48:51 [stdout]  |`-._`-._    `-.__.-'    _.-'_.-'|                                  
2025-04-09 21:48:51 [stdout]  |    `-._`-._        _.-'_.-'    |           http://redis.io        
2025-04-09 21:48:51 [stdout]   `-._    `-._`-.__.-'_.-'    _.-'                                   
2025-04-09 21:48:51 [stdout]  |`-._`-._    `-.__.-'    _.-'_.-'|                                  
2025-04-09 21:48:51 [stdout]  |    `-._`-._        _.-'_.-'    |                                  
2025-04-09 21:48:51 [stdout]   `-._    `-._`-.__.-'_.-'    _.-'                                   
2025-04-09 21:48:51 [stdout]       `-._    `-.__.-'    _.-'                                       
2025-04-09 21:48:51 [stdout]           `-._        _.-'                                           
2025-04-09 21:48:51 [stdout]               `-.__.-'                                               
2025-04-09 21:48:51 [stdout] [23052] 09 Apr 21:48:51.404 # Server started, Redis version 3.2.100
2025-04-09 21:48:51 [stdout] [23052] 09 Apr 21:48:51.405 * DB loaded from disk: 0.001 seconds
2025-04-09 21:48:51 [stdout] [23052] 09 Apr 21:48:51.405 * The server is now ready to accept connections on port 6378
2025-04-09 21:50:32 [stdout]                 _._                                                  
2025-04-09 21:50:32 [stdout]            _.-``__ ''-._                                             
2025-04-09 21:50:32 [stdout]       _.-``    `.  `_.  ''-._           Redis 3.2.100 (00000000/0) 64 bit
2025-04-09 21:50:32 [stdout]   .-`` .-```.  ```\/    _.,_ ''-._                                   
2025-04-09 21:50:32 [stdout]  (    '      ,       .-`  | `,    )     Running in standalone mode
2025-04-09 21:50:32 [stdout]  |`-._`-...-` __...-.``-._|'` _.-'|     Port: 6378
2025-04-09 21:50:32 [stdout]  |    `-._   `._    /     _.-'    |     PID: 3140
2025-04-09 21:50:32 [stdout]   `-._    `-._  `-./  _.-'    _.-'                                   
2025-04-09 21:50:32 [stdout]  |`-._`-._    `-.__.-'    _.-'_.-'|                                  
2025-04-09 21:50:32 [stdout]  |    `-._`-._        _.-'_.-'    |           http://redis.io        
2025-04-09 21:50:32 [stdout]   `-._    `-._`-.__.-'_.-'    _.-'                                   
2025-04-09 21:50:32 [stdout]  |`-._`-._    `-.__.-'    _.-'_.-'|                                  
2025-04-09 21:50:32 [stdout]  |    `-._`-._        _.-'_.-'    |                                  
2025-04-09 21:50:32 [stdout]   `-._    `-._`-.__.-'_.-'    _.-'                                   
2025-04-09 21:50:32 [stdout]       `-._    `-.__.-'    _.-'                                       
2025-04-09 21:50:32 [stdout]           `-._        _.-'                                           
2025-04-09 21:50:32 [stdout]               `-.__.-'                                               
2025-04-09 21:50:32 [stdout] [3140] 09 Apr 21:50:32.989 # Server started, Redis version 3.2.100
2025-04-09 21:50:32 [stdout] [3140] 09 Apr 21:50:32.990 * DB loaded from disk: 0.001 seconds
2025-04-09 21:50:32 [stdout] [3140] 09 Apr 21:50:32.990 * The server is now ready to accept connections on port 6378
2025-04-09 21:54:10 [stdout]                 _._                                                  
2025-04-09 21:54:10 [stdout]            _.-``__ ''-._                                             
2025-04-09 21:54:10 [stdout]       _.-``    `.  `_.  ''-._           Redis 3.2.100 (00000000/0) 64 bit
2025-04-09 21:54:10 [stdout]   .-`` .-```.  ```\/    _.,_ ''-._                                   
2025-04-09 21:54:10 [stdout]  (    '      ,       .-`  | `,    )     Running in standalone mode
2025-04-09 21:54:10 [stdout]  |`-._`-...-` __...-.``-._|'` _.-'|     Port: 6378
2025-04-09 21:54:10 [stdout]  |    `-._   `._    /     _.-'    |     PID: 8992
2025-04-09 21:54:10 [stdout]   `-._    `-._  `-./  _.-'    _.-'                                   
2025-04-09 21:54:10 [stdout]  |`-._`-._    `-.__.-'    _.-'_.-'|                                  
2025-04-09 21:54:10 [stdout]  |    `-._`-._        _.-'_.-'    |           http://redis.io        
2025-04-09 21:54:10 [stdout]   `-._    `-._`-.__.-'_.-'    _.-'                                   
2025-04-09 21:54:10 [stdout]  |`-._`-._    `-.__.-'    _.-'_.-'|                                  
2025-04-09 21:54:10 [stdout]  |    `-._`-._        _.-'_.-'    |                                  
2025-04-09 21:54:10 [stdout]   `-._    `-._`-.__.-'_.-'    _.-'                                   
2025-04-09 21:54:10 [stdout]       `-._    `-.__.-'    _.-'                                       
2025-04-09 21:54:10 [stdout]           `-._        _.-'                                           
2025-04-09 21:54:10 [stdout]               `-.__.-'                                               
2025-04-09 21:54:10 [stdout] [8992] 09 Apr 21:54:10.212 # Server started, Redis version 3.2.100
2025-04-09 21:54:10 [stdout] [8992] 09 Apr 21:54:10.213 * DB loaded from disk: 0.001 seconds
2025-04-09 21:54:10 [stdout] [8992] 09 Apr 21:54:10.213 * The server is now ready to accept connections on port 6378
2025-04-09 21:59:11 [stdout] [8992] 09 Apr 21:59:11.088 * 10 changes in 300 seconds. Saving...
2025-04-09 21:59:11 [stdout] [8992] 09 Apr 21:59:11.091 * Background saving started by pid 24372
2025-04-09 21:59:11 [stdout] [8992] 09 Apr 21:59:11.197 # fork operation complete
2025-04-09 21:59:11 [stdout] [8992] 09 Apr 21:59:11.198 * Background saving terminated with success
2025-04-09 22:01:34 [stdout]                 _._                                                  
2025-04-09 22:01:34 [stdout]            _.-``__ ''-._                                             
2025-04-09 22:01:34 [stdout]       _.-``    `.  `_.  ''-._           Redis 3.2.100 (00000000/0) 64 bit
2025-04-09 22:01:34 [stdout]   .-`` .-```.  ```\/    _.,_ ''-._                                   
2025-04-09 22:01:34 [stdout]  (    '      ,       .-`  | `,    )     Running in standalone mode
2025-04-09 22:01:34 [stdout]  |`-._`-...-` __...-.``-._|'` _.-'|     Port: 6378
2025-04-09 22:01:34 [stdout]  |    `-._   `._    /     _.-'    |     PID: 24588
2025-04-09 22:01:34 [stdout]   `-._    `-._  `-./  _.-'    _.-'                                   
2025-04-09 22:01:34 [stdout]  |`-._`-._    `-.__.-'    _.-'_.-'|                                  
2025-04-09 22:01:34 [stdout]  |    `-._`-._        _.-'_.-'    |           http://redis.io        
2025-04-09 22:01:34 [stdout]   `-._    `-._`-.__.-'_.-'    _.-'                                   
2025-04-09 22:01:34 [stdout]  |`-._`-._    `-.__.-'    _.-'_.-'|                                  
2025-04-09 22:01:34 [stdout]  |    `-._`-._        _.-'_.-'    |                                  
2025-04-09 22:01:34 [stdout]   `-._    `-._`-.__.-'_.-'    _.-'                                   
2025-04-09 22:01:34 [stdout]       `-._    `-.__.-'    _.-'                                       
2025-04-09 22:01:34 [stdout]           `-._        _.-'                                           
2025-04-09 22:01:34 [stdout]               `-.__.-'                                               
2025-04-09 22:01:34 [stdout] [24588] 09 Apr 22:01:34.344 # Server started, Redis version 3.2.100
2025-04-09 22:01:34 [stdout] [24588] 09 Apr 22:01:34.345 * DB loaded from disk: 0.001 seconds
2025-04-09 22:01:34 [stdout] [24588] 09 Apr 22:01:34.345 * The server is now ready to accept connections on port 6378
2025-04-09 22:05:27 [stdout]                 _._                                                  
2025-04-09 22:05:27 [stdout]            _.-``__ ''-._                                             
2025-04-09 22:05:27 [stdout]       _.-``    `.  `_.  ''-._           Redis 3.2.100 (00000000/0) 64 bit
2025-04-09 22:05:27 [stdout]   .-`` .-```.  ```\/    _.,_ ''-._                                   
2025-04-09 22:05:27 [stdout]  (    '      ,       .-`  | `,    )     Running in standalone mode
2025-04-09 22:05:27 [stdout]  |`-._`-...-` __...-.``-._|'` _.-'|     Port: 6378
2025-04-09 22:05:27 [stdout]  |    `-._   `._    /     _.-'    |     PID: 24756
2025-04-09 22:05:27 [stdout]   `-._    `-._  `-./  _.-'    _.-'                                   
2025-04-09 22:05:27 [stdout]  |`-._`-._    `-.__.-'    _.-'_.-'|                                  
2025-04-09 22:05:27 [stdout]  |    `-._`-._        _.-'_.-'    |           http://redis.io        
2025-04-09 22:05:27 [stdout]   `-._    `-._`-.__.-'_.-'    _.-'                                   
2025-04-09 22:05:27 [stdout]  |`-._`-._    `-.__.-'    _.-'_.-'|                                  
2025-04-09 22:05:27 [stdout]  |    `-._`-._        _.-'_.-'    |                                  
2025-04-09 22:05:27 [stdout]   `-._    `-._`-.__.-'_.-'    _.-'                                   
2025-04-09 22:05:27 [stdout]       `-._    `-.__.-'    _.-'                                       
2025-04-09 22:05:27 [stdout]           `-._        _.-'                                           
2025-04-09 22:05:27 [stdout]               `-.__.-'                                               
2025-04-09 22:05:27 [stdout] [24756] 09 Apr 22:05:27.580 # Server started, Redis version 3.2.100
2025-04-09 22:05:27 [stdout] [24756] 09 Apr 22:05:27.581 * DB loaded from disk: 0.001 seconds
2025-04-09 22:05:27 [stdout] [24756] 09 Apr 22:05:27.581 * The server is now ready to accept connections on port 6378
2025-04-09 22:14:00 [stdout]                 _._                                                  
2025-04-09 22:14:00 [stdout]            _.-``__ ''-._                                             
2025-04-09 22:14:00 [stdout]       _.-``    `.  `_.  ''-._           Redis 3.2.100 (00000000/0) 64 bit
2025-04-09 22:14:00 [stdout]   .-`` .-```.  ```\/    _.,_ ''-._                                   
2025-04-09 22:14:00 [stdout]  (    '      ,       .-`  | `,    )     Running in standalone mode
2025-04-09 22:14:00 [stdout]  |`-._`-...-` __...-.``-._|'` _.-'|     Port: 6378
2025-04-09 22:14:00 [stdout]  |    `-._   `._    /     _.-'    |     PID: 26500
2025-04-09 22:14:00 [stdout]   `-._    `-._  `-./  _.-'    _.-'                                   
2025-04-09 22:14:00 [stdout]  |`-._`-._    `-.__.-'    _.-'_.-'|                                  
2025-04-09 22:14:00 [stdout]  |    `-._`-._        _.-'_.-'    |           http://redis.io        
2025-04-09 22:14:00 [stdout]   `-._    `-._`-.__.-'_.-'    _.-'                                   
2025-04-09 22:14:00 [stdout]  |`-._`-._    `-.__.-'    _.-'_.-'|                                  
2025-04-09 22:14:00 [stdout]  |    `-._`-._        _.-'_.-'    |                                  
2025-04-09 22:14:00 [stdout]   `-._    `-._`-.__.-'_.-'    _.-'                                   
2025-04-09 22:14:00 [stdout]       `-._    `-.__.-'    _.-'                                       
2025-04-09 22:14:00 [stdout]           `-._        _.-'                                           
2025-04-09 22:14:00 [stdout]               `-.__.-'                                               
2025-04-09 22:14:00 [stdout] [26500] 09 Apr 22:14:00.555 # Server started, Redis version 3.2.100
2025-04-09 22:14:00 [stdout] [26500] 09 Apr 22:14:00.556 * DB loaded from disk: 0.001 seconds
2025-04-09 22:14:00 [stdout] [26500] 09 Apr 22:14:00.556 * The server is now ready to accept connections on port 6378
2025-04-09 22:18:01 [stdout]                 _._                                                  
2025-04-09 22:18:01 [stdout]            _.-``__ ''-._                                             
2025-04-09 22:18:01 [stdout]       _.-``    `.  `_.  ''-._           Redis 3.2.100 (00000000/0) 64 bit
2025-04-09 22:18:01 [stdout]   .-`` .-```.  ```\/    _.,_ ''-._                                   
2025-04-09 22:18:01 [stdout]  (    '      ,       .-`  | `,    )     Running in standalone mode
2025-04-09 22:18:01 [stdout]  |`-._`-...-` __...-.``-._|'` _.-'|     Port: 6378
2025-04-09 22:18:01 [stdout]  |    `-._   `._    /     _.-'    |     PID: 22128
2025-04-09 22:18:01 [stdout]   `-._    `-._  `-./  _.-'    _.-'                                   
2025-04-09 22:18:01 [stdout]  |`-._`-._    `-.__.-'    _.-'_.-'|                                  
2025-04-09 22:18:01 [stdout]  |    `-._`-._        _.-'_.-'    |           http://redis.io        
2025-04-09 22:18:01 [stdout]   `-._    `-._`-.__.-'_.-'    _.-'                                   
2025-04-09 22:18:01 [stdout]  |`-._`-._    `-.__.-'    _.-'_.-'|                                  
2025-04-09 22:18:01 [stdout]  |    `-._`-._        _.-'_.-'    |                                  
2025-04-09 22:18:01 [stdout]   `-._    `-._`-.__.-'_.-'    _.-'                                   
2025-04-09 22:18:01 [stdout]       `-._    `-.__.-'    _.-'                                       
2025-04-09 22:18:01 [stdout]           `-._        _.-'                                           
2025-04-09 22:18:01 [stdout]               `-.__.-'                                               
2025-04-09 22:18:01 [stdout] [22128] 09 Apr 22:18:01.821 # Server started, Redis version 3.2.100
2025-04-09 22:18:01 [stdout] [22128] 09 Apr 22:18:01.823 * DB loaded from disk: 0.001 seconds
2025-04-09 22:18:01 [stdout] [22128] 09 Apr 22:18:01.823 * The server is now ready to accept connections on port 6378
2025-04-09 22:19:12 [stdout]                 _._                                                  
2025-04-09 22:19:12 [stdout]            _.-``__ ''-._                                             
2025-04-09 22:19:12 [stdout]       _.-``    `.  `_.  ''-._           Redis 3.2.100 (00000000/0) 64 bit
2025-04-09 22:19:12 [stdout]   .-`` .-```.  ```\/    _.,_ ''-._                                   
2025-04-09 22:19:12 [stdout]  (    '      ,       .-`  | `,    )     Running in standalone mode
2025-04-09 22:19:12 [stdout]  |`-._`-...-` __...-.``-._|'` _.-'|     Port: 6378
2025-04-09 22:19:12 [stdout]  |    `-._   `._    /     _.-'    |     PID: 25304
2025-04-09 22:19:12 [stdout]   `-._    `-._  `-./  _.-'    _.-'                                   
2025-04-09 22:19:12 [stdout]  |`-._`-._    `-.__.-'    _.-'_.-'|                                  
2025-04-09 22:19:12 [stdout]  |    `-._`-._        _.-'_.-'    |           http://redis.io        
2025-04-09 22:19:12 [stdout]   `-._    `-._`-.__.-'_.-'    _.-'                                   
2025-04-09 22:19:12 [stdout]  |`-._`-._    `-.__.-'    _.-'_.-'|                                  
2025-04-09 22:19:12 [stdout]  |    `-._`-._        _.-'_.-'    |                                  
2025-04-09 22:19:12 [stdout]   `-._    `-._`-.__.-'_.-'    _.-'                                   
2025-04-09 22:19:12 [stdout]       `-._    `-.__.-'    _.-'                                       
2025-04-09 22:19:12 [stdout]           `-._        _.-'                                           
2025-04-09 22:19:12 [stdout]               `-.__.-'                                               
2025-04-09 22:19:12 [stdout] [25304] 09 Apr 22:19:12.616 # Server started, Redis version 3.2.100
2025-04-09 22:19:12 [stdout] [25304] 09 Apr 22:19:12.616 * DB loaded from disk: 0.001 seconds
2025-04-09 22:19:12 [stdout] [25304] 09 Apr 22:19:12.616 * The server is now ready to accept connections on port 6378
2025-04-09 22:24:13 [stdout] [25304] 09 Apr 22:24:13.028 * 10 changes in 300 seconds. Saving...
2025-04-09 22:24:13 [stdout] [25304] 09 Apr 22:24:13.031 * Background saving started by pid 25064
2025-04-09 22:24:13 [stdout] [25304] 09 Apr 22:24:13.137 # fork operation complete
2025-04-09 22:24:13 [stdout] [25304] 09 Apr 22:24:13.138 * Background saving terminated with success
2025-04-09 22:27:13 [stdout]                 _._                                                  
2025-04-09 22:27:13 [stdout]            _.-``__ ''-._                                             
2025-04-09 22:27:13 [stdout]       _.-``    `.  `_.  ''-._           Redis 3.2.100 (00000000/0) 64 bit
2025-04-09 22:27:13 [stdout]   .-`` .-```.  ```\/    _.,_ ''-._                                   
2025-04-09 22:27:13 [stdout]  (    '      ,       .-`  | `,    )     Running in standalone mode
2025-04-09 22:27:13 [stdout]  |`-._`-...-` __...-.``-._|'` _.-'|     Port: 6378
2025-04-09 22:27:13 [stdout]  |    `-._   `._    /     _.-'    |     PID: 26824
2025-04-09 22:27:13 [stdout]   `-._    `-._  `-./  _.-'    _.-'                                   
2025-04-09 22:27:13 [stdout]  |`-._`-._    `-.__.-'    _.-'_.-'|                                  
2025-04-09 22:27:13 [stdout]  |    `-._`-._        _.-'_.-'    |           http://redis.io        
2025-04-09 22:27:13 [stdout]   `-._    `-._`-.__.-'_.-'    _.-'                                   
2025-04-09 22:27:13 [stdout]  |`-._`-._    `-.__.-'    _.-'_.-'|                                  
2025-04-09 22:27:13 [stdout]  |    `-._`-._        _.-'_.-'    |                                  
2025-04-09 22:27:13 [stdout]   `-._    `-._`-.__.-'_.-'    _.-'                                   
2025-04-09 22:27:13 [stdout]       `-._    `-.__.-'    _.-'                                       
2025-04-09 22:27:13 [stdout]           `-._        _.-'                                           
2025-04-09 22:27:13 [stdout]               `-.__.-'                                               
2025-04-09 22:27:13 [stdout] [26824] 09 Apr 22:27:13.071 # Server started, Redis version 3.2.100
2025-04-09 22:27:13 [stdout] [26824] 09 Apr 22:27:13.071 * DB loaded from disk: 0.001 seconds
2025-04-09 22:27:13 [stdout] [26824] 09 Apr 22:27:13.071 * The server is now ready to accept connections on port 6378
2025-04-09 22:32:17 [stdout]                 _._                                                  
2025-04-09 22:32:17 [stdout]            _.-``__ ''-._                                             
2025-04-09 22:32:17 [stdout]       _.-``    `.  `_.  ''-._           Redis 3.2.100 (00000000/0) 64 bit
2025-04-09 22:32:17 [stdout]   .-`` .-```.  ```\/    _.,_ ''-._                                   
2025-04-09 22:32:17 [stdout]  (    '      ,       .-`  | `,    )     Running in standalone mode
2025-04-09 22:32:17 [stdout]  |`-._`-...-` __...-.``-._|'` _.-'|     Port: 6378
2025-04-09 22:32:17 [stdout]  |    `-._   `._    /     _.-'    |     PID: 15156
2025-04-09 22:32:17 [stdout]   `-._    `-._  `-./  _.-'    _.-'                                   
2025-04-09 22:32:17 [stdout]  |`-._`-._    `-.__.-'    _.-'_.-'|                                  
2025-04-09 22:32:17 [stdout]  |    `-._`-._        _.-'_.-'    |           http://redis.io        
2025-04-09 22:32:17 [stdout]   `-._    `-._`-.__.-'_.-'    _.-'                                   
2025-04-09 22:32:17 [stdout]  |`-._`-._    `-.__.-'    _.-'_.-'|                                  
2025-04-09 22:32:17 [stdout]  |    `-._`-._        _.-'_.-'    |                                  
2025-04-09 22:32:17 [stdout]   `-._    `-._`-.__.-'_.-'    _.-'                                   
2025-04-09 22:32:17 [stdout]       `-._    `-.__.-'    _.-'                                       
2025-04-09 22:32:17 [stdout]           `-._        _.-'                                           
2025-04-09 22:32:17 [stdout]               `-.__.-'                                               
2025-04-09 22:32:17 [stdout] [15156] 09 Apr 22:32:17.867 # Server started, Redis version 3.2.100
2025-04-09 22:32:17 [stdout] [15156] 09 Apr 22:32:17.868 * DB loaded from disk: 0.001 seconds
2025-04-09 22:32:17 [stdout] [15156] 09 Apr 22:32:17.868 * The server is now ready to accept connections on port 6378
2025-04-09 22:32:32 [stdout]                 _._                                                  
2025-04-09 22:32:32 [stdout]            _.-``__ ''-._                                             
2025-04-09 22:32:32 [stdout]       _.-``    `.  `_.  ''-._           Redis 3.2.100 (00000000/0) 64 bit
2025-04-09 22:32:32 [stdout]   .-`` .-```.  ```\/    _.,_ ''-._                                   
2025-04-09 22:32:32 [stdout]  (    '      ,       .-`  | `,    )     Running in standalone mode
2025-04-09 22:32:32 [stdout]  |`-._`-...-` __...-.``-._|'` _.-'|     Port: 6378
2025-04-09 22:32:32 [stdout]  |    `-._   `._    /     _.-'    |     PID: 24112
2025-04-09 22:32:32 [stdout]   `-._    `-._  `-./  _.-'    _.-'                                   
2025-04-09 22:32:32 [stdout]  |`-._`-._    `-.__.-'    _.-'_.-'|                                  
2025-04-09 22:32:32 [stdout]  |    `-._`-._        _.-'_.-'    |           http://redis.io        
2025-04-09 22:32:32 [stdout]   `-._    `-._`-.__.-'_.-'    _.-'                                   
2025-04-09 22:32:32 [stdout]  |`-._`-._    `-.__.-'    _.-'_.-'|                                  
2025-04-09 22:32:32 [stdout]  |    `-._`-._        _.-'_.-'    |                                  
2025-04-09 22:32:32 [stdout]   `-._    `-._`-.__.-'_.-'    _.-'                                   
2025-04-09 22:32:32 [stdout]       `-._    `-.__.-'    _.-'                                       
2025-04-09 22:32:32 [stdout]           `-._        _.-'                                           
2025-04-09 22:32:32 [stdout]               `-.__.-'                                               
2025-04-09 22:32:32 [stdout] [24112] 09 Apr 22:32:32.438 # Server started, Redis version 3.2.100
2025-04-09 22:32:32 [stdout] [24112] 09 Apr 22:32:32.438 * DB loaded from disk: 0.001 seconds
2025-04-09 22:32:32 [stdout] [24112] 09 Apr 22:32:32.438 * The server is now ready to accept connections on port 6378
2025-04-09 22:34:55 [stdout]                 _._                                                  
2025-04-09 22:34:55 [stdout]            _.-``__ ''-._                                             
2025-04-09 22:34:55 [stdout]       _.-``    `.  `_.  ''-._           Redis 3.2.100 (00000000/0) 64 bit
2025-04-09 22:34:55 [stdout]   .-`` .-```.  ```\/    _.,_ ''-._                                   
2025-04-09 22:34:55 [stdout]  (    '      ,       .-`  | `,    )     Running in standalone mode
2025-04-09 22:34:55 [stdout]  |`-._`-...-` __...-.``-._|'` _.-'|     Port: 6378
2025-04-09 22:34:55 [stdout]  |    `-._   `._    /     _.-'    |     PID: 27004
2025-04-09 22:34:55 [stdout]   `-._    `-._  `-./  _.-'    _.-'                                   
2025-04-09 22:34:55 [stdout]  |`-._`-._    `-.__.-'    _.-'_.-'|                                  
2025-04-09 22:34:55 [stdout]  |    `-._`-._        _.-'_.-'    |           http://redis.io        
2025-04-09 22:34:55 [stdout]   `-._    `-._`-.__.-'_.-'    _.-'                                   
2025-04-09 22:34:55 [stdout]  |`-._`-._    `-.__.-'    _.-'_.-'|                                  
2025-04-09 22:34:55 [stdout]  |    `-._`-._        _.-'_.-'    |                                  
2025-04-09 22:34:55 [stdout]   `-._    `-._`-.__.-'_.-'    _.-'                                   
2025-04-09 22:34:55 [stdout]       `-._    `-.__.-'    _.-'                                       
2025-04-09 22:34:55 [stdout]           `-._        _.-'                                           
2025-04-09 22:34:55 [stdout]               `-.__.-'                                               
2025-04-09 22:34:55 [stdout] [27004] 09 Apr 22:34:55.010 # Server started, Redis version 3.2.100
2025-04-09 22:34:55 [stdout] [27004] 09 Apr 22:34:55.011 * DB loaded from disk: 0.001 seconds
2025-04-09 22:34:55 [stdout] [27004] 09 Apr 22:34:55.011 * The server is now ready to accept connections on port 6378
2025-04-09 22:38:06 [stdout]                 _._                                                  
2025-04-09 22:38:06 [stdout]            _.-``__ ''-._                                             
2025-04-09 22:38:06 [stdout]       _.-``    `.  `_.  ''-._           Redis 3.2.100 (00000000/0) 64 bit
2025-04-09 22:38:06 [stdout]   .-`` .-```.  ```\/    _.,_ ''-._                                   
2025-04-09 22:38:06 [stdout]  (    '      ,       .-`  | `,    )     Running in standalone mode
2025-04-09 22:38:06 [stdout]  |`-._`-...-` __...-.``-._|'` _.-'|     Port: 6378
2025-04-09 22:38:06 [stdout]  |    `-._   `._    /     _.-'    |     PID: 21768
2025-04-09 22:38:06 [stdout]   `-._    `-._  `-./  _.-'    _.-'                                   
2025-04-09 22:38:06 [stdout]  |`-._`-._    `-.__.-'    _.-'_.-'|                                  
2025-04-09 22:38:06 [stdout]  |    `-._`-._        _.-'_.-'    |           http://redis.io        
2025-04-09 22:38:06 [stdout]   `-._    `-._`-.__.-'_.-'    _.-'                                   
2025-04-09 22:38:06 [stdout]  |`-._`-._    `-.__.-'    _.-'_.-'|                                  
2025-04-09 22:38:06 [stdout]  |    `-._`-._        _.-'_.-'    |                                  
2025-04-09 22:38:06 [stdout]   `-._    `-._`-.__.-'_.-'    _.-'                                   
2025-04-09 22:38:06 [stdout]       `-._    `-.__.-'    _.-'                                       
2025-04-09 22:38:06 [stdout]           `-._        _.-'                                           
2025-04-09 22:38:06 [stdout]               `-.__.-'                                               
2025-04-09 22:38:06 [stdout] [21768] 09 Apr 22:38:06.664 # Server started, Redis version 3.2.100
2025-04-09 22:38:06 [stdout] [21768] 09 Apr 22:38:06.665 * DB loaded from disk: 0.001 seconds
2025-04-09 22:38:06 [stdout] [21768] 09 Apr 22:38:06.665 * The server is now ready to accept connections on port 6378
2025-04-09 22:39:42 [stdout]                 _._                                                  
2025-04-09 22:39:42 [stdout]            _.-``__ ''-._                                             
2025-04-09 22:39:42 [stdout]       _.-``    `.  `_.  ''-._           Redis 3.2.100 (00000000/0) 64 bit
2025-04-09 22:39:42 [stdout]   .-`` .-```.  ```\/    _.,_ ''-._                                   
2025-04-09 22:39:42 [stdout]  (    '      ,       .-`  | `,    )     Running in standalone mode
2025-04-09 22:39:42 [stdout]  |`-._`-...-` __...-.``-._|'` _.-'|     Port: 6378
2025-04-09 22:39:42 [stdout]  |    `-._   `._    /     _.-'    |     PID: 23868
2025-04-09 22:39:42 [stdout]   `-._    `-._  `-./  _.-'    _.-'                                   
2025-04-09 22:39:42 [stdout]  |`-._`-._    `-.__.-'    _.-'_.-'|                                  
2025-04-09 22:39:42 [stdout]  |    `-._`-._        _.-'_.-'    |           http://redis.io        
2025-04-09 22:39:42 [stdout]   `-._    `-._`-.__.-'_.-'    _.-'                                   
2025-04-09 22:39:42 [stdout]  |`-._`-._    `-.__.-'    _.-'_.-'|                                  
2025-04-09 22:39:42 [stdout]  |    `-._`-._        _.-'_.-'    |                                  
2025-04-09 22:39:42 [stdout]   `-._    `-._`-.__.-'_.-'    _.-'                                   
2025-04-09 22:39:42 [stdout]       `-._    `-.__.-'    _.-'                                       
2025-04-09 22:39:42 [stdout]           `-._        _.-'                                           
2025-04-09 22:39:42 [stdout]               `-.__.-'                                               
2025-04-09 22:39:42 [stdout] [23868] 09 Apr 22:39:42.216 # Server started, Redis version 3.2.100
2025-04-09 22:39:42 [stdout] [23868] 09 Apr 22:39:42.217 * DB loaded from disk: 0.001 seconds
2025-04-09 22:39:42 [stdout] [23868] 09 Apr 22:39:42.217 * The server is now ready to accept connections on port 6378
2025-04-09 22:40:29 [stdout]                 _._                                                  
2025-04-09 22:40:29 [stdout]            _.-``__ ''-._                                             
2025-04-09 22:40:29 [stdout]       _.-``    `.  `_.  ''-._           Redis 3.2.100 (00000000/0) 64 bit
2025-04-09 22:40:29 [stdout]   .-`` .-```.  ```\/    _.,_ ''-._                                   
2025-04-09 22:40:29 [stdout]  (    '      ,       .-`  | `,    )     Running in standalone mode
2025-04-09 22:40:29 [stdout]  |`-._`-...-` __...-.``-._|'` _.-'|     Port: 6378
2025-04-09 22:40:29 [stdout]  |    `-._   `._    /     _.-'    |     PID: 24364
2025-04-09 22:40:29 [stdout]   `-._    `-._  `-./  _.-'    _.-'                                   
2025-04-09 22:40:29 [stdout]  |`-._`-._    `-.__.-'    _.-'_.-'|                                  
2025-04-09 22:40:29 [stdout]  |    `-._`-._        _.-'_.-'    |           http://redis.io        
2025-04-09 22:40:29 [stdout]   `-._    `-._`-.__.-'_.-'    _.-'                                   
2025-04-09 22:40:29 [stdout]  |`-._`-._    `-.__.-'    _.-'_.-'|                                  
2025-04-09 22:40:29 [stdout]  |    `-._`-._        _.-'_.-'    |                                  
2025-04-09 22:40:29 [stdout]   `-._    `-._`-.__.-'_.-'    _.-'                                   
2025-04-09 22:40:29 [stdout]       `-._    `-.__.-'    _.-'                                       
2025-04-09 22:40:29 [stdout]           `-._        _.-'                                           
2025-04-09 22:40:29 [stdout]               `-.__.-'                                               
2025-04-09 22:40:29 [stdout] [24364] 09 Apr 22:40:29.808 # Server started, Redis version 3.2.100
2025-04-09 22:40:29 [stdout] [24364] 09 Apr 22:40:29.808 * DB loaded from disk: 0.001 seconds
2025-04-09 22:40:29 [stdout] [24364] 09 Apr 22:40:29.808 * The server is now ready to accept connections on port 6378
2025-04-09 22:43:08 [stdout]                 _._                                                  
2025-04-09 22:43:08 [stdout]            _.-``__ ''-._                                             
2025-04-09 22:43:08 [stdout]       _.-``    `.  `_.  ''-._           Redis 3.2.100 (00000000/0) 64 bit
2025-04-09 22:43:08 [stdout]   .-`` .-```.  ```\/    _.,_ ''-._                                   
2025-04-09 22:43:08 [stdout]  (    '      ,       .-`  | `,    )     Running in standalone mode
2025-04-09 22:43:08 [stdout]  |`-._`-...-` __...-.``-._|'` _.-'|     Port: 6378
2025-04-09 22:43:08 [stdout]  |    `-._   `._    /     _.-'    |     PID: 27212
2025-04-09 22:43:08 [stdout]   `-._    `-._  `-./  _.-'    _.-'                                   
2025-04-09 22:43:08 [stdout]  |`-._`-._    `-.__.-'    _.-'_.-'|                                  
2025-04-09 22:43:08 [stdout]  |    `-._`-._        _.-'_.-'    |           http://redis.io        
2025-04-09 22:43:08 [stdout]   `-._    `-._`-.__.-'_.-'    _.-'                                   
2025-04-09 22:43:08 [stdout]  |`-._`-._    `-.__.-'    _.-'_.-'|                                  
2025-04-09 22:43:08 [stdout]  |    `-._`-._        _.-'_.-'    |                                  
2025-04-09 22:43:08 [stdout]   `-._    `-._`-.__.-'_.-'    _.-'                                   
2025-04-09 22:43:08 [stdout]       `-._    `-.__.-'    _.-'                                       
2025-04-09 22:43:08 [stdout]           `-._        _.-'                                           
2025-04-09 22:43:08 [stdout]               `-.__.-'                                               
2025-04-09 22:43:08 [stdout] [27212] 09 Apr 22:43:08.078 # Server started, Redis version 3.2.100
2025-04-09 22:43:08 [stdout] [27212] 09 Apr 22:43:08.078 * DB loaded from disk: 0.001 seconds
2025-04-09 22:43:08 [stdout] [27212] 09 Apr 22:43:08.078 * The server is now ready to accept connections on port 6378
2025-04-09 22:44:09 [stdout]                 _._                                                  
2025-04-09 22:44:09 [stdout]            _.-``__ ''-._                                             
2025-04-09 22:44:09 [stdout]       _.-``    `.  `_.  ''-._           Redis 3.2.100 (00000000/0) 64 bit
2025-04-09 22:44:09 [stdout]   .-`` .-```.  ```\/    _.,_ ''-._                                   
2025-04-09 22:44:09 [stdout]  (    '      ,       .-`  | `,    )     Running in standalone mode
2025-04-09 22:44:09 [stdout]  |`-._`-...-` __...-.``-._|'` _.-'|     Port: 6378
2025-04-09 22:44:09 [stdout]  |    `-._   `._    /     _.-'    |     PID: 24572
2025-04-09 22:44:09 [stdout]   `-._    `-._  `-./  _.-'    _.-'                                   
2025-04-09 22:44:09 [stdout]  |`-._`-._    `-.__.-'    _.-'_.-'|                                  
2025-04-09 22:44:09 [stdout]  |    `-._`-._        _.-'_.-'    |           http://redis.io        
2025-04-09 22:44:09 [stdout]   `-._    `-._`-.__.-'_.-'    _.-'                                   
2025-04-09 22:44:09 [stdout]  |`-._`-._    `-.__.-'    _.-'_.-'|                                  
2025-04-09 22:44:09 [stdout]  |    `-._`-._        _.-'_.-'    |                                  
2025-04-09 22:44:09 [stdout]   `-._    `-._`-.__.-'_.-'    _.-'                                   
2025-04-09 22:44:09 [stdout]       `-._    `-.__.-'    _.-'                                       
2025-04-09 22:44:09 [stdout]           `-._        _.-'                                           
2025-04-09 22:44:09 [stdout]               `-.__.-'                                               
2025-04-09 22:44:09 [stdout] [24572] 09 Apr 22:44:09.167 # Server started, Redis version 3.2.100
2025-04-09 22:44:09 [stdout] [24572] 09 Apr 22:44:09.168 * DB loaded from disk: 0.001 seconds
2025-04-09 22:44:09 [stdout] [24572] 09 Apr 22:44:09.168 * The server is now ready to accept connections on port 6378
2025-04-09 22:45:06 [stdout]                 _._                                                  
2025-04-09 22:45:06 [stdout]            _.-``__ ''-._                                             
2025-04-09 22:45:06 [stdout]       _.-``    `.  `_.  ''-._           Redis 3.2.100 (00000000/0) 64 bit
2025-04-09 22:45:06 [stdout]   .-`` .-```.  ```\/    _.,_ ''-._                                   
2025-04-09 22:45:06 [stdout]  (    '      ,       .-`  | `,    )     Running in standalone mode
2025-04-09 22:45:06 [stdout]  |`-._`-...-` __...-.``-._|'` _.-'|     Port: 6378
2025-04-09 22:45:06 [stdout]  |    `-._   `._    /     _.-'    |     PID: 26972
2025-04-09 22:45:06 [stdout]   `-._    `-._  `-./  _.-'    _.-'                                   
2025-04-09 22:45:06 [stdout]  |`-._`-._    `-.__.-'    _.-'_.-'|                                  
2025-04-09 22:45:06 [stdout]  |    `-._`-._        _.-'_.-'    |           http://redis.io        
2025-04-09 22:45:06 [stdout]   `-._    `-._`-.__.-'_.-'    _.-'                                   
2025-04-09 22:45:06 [stdout]  |`-._`-._    `-.__.-'    _.-'_.-'|                                  
2025-04-09 22:45:06 [stdout]  |    `-._`-._        _.-'_.-'    |                                  
2025-04-09 22:45:06 [stdout]   `-._    `-._`-.__.-'_.-'    _.-'                                   
2025-04-09 22:45:06 [stdout]       `-._    `-.__.-'    _.-'                                       
2025-04-09 22:45:06 [stdout]           `-._        _.-'                                           
2025-04-09 22:45:06 [stdout]               `-.__.-'                                               
2025-04-09 22:45:06 [stdout] [26972] 09 Apr 22:45:06.707 # Server started, Redis version 3.2.100
2025-04-09 22:45:06 [stdout] [26972] 09 Apr 22:45:06.708 * DB loaded from disk: 0.001 seconds
2025-04-09 22:45:06 [stdout] [26972] 09 Apr 22:45:06.708 * The server is now ready to accept connections on port 6378
2025-04-09 22:47:03 [stdout]                 _._                                                  
2025-04-09 22:47:03 [stdout]            _.-``__ ''-._                                             
2025-04-09 22:47:03 [stdout]       _.-``    `.  `_.  ''-._           Redis 3.2.100 (00000000/0) 64 bit
2025-04-09 22:47:03 [stdout]   .-`` .-```.  ```\/    _.,_ ''-._                                   
2025-04-09 22:47:03 [stdout]  (    '      ,       .-`  | `,    )     Running in standalone mode
2025-04-09 22:47:03 [stdout]  |`-._`-...-` __...-.``-._|'` _.-'|     Port: 6378
2025-04-09 22:47:03 [stdout]  |    `-._   `._    /     _.-'    |     PID: 24136
2025-04-09 22:47:03 [stdout]   `-._    `-._  `-./  _.-'    _.-'                                   
2025-04-09 22:47:03 [stdout]  |`-._`-._    `-.__.-'    _.-'_.-'|                                  
2025-04-09 22:47:03 [stdout]  |    `-._`-._        _.-'_.-'    |           http://redis.io        
2025-04-09 22:47:03 [stdout]   `-._    `-._`-.__.-'_.-'    _.-'                                   
2025-04-09 22:47:03 [stdout]  |`-._`-._    `-.__.-'    _.-'_.-'|                                  
2025-04-09 22:47:03 [stdout]  |    `-._`-._        _.-'_.-'    |                                  
2025-04-09 22:47:03 [stdout]   `-._    `-._`-.__.-'_.-'    _.-'                                   
2025-04-09 22:47:03 [stdout]       `-._    `-.__.-'    _.-'                                       
2025-04-09 22:47:03 [stdout]           `-._        _.-'                                           
2025-04-09 22:47:03 [stdout]               `-.__.-'                                               
2025-04-09 22:47:03 [stdout] [24136] 09 Apr 22:47:03.592 # Server started, Redis version 3.2.100
2025-04-09 22:47:03 [stdout] [24136] 09 Apr 22:47:03.592 * DB loaded from disk: 0.001 seconds
2025-04-09 22:47:03 [stdout] [24136] 09 Apr 22:47:03.593 * The server is now ready to accept connections on port 6378
2025-04-09 22:49:04 [stdout]                 _._                                                  
2025-04-09 22:49:04 [stdout]            _.-``__ ''-._                                             
2025-04-09 22:49:04 [stdout]       _.-``    `.  `_.  ''-._           Redis 3.2.100 (00000000/0) 64 bit
2025-04-09 22:49:04 [stdout]   .-`` .-```.  ```\/    _.,_ ''-._                                   
2025-04-09 22:49:04 [stdout]  (    '      ,       .-`  | `,    )     Running in standalone mode
2025-04-09 22:49:04 [stdout]  |`-._`-...-` __...-.``-._|'` _.-'|     Port: 6378
2025-04-09 22:49:04 [stdout]  |    `-._   `._    /     _.-'    |     PID: 24524
2025-04-09 22:49:04 [stdout]   `-._    `-._  `-./  _.-'    _.-'                                   
2025-04-09 22:49:04 [stdout]  |`-._`-._    `-.__.-'    _.-'_.-'|                                  
2025-04-09 22:49:04 [stdout]  |    `-._`-._        _.-'_.-'    |           http://redis.io        
2025-04-09 22:49:04 [stdout]   `-._    `-._`-.__.-'_.-'    _.-'                                   
2025-04-09 22:49:04 [stdout]  |`-._`-._    `-.__.-'    _.-'_.-'|                                  
2025-04-09 22:49:04 [stdout]  |    `-._`-._        _.-'_.-'    |                                  
2025-04-09 22:49:04 [stdout]   `-._    `-._`-.__.-'_.-'    _.-'                                   
2025-04-09 22:49:04 [stdout]       `-._    `-.__.-'    _.-'                                       
2025-04-09 22:49:04 [stdout]           `-._        _.-'                                           
2025-04-09 22:49:04 [stdout]               `-.__.-'                                               
2025-04-09 22:49:04 [stdout] [24524] 09 Apr 22:49:04.566 # Server started, Redis version 3.2.100
2025-04-09 22:49:04 [stdout] [24524] 09 Apr 22:49:04.567 * DB loaded from disk: 0.001 seconds
2025-04-09 22:49:04 [stdout] [24524] 09 Apr 22:49:04.567 * The server is now ready to accept connections on port 6378
2025-04-09 22:49:39 [stdout]                 _._                                                  
2025-04-09 22:49:39 [stdout]            _.-``__ ''-._                                             
2025-04-09 22:49:39 [stdout]       _.-``    `.  `_.  ''-._           Redis 3.2.100 (00000000/0) 64 bit
2025-04-09 22:49:39 [stdout]   .-`` .-```.  ```\/    _.,_ ''-._                                   
2025-04-09 22:49:39 [stdout]  (    '      ,       .-`  | `,    )     Running in standalone mode
2025-04-09 22:49:39 [stdout]  |`-._`-...-` __...-.``-._|'` _.-'|     Port: 6378
2025-04-09 22:49:39 [stdout]  |    `-._   `._    /     _.-'    |     PID: 7644
2025-04-09 22:49:39 [stdout]   `-._    `-._  `-./  _.-'    _.-'                                   
2025-04-09 22:49:39 [stdout]  |`-._`-._    `-.__.-'    _.-'_.-'|                                  
2025-04-09 22:49:39 [stdout]  |    `-._`-._        _.-'_.-'    |           http://redis.io        
2025-04-09 22:49:39 [stdout]   `-._    `-._`-.__.-'_.-'    _.-'                                   
2025-04-09 22:49:39 [stdout]  |`-._`-._    `-.__.-'    _.-'_.-'|                                  
2025-04-09 22:49:39 [stdout]  |    `-._`-._        _.-'_.-'    |                                  
2025-04-09 22:49:39 [stdout]   `-._    `-._`-.__.-'_.-'    _.-'                                   
2025-04-09 22:49:39 [stdout]       `-._    `-.__.-'    _.-'                                       
2025-04-09 22:49:39 [stdout]           `-._        _.-'                                           
2025-04-09 22:49:39 [stdout]               `-.__.-'                                               
2025-04-09 22:49:39 [stdout] [7644] 09 Apr 22:49:39.677 # Server started, Redis version 3.2.100
2025-04-09 22:49:39 [stdout] [7644] 09 Apr 22:49:39.678 * DB loaded from disk: 0.001 seconds
2025-04-09 22:49:39 [stdout] [7644] 09 Apr 22:49:39.678 * The server is now ready to accept connections on port 6378
2025-04-09 22:52:53 [stdout]                 _._                                                  
2025-04-09 22:52:53 [stdout]            _.-``__ ''-._                                             
2025-04-09 22:52:53 [stdout]       _.-``    `.  `_.  ''-._           Redis 3.2.100 (00000000/0) 64 bit
2025-04-09 22:52:53 [stdout]   .-`` .-```.  ```\/    _.,_ ''-._                                   
2025-04-09 22:52:53 [stdout]  (    '      ,       .-`  | `,    )     Running in standalone mode
2025-04-09 22:52:53 [stdout]  |`-._`-...-` __...-.``-._|'` _.-'|     Port: 6378
2025-04-09 22:52:53 [stdout]  |    `-._   `._    /     _.-'    |     PID: 5416
2025-04-09 22:52:53 [stdout]   `-._    `-._  `-./  _.-'    _.-'                                   
2025-04-09 22:52:53 [stdout]  |`-._`-._    `-.__.-'    _.-'_.-'|                                  
2025-04-09 22:52:53 [stdout]  |    `-._`-._        _.-'_.-'    |           http://redis.io        
2025-04-09 22:52:53 [stdout]   `-._    `-._`-.__.-'_.-'    _.-'                                   
2025-04-09 22:52:53 [stdout]  |`-._`-._    `-.__.-'    _.-'_.-'|                                  
2025-04-09 22:52:53 [stdout]  |    `-._`-._        _.-'_.-'    |                                  
2025-04-09 22:52:53 [stdout]   `-._    `-._`-.__.-'_.-'    _.-'                                   
2025-04-09 22:52:53 [stdout]       `-._    `-.__.-'    _.-'                                       
2025-04-09 22:52:53 [stdout]           `-._        _.-'                                           
2025-04-09 22:52:53 [stdout]               `-.__.-'                                               
2025-04-09 22:52:53 [stdout] [5416] 09 Apr 22:52:53.191 # Server started, Redis version 3.2.100
2025-04-09 22:52:53 [stdout] [5416] 09 Apr 22:52:53.192 * DB loaded from disk: 0.001 seconds
2025-04-09 22:52:53 [stdout] [5416] 09 Apr 22:52:53.192 * The server is now ready to accept connections on port 6378
2025-04-09 22:54:57 [stdout]                 _._                                                  
2025-04-09 22:54:57 [stdout]            _.-``__ ''-._                                             
2025-04-09 22:54:57 [stdout]       _.-``    `.  `_.  ''-._           Redis 3.2.100 (00000000/0) 64 bit
2025-04-09 22:54:57 [stdout]   .-`` .-```.  ```\/    _.,_ ''-._                                   
2025-04-09 22:54:57 [stdout]  (    '      ,       .-`  | `,    )     Running in standalone mode
2025-04-09 22:54:57 [stdout]  |`-._`-...-` __...-.``-._|'` _.-'|     Port: 6378
2025-04-09 22:54:57 [stdout]  |    `-._   `._    /     _.-'    |     PID: 24932
2025-04-09 22:54:57 [stdout]   `-._    `-._  `-./  _.-'    _.-'                                   
2025-04-09 22:54:57 [stdout]  |`-._`-._    `-.__.-'    _.-'_.-'|                                  
2025-04-09 22:54:57 [stdout]  |    `-._`-._        _.-'_.-'    |           http://redis.io        
2025-04-09 22:54:57 [stdout]   `-._    `-._`-.__.-'_.-'    _.-'                                   
2025-04-09 22:54:57 [stdout]  |`-._`-._    `-.__.-'    _.-'_.-'|                                  
2025-04-09 22:54:57 [stdout]  |    `-._`-._        _.-'_.-'    |                                  
2025-04-09 22:54:57 [stdout]   `-._    `-._`-.__.-'_.-'    _.-'                                   
2025-04-09 22:54:57 [stdout]       `-._    `-.__.-'    _.-'                                       
2025-04-09 22:54:57 [stdout]           `-._        _.-'                                           
2025-04-09 22:54:57 [stdout]               `-.__.-'                                               
2025-04-09 22:54:57 [stdout] [24932] 09 Apr 22:54:57.565 # Server started, Redis version 3.2.100
2025-04-09 22:54:57 [stdout] [24932] 09 Apr 22:54:57.566 * DB loaded from disk: 0.001 seconds
2025-04-09 22:54:57 [stdout] [24932] 09 Apr 22:54:57.566 * The server is now ready to accept connections on port 6378
2025-04-09 22:59:58 [stdout] [24932] 09 Apr 22:59:58.024 * 10 changes in 300 seconds. Saving...
2025-04-09 22:59:58 [stdout] [24932] 09 Apr 22:59:58.027 * Background saving started by pid 27636
2025-04-09 22:59:58 [stdout] [24932] 09 Apr 22:59:58.134 # fork operation complete
2025-04-09 22:59:58 [stdout] [24932] 09 Apr 22:59:58.135 * Background saving terminated with success
2025-04-09 23:01:48 [stdout]                 _._                                                  
2025-04-09 23:01:48 [stdout]            _.-``__ ''-._                                             
2025-04-09 23:01:48 [stdout]       _.-``    `.  `_.  ''-._           Redis 3.2.100 (00000000/0) 64 bit
2025-04-09 23:01:48 [stdout]   .-`` .-```.  ```\/    _.,_ ''-._                                   
2025-04-09 23:01:48 [stdout]  (    '      ,       .-`  | `,    )     Running in standalone mode
2025-04-09 23:01:48 [stdout]  |`-._`-...-` __...-.``-._|'` _.-'|     Port: 6378
2025-04-09 23:01:48 [stdout]  |    `-._   `._    /     _.-'    |     PID: 24176
2025-04-09 23:01:48 [stdout]   `-._    `-._  `-./  _.-'    _.-'                                   
2025-04-09 23:01:48 [stdout]  |`-._`-._    `-.__.-'    _.-'_.-'|                                  
2025-04-09 23:01:48 [stdout]  |    `-._`-._        _.-'_.-'    |           http://redis.io        
2025-04-09 23:01:48 [stdout]   `-._    `-._`-.__.-'_.-'    _.-'                                   
2025-04-09 23:01:48 [stdout]  |`-._`-._    `-.__.-'    _.-'_.-'|                                  
2025-04-09 23:01:48 [stdout]  |    `-._`-._        _.-'_.-'    |                                  
2025-04-09 23:01:48 [stdout]   `-._    `-._`-.__.-'_.-'    _.-'                                   
2025-04-09 23:01:48 [stdout]       `-._    `-.__.-'    _.-'                                       
2025-04-09 23:01:48 [stdout]           `-._        _.-'                                           
2025-04-09 23:01:48 [stdout]               `-.__.-'                                               
2025-04-09 23:01:48 [stdout] [24176] 09 Apr 23:01:48.559 # Server started, Redis version 3.2.100
2025-04-09 23:01:48 [stdout] [24176] 09 Apr 23:01:48.560 * DB loaded from disk: 0.001 seconds
2025-04-09 23:01:48 [stdout] [24176] 09 Apr 23:01:48.560 * The server is now ready to accept connections on port 6378
2025-04-09 23:03:00 [stdout]                 _._                                                  
2025-04-09 23:03:00 [stdout]            _.-``__ ''-._                                             
2025-04-09 23:03:00 [stdout]       _.-``    `.  `_.  ''-._           Redis 3.2.100 (00000000/0) 64 bit
2025-04-09 23:03:00 [stdout]   .-`` .-```.  ```\/    _.,_ ''-._                                   
2025-04-09 23:03:00 [stdout]  (    '      ,       .-`  | `,    )     Running in standalone mode
2025-04-09 23:03:00 [stdout]  |`-._`-...-` __...-.``-._|'` _.-'|     Port: 6378
2025-04-09 23:03:00 [stdout]  |    `-._   `._    /     _.-'    |     PID: 27232
2025-04-09 23:03:00 [stdout]   `-._    `-._  `-./  _.-'    _.-'                                   
2025-04-09 23:03:00 [stdout]  |`-._`-._    `-.__.-'    _.-'_.-'|                                  
2025-04-09 23:03:00 [stdout]  |    `-._`-._        _.-'_.-'    |           http://redis.io        
2025-04-09 23:03:00 [stdout]   `-._    `-._`-.__.-'_.-'    _.-'                                   
2025-04-09 23:03:00 [stdout]  |`-._`-._    `-.__.-'    _.-'_.-'|                                  
2025-04-09 23:03:00 [stdout]  |    `-._`-._        _.-'_.-'    |                                  
2025-04-09 23:03:00 [stdout]   `-._    `-._`-.__.-'_.-'    _.-'                                   
2025-04-09 23:03:00 [stdout]       `-._    `-.__.-'    _.-'                                       
2025-04-09 23:03:00 [stdout]           `-._        _.-'                                           
2025-04-09 23:03:00 [stdout]               `-.__.-'                                               
2025-04-09 23:03:00 [stdout] [27232] 09 Apr 23:03:00.792 # Server started, Redis version 3.2.100
2025-04-09 23:03:00 [stdout] [27232] 09 Apr 23:03:00.793 * DB loaded from disk: 0.001 seconds
2025-04-09 23:03:00 [stdout] [27232] 09 Apr 23:03:00.793 * The server is now ready to accept connections on port 6378
2025-04-09 23:06:15 [stdout]                 _._                                                  
2025-04-09 23:06:15 [stdout]            _.-``__ ''-._                                             
2025-04-09 23:06:15 [stdout]       _.-``    `.  `_.  ''-._           Redis 3.2.100 (00000000/0) 64 bit
2025-04-09 23:06:15 [stdout]   .-`` .-```.  ```\/    _.,_ ''-._                                   
2025-04-09 23:06:15 [stdout]  (    '      ,       .-`  | `,    )     Running in standalone mode
2025-04-09 23:06:15 [stdout]  |`-._`-...-` __...-.``-._|'` _.-'|     Port: 6378
2025-04-09 23:06:15 [stdout]  |    `-._   `._    /     _.-'    |     PID: 7376
2025-04-09 23:06:15 [stdout]   `-._    `-._  `-./  _.-'    _.-'                                   
2025-04-09 23:06:15 [stdout]  |`-._`-._    `-.__.-'    _.-'_.-'|                                  
2025-04-09 23:06:15 [stdout]  |    `-._`-._        _.-'_.-'    |           http://redis.io        
2025-04-09 23:06:15 [stdout]   `-._    `-._`-.__.-'_.-'    _.-'                                   
2025-04-09 23:06:15 [stdout]  |`-._`-._    `-.__.-'    _.-'_.-'|                                  
2025-04-09 23:06:15 [stdout]  |    `-._`-._        _.-'_.-'    |                                  
2025-04-09 23:06:15 [stdout]   `-._    `-._`-.__.-'_.-'    _.-'                                   
2025-04-09 23:06:15 [stdout]       `-._    `-.__.-'    _.-'                                       
2025-04-09 23:06:15 [stdout]           `-._        _.-'                                           
2025-04-09 23:06:15 [stdout]               `-.__.-'                                               
2025-04-09 23:06:15 [stdout] [7376] 09 Apr 23:06:15.660 # Server started, Redis version 3.2.100
2025-04-09 23:06:15 [stdout] [7376] 09 Apr 23:06:15.660 * DB loaded from disk: 0.001 seconds
2025-04-09 23:06:15 [stdout] [7376] 09 Apr 23:06:15.660 * The server is now ready to accept connections on port 6378
2025-04-09 23:08:23 [stdout]                 _._                                                  
2025-04-09 23:08:23 [stdout]            _.-``__ ''-._                                             
2025-04-09 23:08:23 [stdout]       _.-``    `.  `_.  ''-._           Redis 3.2.100 (00000000/0) 64 bit
2025-04-09 23:08:23 [stdout]   .-`` .-```.  ```\/    _.,_ ''-._                                   
2025-04-09 23:08:23 [stdout]  (    '      ,       .-`  | `,    )     Running in standalone mode
2025-04-09 23:08:23 [stdout]  |`-._`-...-` __...-.``-._|'` _.-'|     Port: 6378
2025-04-09 23:08:23 [stdout]  |    `-._   `._    /     _.-'    |     PID: 22260
2025-04-09 23:08:23 [stdout]   `-._    `-._  `-./  _.-'    _.-'                                   
2025-04-09 23:08:23 [stdout]  |`-._`-._    `-.__.-'    _.-'_.-'|                                  
2025-04-09 23:08:23 [stdout]  |    `-._`-._        _.-'_.-'    |           http://redis.io        
2025-04-09 23:08:23 [stdout]   `-._    `-._`-.__.-'_.-'    _.-'                                   
2025-04-09 23:08:23 [stdout]  |`-._`-._    `-.__.-'    _.-'_.-'|                                  
2025-04-09 23:08:23 [stdout]  |    `-._`-._        _.-'_.-'    |                                  
2025-04-09 23:08:23 [stdout]   `-._    `-._`-.__.-'_.-'    _.-'                                   
2025-04-09 23:08:23 [stdout]       `-._    `-.__.-'    _.-'                                       
2025-04-09 23:08:23 [stdout]           `-._        _.-'                                           
2025-04-09 23:08:23 [stdout]               `-.__.-'                                               
2025-04-09 23:08:23 [stdout] [22260] 09 Apr 23:08:23.637 # Server started, Redis version 3.2.100
2025-04-09 23:08:23 [stdout] [22260] 09 Apr 23:08:23.637 * DB loaded from disk: 0.001 seconds
2025-04-09 23:08:23 [stdout] [22260] 09 Apr 23:08:23.637 * The server is now ready to accept connections on port 6378
2025-04-09 23:12:23 [stdout]                 _._                                                  
2025-04-09 23:12:23 [stdout]            _.-``__ ''-._                                             
2025-04-09 23:12:23 [stdout]       _.-``    `.  `_.  ''-._           Redis 3.2.100 (00000000/0) 64 bit
2025-04-09 23:12:23 [stdout]   .-`` .-```.  ```\/    _.,_ ''-._                                   
2025-04-09 23:12:23 [stdout]  (    '      ,       .-`  | `,    )     Running in standalone mode
2025-04-09 23:12:23 [stdout]  |`-._`-...-` __...-.``-._|'` _.-'|     Port: 6378
2025-04-09 23:12:23 [stdout]  |    `-._   `._    /     _.-'    |     PID: 12196
2025-04-09 23:12:23 [stdout]   `-._    `-._  `-./  _.-'    _.-'                                   
2025-04-09 23:12:23 [stdout]  |`-._`-._    `-.__.-'    _.-'_.-'|                                  
2025-04-09 23:12:23 [stdout]  |    `-._`-._        _.-'_.-'    |           http://redis.io        
2025-04-09 23:12:23 [stdout]   `-._    `-._`-.__.-'_.-'    _.-'                                   
2025-04-09 23:12:23 [stdout]  |`-._`-._    `-.__.-'    _.-'_.-'|                                  
2025-04-09 23:12:23 [stdout]  |    `-._`-._        _.-'_.-'    |                                  
2025-04-09 23:12:23 [stdout]   `-._    `-._`-.__.-'_.-'    _.-'                                   
2025-04-09 23:12:23 [stdout]       `-._    `-.__.-'    _.-'                                       
2025-04-09 23:12:23 [stdout]           `-._        _.-'                                           
2025-04-09 23:12:23 [stdout]               `-.__.-'                                               
2025-04-09 23:12:23 [stdout] [12196] 09 Apr 23:12:23.235 # Server started, Redis version 3.2.100
2025-04-09 23:12:23 [stdout] [12196] 09 Apr 23:12:23.236 * DB loaded from disk: 0.001 seconds
2025-04-09 23:12:23 [stdout] [12196] 09 Apr 23:12:23.236 * The server is now ready to accept connections on port 6378
2025-04-09 23:17:08 [stdout]                 _._                                                  
2025-04-09 23:17:08 [stdout]            _.-``__ ''-._                                             
2025-04-09 23:17:08 [stdout]       _.-``    `.  `_.  ''-._           Redis 3.2.100 (00000000/0) 64 bit
2025-04-09 23:17:08 [stdout]   .-`` .-```.  ```\/    _.,_ ''-._                                   
2025-04-09 23:17:08 [stdout]  (    '      ,       .-`  | `,    )     Running in standalone mode
2025-04-09 23:17:08 [stdout]  |`-._`-...-` __...-.``-._|'` _.-'|     Port: 6378
2025-04-09 23:17:08 [stdout]  |    `-._   `._    /     _.-'    |     PID: 10192
2025-04-09 23:17:08 [stdout]   `-._    `-._  `-./  _.-'    _.-'                                   
2025-04-09 23:17:08 [stdout]  |`-._`-._    `-.__.-'    _.-'_.-'|                                  
2025-04-09 23:17:08 [stdout]  |    `-._`-._        _.-'_.-'    |           http://redis.io        
2025-04-09 23:17:08 [stdout]   `-._    `-._`-.__.-'_.-'    _.-'                                   
2025-04-09 23:17:08 [stdout]  |`-._`-._    `-.__.-'    _.-'_.-'|                                  
2025-04-09 23:17:08 [stdout]  |    `-._`-._        _.-'_.-'    |                                  
2025-04-09 23:17:08 [stdout]   `-._    `-._`-.__.-'_.-'    _.-'                                   
2025-04-09 23:17:08 [stdout]       `-._    `-.__.-'    _.-'                                       
2025-04-09 23:17:08 [stdout]           `-._        _.-'                                           
2025-04-09 23:17:08 [stdout]               `-.__.-'                                               
2025-04-09 23:17:08 [stdout] [10192] 09 Apr 23:17:08.000 # Server started, Redis version 3.2.100
2025-04-09 23:17:08 [stdout] [10192] 09 Apr 23:17:08.001 * DB loaded from disk: 0.001 seconds
2025-04-09 23:17:08 [stdout] [10192] 09 Apr 23:17:08.001 * The server is now ready to accept connections on port 6378
2025-04-09 23:22:08 [stdout] [10192] 09 Apr 23:22:08.098 * 10 changes in 300 seconds. Saving...
2025-04-09 23:22:08 [stdout] [10192] 09 Apr 23:22:08.101 * Background saving started by pid 17388
2025-04-09 23:22:08 [stdout] [10192] 09 Apr 23:22:08.208 # fork operation complete
2025-04-09 23:22:08 [stdout] [10192] 09 Apr 23:22:08.208 * Background saving terminated with success
2025-04-09 23:24:35 [stdout]                 _._                                                  
2025-04-09 23:24:35 [stdout]            _.-``__ ''-._                                             
2025-04-09 23:24:35 [stdout]       _.-``    `.  `_.  ''-._           Redis 3.2.100 (00000000/0) 64 bit
2025-04-09 23:24:35 [stdout]   .-`` .-```.  ```\/    _.,_ ''-._                                   
2025-04-09 23:24:35 [stdout]  (    '      ,       .-`  | `,    )     Running in standalone mode
2025-04-09 23:24:35 [stdout]  |`-._`-...-` __...-.``-._|'` _.-'|     Port: 6378
2025-04-09 23:24:35 [stdout]  |    `-._   `._    /     _.-'    |     PID: 26244
2025-04-09 23:24:35 [stdout]   `-._    `-._  `-./  _.-'    _.-'                                   
2025-04-09 23:24:35 [stdout]  |`-._`-._    `-.__.-'    _.-'_.-'|                                  
2025-04-09 23:24:35 [stdout]  |    `-._`-._        _.-'_.-'    |           http://redis.io        
2025-04-09 23:24:35 [stdout]   `-._    `-._`-.__.-'_.-'    _.-'                                   
2025-04-09 23:24:35 [stdout]  |`-._`-._    `-.__.-'    _.-'_.-'|                                  
2025-04-09 23:24:35 [stdout]  |    `-._`-._        _.-'_.-'    |                                  
2025-04-09 23:24:35 [stdout]   `-._    `-._`-.__.-'_.-'    _.-'                                   
2025-04-09 23:24:35 [stdout]       `-._    `-.__.-'    _.-'                                       
2025-04-09 23:24:35 [stdout]           `-._        _.-'                                           
2025-04-09 23:24:35 [stdout]               `-.__.-'                                               
2025-04-09 23:24:35 [stdout] [26244] 09 Apr 23:24:35.382 # Server started, Redis version 3.2.100
2025-04-09 23:24:35 [stdout] [26244] 09 Apr 23:24:35.382 * DB loaded from disk: 0.001 seconds
2025-04-09 23:24:35 [stdout] [26244] 09 Apr 23:24:35.382 * The server is now ready to accept connections on port 6378
2025-04-09 23:29:08 [stdout]                 _._                                                  
2025-04-09 23:29:08 [stdout]            _.-``__ ''-._                                             
2025-04-09 23:29:08 [stdout]       _.-``    `.  `_.  ''-._           Redis 3.2.100 (00000000/0) 64 bit
2025-04-09 23:29:08 [stdout]   .-`` .-```.  ```\/    _.,_ ''-._                                   
2025-04-09 23:29:08 [stdout]  (    '      ,       .-`  | `,    )     Running in standalone mode
2025-04-09 23:29:08 [stdout]  |`-._`-...-` __...-.``-._|'` _.-'|     Port: 6378
2025-04-09 23:29:08 [stdout]  |    `-._   `._    /     _.-'    |     PID: 26960
2025-04-09 23:29:08 [stdout]   `-._    `-._  `-./  _.-'    _.-'                                   
2025-04-09 23:29:08 [stdout]  |`-._`-._    `-.__.-'    _.-'_.-'|                                  
2025-04-09 23:29:08 [stdout]  |    `-._`-._        _.-'_.-'    |           http://redis.io        
2025-04-09 23:29:08 [stdout]   `-._    `-._`-.__.-'_.-'    _.-'                                   
2025-04-09 23:29:08 [stdout]  |`-._`-._    `-.__.-'    _.-'_.-'|                                  
2025-04-09 23:29:08 [stdout]  |    `-._`-._        _.-'_.-'    |                                  
2025-04-09 23:29:08 [stdout]   `-._    `-._`-.__.-'_.-'    _.-'                                   
2025-04-09 23:29:08 [stdout]       `-._    `-.__.-'    _.-'                                       
2025-04-09 23:29:08 [stdout]           `-._        _.-'                                           
2025-04-09 23:29:08 [stdout]               `-.__.-'                                               
2025-04-09 23:29:08 [stdout] [26960] 09 Apr 23:29:08.491 # Server started, Redis version 3.2.100
2025-04-09 23:29:08 [stdout] [26960] 09 Apr 23:29:08.491 * DB loaded from disk: 0.001 seconds
2025-04-09 23:29:08 [stdout] [26960] 09 Apr 23:29:08.491 * The server is now ready to accept connections on port 6378
2025-04-09 23:30:07 [stdout]                 _._                                                  
2025-04-09 23:30:07 [stdout]            _.-``__ ''-._                                             
2025-04-09 23:30:07 [stdout]       _.-``    `.  `_.  ''-._           Redis 3.2.100 (00000000/0) 64 bit
2025-04-09 23:30:07 [stdout]   .-`` .-```.  ```\/    _.,_ ''-._                                   
2025-04-09 23:30:07 [stdout]  (    '      ,       .-`  | `,    )     Running in standalone mode
2025-04-09 23:30:07 [stdout]  |`-._`-...-` __...-.``-._|'` _.-'|     Port: 6378
2025-04-09 23:30:07 [stdout]  |    `-._   `._    /     _.-'    |     PID: 19808
2025-04-09 23:30:07 [stdout]   `-._    `-._  `-./  _.-'    _.-'                                   
2025-04-09 23:30:07 [stdout]  |`-._`-._    `-.__.-'    _.-'_.-'|                                  
2025-04-09 23:30:07 [stdout]  |    `-._`-._        _.-'_.-'    |           http://redis.io        
2025-04-09 23:30:07 [stdout]   `-._    `-._`-.__.-'_.-'    _.-'                                   
2025-04-09 23:30:07 [stdout]  |`-._`-._    `-.__.-'    _.-'_.-'|                                  
2025-04-09 23:30:07 [stdout]  |    `-._`-._        _.-'_.-'    |                                  
2025-04-09 23:30:07 [stdout]   `-._    `-._`-.__.-'_.-'    _.-'                                   
2025-04-09 23:30:07 [stdout]       `-._    `-.__.-'    _.-'                                       
2025-04-09 23:30:07 [stdout]           `-._        _.-'                                           
2025-04-09 23:30:07 [stdout]               `-.__.-'                                               
2025-04-09 23:30:07 [stdout] [19808] 09 Apr 23:30:07.361 # Server started, Redis version 3.2.100
2025-04-09 23:30:07 [stdout] [19808] 09 Apr 23:30:07.362 * DB loaded from disk: 0.001 seconds
2025-04-09 23:30:07 [stdout] [19808] 09 Apr 23:30:07.362 * The server is now ready to accept connections on port 6378
2025-04-09 23:32:52 [stdout]                 _._                                                  
2025-04-09 23:32:52 [stdout]            _.-``__ ''-._                                             
2025-04-09 23:32:52 [stdout]       _.-``    `.  `_.  ''-._           Redis 3.2.100 (00000000/0) 64 bit
2025-04-09 23:32:52 [stdout]   .-`` .-```.  ```\/    _.,_ ''-._                                   
2025-04-09 23:32:52 [stdout]  (    '      ,       .-`  | `,    )     Running in standalone mode
2025-04-09 23:32:52 [stdout]  |`-._`-...-` __...-.``-._|'` _.-'|     Port: 6378
2025-04-09 23:32:52 [stdout]  |    `-._   `._    /     _.-'    |     PID: 27024
2025-04-09 23:32:52 [stdout]   `-._    `-._  `-./  _.-'    _.-'                                   
2025-04-09 23:32:52 [stdout]  |`-._`-._    `-.__.-'    _.-'_.-'|                                  
2025-04-09 23:32:52 [stdout]  |    `-._`-._        _.-'_.-'    |           http://redis.io        
2025-04-09 23:32:52 [stdout]   `-._    `-._`-.__.-'_.-'    _.-'                                   
2025-04-09 23:32:52 [stdout]  |`-._`-._    `-.__.-'    _.-'_.-'|                                  
2025-04-09 23:32:52 [stdout]  |    `-._`-._        _.-'_.-'    |                                  
2025-04-09 23:32:52 [stdout]   `-._    `-._`-.__.-'_.-'    _.-'                                   
2025-04-09 23:32:52 [stdout]       `-._    `-.__.-'    _.-'                                       
2025-04-09 23:32:52 [stdout]           `-._        _.-'                                           
2025-04-09 23:32:52 [stdout]               `-.__.-'                                               
2025-04-09 23:32:52 [stdout] [27024] 09 Apr 23:32:52.713 # Server started, Redis version 3.2.100
2025-04-09 23:32:52 [stdout] [27024] 09 Apr 23:32:52.713 * DB loaded from disk: 0.001 seconds
2025-04-09 23:32:52 [stdout] [27024] 09 Apr 23:32:52.713 * The server is now ready to accept connections on port 6378
2025-04-09 23:34:26 [stdout] [27024] 09 Apr 23:34:26.744 # User requested shutdown...
2025-04-09 23:34:26 [stdout] [27024] 09 Apr 23:34:26.744 * Saving the final RDB snapshot before exiting.
2025-04-09 23:34:27 [stdout]                 _._                                                  
2025-04-09 23:34:27 [stdout]            _.-``__ ''-._                                             
2025-04-09 23:34:27 [stdout]       _.-``    `.  `_.  ''-._           Redis 3.2.100 (00000000/0) 64 bit
2025-04-09 23:34:27 [stdout]   .-`` .-```.  ```\/    _.,_ ''-._                                   
2025-04-09 23:34:27 [stdout]  (    '      ,       .-`  | `,    )     Running in standalone mode
2025-04-09 23:34:27 [stdout]  |`-._`-...-` __...-.``-._|'` _.-'|     Port: 6378
2025-04-09 23:34:27 [stdout]  |    `-._   `._    /     _.-'    |     PID: 12124
2025-04-09 23:34:27 [stdout]   `-._    `-._  `-./  _.-'    _.-'                                   
2025-04-09 23:34:27 [stdout]  |`-._`-._    `-.__.-'    _.-'_.-'|                                  
2025-04-09 23:34:27 [stdout]  |    `-._`-._        _.-'_.-'    |           http://redis.io        
2025-04-09 23:34:27 [stdout]   `-._    `-._`-.__.-'_.-'    _.-'                                   
2025-04-09 23:34:27 [stdout]  |`-._`-._    `-.__.-'    _.-'_.-'|                                  
2025-04-09 23:34:27 [stdout]  |    `-._`-._        _.-'_.-'    |                                  
2025-04-09 23:34:27 [stdout]   `-._    `-._`-.__.-'_.-'    _.-'                                   
2025-04-09 23:34:27 [stdout]       `-._    `-.__.-'    _.-'                                       
2025-04-09 23:34:27 [stdout]           `-._        _.-'                                           
2025-04-09 23:34:27 [stdout]               `-.__.-'                                               
2025-04-09 23:34:27 [stdout] [12124] 09 Apr 23:34:27.660 # Server started, Redis version 3.2.100
2025-04-09 23:34:27 [stdout] [12124] 09 Apr 23:34:27.661 * DB loaded from disk: 0.001 seconds
2025-04-09 23:34:27 [stdout] [12124] 09 Apr 23:34:27.661 * The server is now ready to accept connections on port 6378
2025-04-09 23:36:23 [stdout]                 _._                                                  
2025-04-09 23:36:23 [stdout]            _.-``__ ''-._                                             
2025-04-09 23:36:23 [stdout]       _.-``    `.  `_.  ''-._           Redis 3.2.100 (00000000/0) 64 bit
2025-04-09 23:36:23 [stdout]   .-`` .-```.  ```\/    _.,_ ''-._                                   
2025-04-09 23:36:23 [stdout]  (    '      ,       .-`  | `,    )     Running in standalone mode
2025-04-09 23:36:23 [stdout]  |`-._`-...-` __...-.``-._|'` _.-'|     Port: 6378
2025-04-09 23:36:23 [stdout]  |    `-._   `._    /     _.-'    |     PID: 16992
2025-04-09 23:36:23 [stdout]   `-._    `-._  `-./  _.-'    _.-'                                   
2025-04-09 23:36:23 [stdout]  |`-._`-._    `-.__.-'    _.-'_.-'|                                  
2025-04-09 23:36:23 [stdout]  |    `-._`-._        _.-'_.-'    |           http://redis.io        
2025-04-09 23:36:23 [stdout]   `-._    `-._`-.__.-'_.-'    _.-'                                   
2025-04-09 23:36:23 [stdout]  |`-._`-._    `-.__.-'    _.-'_.-'|                                  
2025-04-09 23:36:23 [stdout]  |    `-._`-._        _.-'_.-'    |                                  
2025-04-09 23:36:23 [stdout]   `-._    `-._`-.__.-'_.-'    _.-'                                   
2025-04-09 23:36:23 [stdout]       `-._    `-.__.-'    _.-'                                       
2025-04-09 23:36:23 [stdout]           `-._        _.-'                                           
2025-04-09 23:36:23 [stdout]               `-.__.-'                                               
2025-04-09 23:36:23 [stdout] [16992] 09 Apr 23:36:23.679 # Server started, Redis version 3.2.100
2025-04-09 23:36:23 [stdout] [16992] 09 Apr 23:36:23.680 * DB loaded from disk: 0.001 seconds
2025-04-09 23:36:23 [stdout] [16992] 09 Apr 23:36:23.680 * The server is now ready to accept connections on port 6378
2025-04-09 23:40:22 [stdout] [16992] 09 Apr 23:40:22.915 # User requested shutdown...
2025-04-09 23:40:22 [stdout] [16992] 09 Apr 23:40:22.915 * Saving the final RDB snapshot before exiting.
2025-04-09 23:40:23 [stdout]                 _._                                                  
2025-04-09 23:40:23 [stdout]            _.-``__ ''-._                                             
2025-04-09 23:40:23 [stdout]       _.-``    `.  `_.  ''-._           Redis 3.2.100 (00000000/0) 64 bit
2025-04-09 23:40:23 [stdout]   .-`` .-```.  ```\/    _.,_ ''-._                                   
2025-04-09 23:40:23 [stdout]  (    '      ,       .-`  | `,    )     Running in standalone mode
2025-04-09 23:40:23 [stdout]  |`-._`-...-` __...-.``-._|'` _.-'|     Port: 6378
2025-04-09 23:40:23 [stdout]  |    `-._   `._    /     _.-'    |     PID: 4124
2025-04-09 23:40:23 [stdout]   `-._    `-._  `-./  _.-'    _.-'                                   
2025-04-09 23:40:23 [stdout]  |`-._`-._    `-.__.-'    _.-'_.-'|                                  
2025-04-09 23:40:23 [stdout]  |    `-._`-._        _.-'_.-'    |           http://redis.io        
2025-04-09 23:40:23 [stdout]   `-._    `-._`-.__.-'_.-'    _.-'                                   
2025-04-09 23:40:23 [stdout]  |`-._`-._    `-.__.-'    _.-'_.-'|                                  
2025-04-09 23:40:23 [stdout]  |    `-._`-._        _.-'_.-'    |                                  
2025-04-09 23:40:23 [stdout]   `-._    `-._`-.__.-'_.-'    _.-'                                   
2025-04-09 23:40:23 [stdout]       `-._    `-.__.-'    _.-'                                       
2025-04-09 23:40:23 [stdout]           `-._        _.-'                                           
2025-04-09 23:40:23 [stdout]               `-.__.-'                                               
2025-04-09 23:40:23 [stdout] [4124] 09 Apr 23:40:23.920 # Server started, Redis version 3.2.100
2025-04-09 23:40:23 [stdout] [4124] 09 Apr 23:40:23.921 * DB loaded from disk: 0.001 seconds
2025-04-09 23:40:23 [stdout] [4124] 09 Apr 23:40:23.921 * The server is now ready to accept connections on port 6378
2025-04-09 23:42:31 [stdout]                 _._                                                  
2025-04-09 23:42:31 [stdout]            _.-``__ ''-._                                             
2025-04-09 23:42:31 [stdout]       _.-``    `.  `_.  ''-._           Redis 3.2.100 (00000000/0) 64 bit
2025-04-09 23:42:31 [stdout]   .-`` .-```.  ```\/    _.,_ ''-._                                   
2025-04-09 23:42:31 [stdout]  (    '      ,       .-`  | `,    )     Running in standalone mode
2025-04-09 23:42:31 [stdout]  |`-._`-...-` __...-.``-._|'` _.-'|     Port: 6378
2025-04-09 23:42:31 [stdout]  |    `-._   `._    /     _.-'    |     PID: 24196
2025-04-09 23:42:31 [stdout]   `-._    `-._  `-./  _.-'    _.-'                                   
2025-04-09 23:42:31 [stdout]  |`-._`-._    `-.__.-'    _.-'_.-'|                                  
2025-04-09 23:42:31 [stdout]  |    `-._`-._        _.-'_.-'    |           http://redis.io        
2025-04-09 23:42:31 [stdout]   `-._    `-._`-.__.-'_.-'    _.-'                                   
2025-04-09 23:42:31 [stdout]  |`-._`-._    `-.__.-'    _.-'_.-'|                                  
2025-04-09 23:42:31 [stdout]  |    `-._`-._        _.-'_.-'    |                                  
2025-04-09 23:42:31 [stdout]   `-._    `-._`-.__.-'_.-'    _.-'                                   
2025-04-09 23:42:31 [stdout]       `-._    `-.__.-'    _.-'                                       
2025-04-09 23:42:31 [stdout]           `-._        _.-'                                           
2025-04-09 23:42:31 [stdout]               `-.__.-'                                               
2025-04-09 23:42:31 [stdout] [24196] 09 Apr 23:42:31.455 # Server started, Redis version 3.2.100
2025-04-09 23:42:31 [stdout] [24196] 09 Apr 23:42:31.456 * DB loaded from disk: 0.001 seconds
2025-04-09 23:42:31 [stdout] [24196] 09 Apr 23:42:31.456 * The server is now ready to accept connections on port 6378
2025-04-09 23:47:32 [stdout] [24196] 09 Apr 23:47:32.092 * 10 changes in 300 seconds. Saving...
2025-04-09 23:47:32 [stdout] [24196] 09 Apr 23:47:32.094 * Background saving started by pid 24472
2025-04-09 23:47:32 [stdout] [24196] 09 Apr 23:47:32.201 # fork operation complete
2025-04-09 23:47:32 [stdout] [24196] 09 Apr 23:47:32.201 * Background saving terminated with success
2025-04-10 00:00:41 [stdout] [24196] 10 Apr 00:00:41.674 * 10 changes in 300 seconds. Saving...
2025-04-10 00:00:41 [stdout] [24196] 10 Apr 00:00:41.676 * Background saving started by pid 23460
2025-04-10 00:00:41 [stdout] [24196] 10 Apr 00:00:41.783 # fork operation complete
2025-04-10 00:00:41 [stdout] [24196] 10 Apr 00:00:41.783 * Background saving terminated with success
2025-04-10 00:05:42 [stdout] [24196] 10 Apr 00:05:42.027 * 10 changes in 300 seconds. Saving...
2025-04-10 00:05:42 [stdout] [24196] 10 Apr 00:05:42.029 * Background saving started by pid 8720
2025-04-10 00:05:42 [stdout] [24196] 10 Apr 00:05:42.137 # fork operation complete
2025-04-10 00:05:42 [stdout] [24196] 10 Apr 00:05:42.137 * Background saving terminated with success
2025-04-10 00:07:00 [stdout] [26812] 10 Apr 00:07:00.544 # Creating Server TCP listening socket 127.0.0.1:6378: bind: No error
2025-04-10 00:07:01 [stdout] [25164] 10 Apr 00:07:01.788 # Creating Server TCP listening socket 127.0.0.1:6378: bind: No error
2025-04-10 00:07:03 [stdout] [25468] 10 Apr 00:07:03.029 # Creating Server TCP listening socket 127.0.0.1:6378: bind: No error
2025-04-10 00:07:04 [stdout] [22744] 10 Apr 00:07:04.282 # Creating Server TCP listening socket 127.0.0.1:6378: bind: No error
2025-04-10 00:07:05 [stdout] [12604] 10 Apr 00:07:05.531 # Creating Server TCP listening socket 127.0.0.1:6378: bind: No error
2025-04-10 00:07:08 [stdout] [24196] 10 Apr 00:07:08.643 # User requested shutdown...
2025-04-10 00:07:08 [stdout] [24196] 10 Apr 00:07:08.643 * Saving the final RDB snapshot before exiting.
2025-04-10 00:07:10 [stdout]                 _._                                                  
2025-04-10 00:07:10 [stdout]            _.-``__ ''-._                                             
2025-04-10 00:07:10 [stdout]       _.-``    `.  `_.  ''-._           Redis 3.2.100 (00000000/0) 64 bit
2025-04-10 00:07:10 [stdout]   .-`` .-```.  ```\/    _.,_ ''-._                                   
2025-04-10 00:07:10 [stdout]  (    '      ,       .-`  | `,    )     Running in standalone mode
2025-04-10 00:07:10 [stdout]  |`-._`-...-` __...-.``-._|'` _.-'|     Port: 6378
2025-04-10 00:07:10 [stdout]  |    `-._   `._    /     _.-'    |     PID: 22800
2025-04-10 00:07:10 [stdout]   `-._    `-._  `-./  _.-'    _.-'                                   
2025-04-10 00:07:10 [stdout]  |`-._`-._    `-.__.-'    _.-'_.-'|                                  
2025-04-10 00:07:10 [stdout]  |    `-._`-._        _.-'_.-'    |           http://redis.io        
2025-04-10 00:07:10 [stdout]   `-._    `-._`-.__.-'_.-'    _.-'                                   
2025-04-10 00:07:10 [stdout]  |`-._`-._    `-.__.-'    _.-'_.-'|                                  
2025-04-10 00:07:10 [stdout]  |    `-._`-._        _.-'_.-'    |                                  
2025-04-10 00:07:10 [stdout]   `-._    `-._`-.__.-'_.-'    _.-'                                   
2025-04-10 00:07:10 [stdout]       `-._    `-.__.-'    _.-'                                       
2025-04-10 00:07:10 [stdout]           `-._        _.-'                                           
2025-04-10 00:07:10 [stdout]               `-.__.-'                                               
2025-04-10 00:07:10 [stdout] [22800] 10 Apr 00:07:10.143 # Server started, Redis version 3.2.100
2025-04-10 00:07:10 [stdout] [22800] 10 Apr 00:07:10.143 * DB loaded from disk: 0.001 seconds
2025-04-10 00:07:10 [stdout] [22800] 10 Apr 00:07:10.143 * The server is now ready to accept connections on port 6378
2025-04-10 00:09:48 [stdout]                 _._                                                  
2025-04-10 00:09:48 [stdout]            _.-``__ ''-._                                             
2025-04-10 00:09:48 [stdout]       _.-``    `.  `_.  ''-._           Redis 3.2.100 (00000000/0) 64 bit
2025-04-10 00:09:48 [stdout]   .-`` .-```.  ```\/    _.,_ ''-._                                   
2025-04-10 00:09:48 [stdout]  (    '      ,       .-`  | `,    )     Running in standalone mode
2025-04-10 00:09:48 [stdout]  |`-._`-...-` __...-.``-._|'` _.-'|     Port: 6378
2025-04-10 00:09:48 [stdout]  |    `-._   `._    /     _.-'    |     PID: 25012
2025-04-10 00:09:48 [stdout]   `-._    `-._  `-./  _.-'    _.-'                                   
2025-04-10 00:09:48 [stdout]  |`-._`-._    `-.__.-'    _.-'_.-'|                                  
2025-04-10 00:09:48 [stdout]  |    `-._`-._        _.-'_.-'    |           http://redis.io        
2025-04-10 00:09:48 [stdout]   `-._    `-._`-.__.-'_.-'    _.-'                                   
2025-04-10 00:09:48 [stdout]  |`-._`-._    `-.__.-'    _.-'_.-'|                                  
2025-04-10 00:09:48 [stdout]  |    `-._`-._        _.-'_.-'    |                                  
2025-04-10 00:09:48 [stdout]   `-._    `-._`-.__.-'_.-'    _.-'                                   
2025-04-10 00:09:48 [stdout]       `-._    `-.__.-'    _.-'                                       
2025-04-10 00:09:48 [stdout]           `-._        _.-'                                           
2025-04-10 00:09:48 [stdout]               `-.__.-'                                               
2025-04-10 00:09:48 [stdout] [25012] 10 Apr 00:09:48.248 # Server started, Redis version 3.2.100
2025-04-10 00:09:48 [stdout] [25012] 10 Apr 00:09:48.249 * DB loaded from disk: 0.001 seconds
2025-04-10 00:09:48 [stdout] [25012] 10 Apr 00:09:48.249 * The server is now ready to accept connections on port 6378
2025-04-10 00:12:26 [stdout]                 _._                                                  
2025-04-10 00:12:26 [stdout]            _.-``__ ''-._                                             
2025-04-10 00:12:26 [stdout]       _.-``    `.  `_.  ''-._           Redis 3.2.100 (00000000/0) 64 bit
2025-04-10 00:12:26 [stdout]   .-`` .-```.  ```\/    _.,_ ''-._                                   
2025-04-10 00:12:26 [stdout]  (    '      ,       .-`  | `,    )     Running in standalone mode
2025-04-10 00:12:26 [stdout]  |`-._`-...-` __...-.``-._|'` _.-'|     Port: 6378
2025-04-10 00:12:26 [stdout]  |    `-._   `._    /     _.-'    |     PID: 27040
2025-04-10 00:12:26 [stdout]   `-._    `-._  `-./  _.-'    _.-'                                   
2025-04-10 00:12:26 [stdout]  |`-._`-._    `-.__.-'    _.-'_.-'|                                  
2025-04-10 00:12:26 [stdout]  |    `-._`-._        _.-'_.-'    |           http://redis.io        
2025-04-10 00:12:26 [stdout]   `-._    `-._`-.__.-'_.-'    _.-'                                   
2025-04-10 00:12:26 [stdout]  |`-._`-._    `-.__.-'    _.-'_.-'|                                  
2025-04-10 00:12:26 [stdout]  |    `-._`-._        _.-'_.-'    |                                  
2025-04-10 00:12:26 [stdout]   `-._    `-._`-.__.-'_.-'    _.-'                                   
2025-04-10 00:12:26 [stdout]       `-._    `-.__.-'    _.-'                                       
2025-04-10 00:12:26 [stdout]           `-._        _.-'                                           
2025-04-10 00:12:26 [stdout]               `-.__.-'                                               
2025-04-10 00:12:26 [stdout] [27040] 10 Apr 00:12:26.241 # Server started, Redis version 3.2.100
2025-04-10 00:12:26 [stdout] [27040] 10 Apr 00:12:26.242 * DB loaded from disk: 0.001 seconds
2025-04-10 00:12:26 [stdout] [27040] 10 Apr 00:12:26.242 * The server is now ready to accept connections on port 6378
2025-04-10 00:13:18 [stdout]                 _._                                                  
2025-04-10 00:13:18 [stdout]            _.-``__ ''-._                                             
2025-04-10 00:13:18 [stdout]       _.-``    `.  `_.  ''-._           Redis 3.2.100 (00000000/0) 64 bit
2025-04-10 00:13:18 [stdout]   .-`` .-```.  ```\/    _.,_ ''-._                                   
2025-04-10 00:13:18 [stdout]  (    '      ,       .-`  | `,    )     Running in standalone mode
2025-04-10 00:13:18 [stdout]  |`-._`-...-` __...-.``-._|'` _.-'|     Port: 6378
2025-04-10 00:13:18 [stdout]  |    `-._   `._    /     _.-'    |     PID: 27256
2025-04-10 00:13:18 [stdout]   `-._    `-._  `-./  _.-'    _.-'                                   
2025-04-10 00:13:18 [stdout]  |`-._`-._    `-.__.-'    _.-'_.-'|                                  
2025-04-10 00:13:18 [stdout]  |    `-._`-._        _.-'_.-'    |           http://redis.io        
2025-04-10 00:13:18 [stdout]   `-._    `-._`-.__.-'_.-'    _.-'                                   
2025-04-10 00:13:18 [stdout]  |`-._`-._    `-.__.-'    _.-'_.-'|                                  
2025-04-10 00:13:18 [stdout]  |    `-._`-._        _.-'_.-'    |                                  
2025-04-10 00:13:18 [stdout]   `-._    `-._`-.__.-'_.-'    _.-'                                   
2025-04-10 00:13:18 [stdout]       `-._    `-.__.-'    _.-'                                       
2025-04-10 00:13:18 [stdout]           `-._        _.-'                                           
2025-04-10 00:13:18 [stdout]               `-.__.-'                                               
2025-04-10 00:13:18 [stdout] [27256] 10 Apr 00:13:18.702 # Server started, Redis version 3.2.100
2025-04-10 00:13:18 [stdout] [27256] 10 Apr 00:13:18.703 * DB loaded from disk: 0.001 seconds
2025-04-10 00:13:18 [stdout] [27256] 10 Apr 00:13:18.703 * The server is now ready to accept connections on port 6378
2025-04-10 00:16:07 [stdout]                 _._                                                  
2025-04-10 00:16:07 [stdout]            _.-``__ ''-._                                             
2025-04-10 00:16:07 [stdout]       _.-``    `.  `_.  ''-._           Redis 3.2.100 (00000000/0) 64 bit
2025-04-10 00:16:07 [stdout]   .-`` .-```.  ```\/    _.,_ ''-._                                   
2025-04-10 00:16:07 [stdout]  (    '      ,       .-`  | `,    )     Running in standalone mode
2025-04-10 00:16:07 [stdout]  |`-._`-...-` __...-.``-._|'` _.-'|     Port: 6378
2025-04-10 00:16:07 [stdout]  |    `-._   `._    /     _.-'    |     PID: 25860
2025-04-10 00:16:07 [stdout]   `-._    `-._  `-./  _.-'    _.-'                                   
2025-04-10 00:16:07 [stdout]  |`-._`-._    `-.__.-'    _.-'_.-'|                                  
2025-04-10 00:16:07 [stdout]  |    `-._`-._        _.-'_.-'    |           http://redis.io        
2025-04-10 00:16:07 [stdout]   `-._    `-._`-.__.-'_.-'    _.-'                                   
2025-04-10 00:16:07 [stdout]  |`-._`-._    `-.__.-'    _.-'_.-'|                                  
2025-04-10 00:16:07 [stdout]  |    `-._`-._        _.-'_.-'    |                                  
2025-04-10 00:16:07 [stdout]   `-._    `-._`-.__.-'_.-'    _.-'                                   
2025-04-10 00:16:07 [stdout]       `-._    `-.__.-'    _.-'                                       
2025-04-10 00:16:07 [stdout]           `-._        _.-'                                           
2025-04-10 00:16:07 [stdout]               `-.__.-'                                               
2025-04-10 00:16:07 [stdout] [25860] 10 Apr 00:16:07.994 # Server started, Redis version 3.2.100
2025-04-10 00:16:07 [stdout] [25860] 10 Apr 00:16:07.995 * DB loaded from disk: 0.001 seconds
2025-04-10 00:16:07 [stdout] [25860] 10 Apr 00:16:07.995 * The server is now ready to accept connections on port 6378
2025-04-10 00:18:22 [stdout]                 _._                                                  
2025-04-10 00:18:22 [stdout]            _.-``__ ''-._                                             
2025-04-10 00:18:22 [stdout]       _.-``    `.  `_.  ''-._           Redis 3.2.100 (00000000/0) 64 bit
2025-04-10 00:18:22 [stdout]   .-`` .-```.  ```\/    _.,_ ''-._                                   
2025-04-10 00:18:22 [stdout]  (    '      ,       .-`  | `,    )     Running in standalone mode
2025-04-10 00:18:22 [stdout]  |`-._`-...-` __...-.``-._|'` _.-'|     Port: 6378
2025-04-10 00:18:22 [stdout]  |    `-._   `._    /     _.-'    |     PID: 19312
2025-04-10 00:18:22 [stdout]   `-._    `-._  `-./  _.-'    _.-'                                   
2025-04-10 00:18:22 [stdout]  |`-._`-._    `-.__.-'    _.-'_.-'|                                  
2025-04-10 00:18:22 [stdout]  |    `-._`-._        _.-'_.-'    |           http://redis.io        
2025-04-10 00:18:22 [stdout]   `-._    `-._`-.__.-'_.-'    _.-'                                   
2025-04-10 00:18:22 [stdout]  |`-._`-._    `-.__.-'    _.-'_.-'|                                  
2025-04-10 00:18:22 [stdout]  |    `-._`-._        _.-'_.-'    |                                  
2025-04-10 00:18:22 [stdout]   `-._    `-._`-.__.-'_.-'    _.-'                                   
2025-04-10 00:18:22 [stdout]       `-._    `-.__.-'    _.-'                                       
2025-04-10 00:18:22 [stdout]           `-._        _.-'                                           
2025-04-10 00:18:22 [stdout]               `-.__.-'                                               
2025-04-10 00:18:22 [stdout] [19312] 10 Apr 00:18:22.978 # Server started, Redis version 3.2.100
2025-04-10 00:18:22 [stdout] [19312] 10 Apr 00:18:22.978 * DB loaded from disk: 0.001 seconds
2025-04-10 00:18:22 [stdout] [19312] 10 Apr 00:18:22.978 * The server is now ready to accept connections on port 6378
2025-04-10 00:18:58 [stdout]                 _._                                                  
2025-04-10 00:18:58 [stdout]            _.-``__ ''-._                                             
2025-04-10 00:18:58 [stdout]       _.-``    `.  `_.  ''-._           Redis 3.2.100 (00000000/0) 64 bit
2025-04-10 00:18:58 [stdout]   .-`` .-```.  ```\/    _.,_ ''-._                                   
2025-04-10 00:18:58 [stdout]  (    '      ,       .-`  | `,    )     Running in standalone mode
2025-04-10 00:18:58 [stdout]  |`-._`-...-` __...-.``-._|'` _.-'|     Port: 6378
2025-04-10 00:18:58 [stdout]  |    `-._   `._    /     _.-'    |     PID: 26316
2025-04-10 00:18:58 [stdout]   `-._    `-._  `-./  _.-'    _.-'                                   
2025-04-10 00:18:58 [stdout]  |`-._`-._    `-.__.-'    _.-'_.-'|                                  
2025-04-10 00:18:58 [stdout]  |    `-._`-._        _.-'_.-'    |           http://redis.io        
2025-04-10 00:18:58 [stdout]   `-._    `-._`-.__.-'_.-'    _.-'                                   
2025-04-10 00:18:58 [stdout]  |`-._`-._    `-.__.-'    _.-'_.-'|                                  
2025-04-10 00:18:58 [stdout]  |    `-._`-._        _.-'_.-'    |                                  
2025-04-10 00:18:58 [stdout]   `-._    `-._`-.__.-'_.-'    _.-'                                   
2025-04-10 00:18:58 [stdout]       `-._    `-.__.-'    _.-'                                       
2025-04-10 00:18:58 [stdout]           `-._        _.-'                                           
2025-04-10 00:18:58 [stdout]               `-.__.-'                                               
2025-04-10 00:18:58 [stdout] [26316] 10 Apr 00:18:58.956 # Server started, Redis version 3.2.100
2025-04-10 00:18:58 [stdout] [26316] 10 Apr 00:18:58.956 * DB loaded from disk: 0.001 seconds
2025-04-10 00:18:58 [stdout] [26316] 10 Apr 00:18:58.956 * The server is now ready to accept connections on port 6378
2025-04-10 00:21:43 [stdout]                 _._                                                  
2025-04-10 00:21:43 [stdout]            _.-``__ ''-._                                             
2025-04-10 00:21:43 [stdout]       _.-``    `.  `_.  ''-._           Redis 3.2.100 (00000000/0) 64 bit
2025-04-10 00:21:43 [stdout]   .-`` .-```.  ```\/    _.,_ ''-._                                   
2025-04-10 00:21:43 [stdout]  (    '      ,       .-`  | `,    )     Running in standalone mode
2025-04-10 00:21:43 [stdout]  |`-._`-...-` __...-.``-._|'` _.-'|     Port: 6378
2025-04-10 00:21:43 [stdout]  |    `-._   `._    /     _.-'    |     PID: 25552
2025-04-10 00:21:43 [stdout]   `-._    `-._  `-./  _.-'    _.-'                                   
2025-04-10 00:21:43 [stdout]  |`-._`-._    `-.__.-'    _.-'_.-'|                                  
2025-04-10 00:21:43 [stdout]  |    `-._`-._        _.-'_.-'    |           http://redis.io        
2025-04-10 00:21:43 [stdout]   `-._    `-._`-.__.-'_.-'    _.-'                                   
2025-04-10 00:21:43 [stdout]  |`-._`-._    `-.__.-'    _.-'_.-'|                                  
2025-04-10 00:21:43 [stdout]  |    `-._`-._        _.-'_.-'    |                                  
2025-04-10 00:21:43 [stdout]   `-._    `-._`-.__.-'_.-'    _.-'                                   
2025-04-10 00:21:43 [stdout]       `-._    `-.__.-'    _.-'                                       
2025-04-10 00:21:43 [stdout]           `-._        _.-'                                           
2025-04-10 00:21:43 [stdout]               `-.__.-'                                               
2025-04-10 00:21:43 [stdout] [25552] 10 Apr 00:21:43.396 # Server started, Redis version 3.2.100
2025-04-10 00:21:43 [stdout] [25552] 10 Apr 00:21:43.396 * DB loaded from disk: 0.001 seconds
2025-04-10 00:21:43 [stdout] [25552] 10 Apr 00:21:43.396 * The server is now ready to accept connections on port 6378
2025-04-10 00:22:03 [stdout]                 _._                                                  
2025-04-10 00:22:03 [stdout]            _.-``__ ''-._                                             
2025-04-10 00:22:03 [stdout]       _.-``    `.  `_.  ''-._           Redis 3.2.100 (00000000/0) 64 bit
2025-04-10 00:22:03 [stdout]   .-`` .-```.  ```\/    _.,_ ''-._                                   
2025-04-10 00:22:03 [stdout]  (    '      ,       .-`  | `,    )     Running in standalone mode
2025-04-10 00:22:03 [stdout]  |`-._`-...-` __...-.``-._|'` _.-'|     Port: 6378
2025-04-10 00:22:03 [stdout]  |    `-._   `._    /     _.-'    |     PID: 7880
2025-04-10 00:22:03 [stdout]   `-._    `-._  `-./  _.-'    _.-'                                   
2025-04-10 00:22:03 [stdout]  |`-._`-._    `-.__.-'    _.-'_.-'|                                  
2025-04-10 00:22:03 [stdout]  |    `-._`-._        _.-'_.-'    |           http://redis.io        
2025-04-10 00:22:03 [stdout]   `-._    `-._`-.__.-'_.-'    _.-'                                   
2025-04-10 00:22:03 [stdout]  |`-._`-._    `-.__.-'    _.-'_.-'|                                  
2025-04-10 00:22:03 [stdout]  |    `-._`-._        _.-'_.-'    |                                  
2025-04-10 00:22:03 [stdout]   `-._    `-._`-.__.-'_.-'    _.-'                                   
2025-04-10 00:22:03 [stdout]       `-._    `-.__.-'    _.-'                                       
2025-04-10 00:22:03 [stdout]           `-._        _.-'                                           
2025-04-10 00:22:03 [stdout]               `-.__.-'                                               
2025-04-10 00:22:03 [stdout] [7880] 10 Apr 00:22:03.939 # Server started, Redis version 3.2.100
2025-04-10 00:22:03 [stdout] [7880] 10 Apr 00:22:03.940 * DB loaded from disk: 0.001 seconds
2025-04-10 00:22:03 [stdout] [7880] 10 Apr 00:22:03.940 * The server is now ready to accept connections on port 6378
2025-04-10 00:24:55 [stdout]                 _._                                                  
2025-04-10 00:24:55 [stdout]            _.-``__ ''-._                                             
2025-04-10 00:24:55 [stdout]       _.-``    `.  `_.  ''-._           Redis 3.2.100 (00000000/0) 64 bit
2025-04-10 00:24:55 [stdout]   .-`` .-```.  ```\/    _.,_ ''-._                                   
2025-04-10 00:24:55 [stdout]  (    '      ,       .-`  | `,    )     Running in standalone mode
2025-04-10 00:24:55 [stdout]  |`-._`-...-` __...-.``-._|'` _.-'|     Port: 6378
2025-04-10 00:24:55 [stdout]  |    `-._   `._    /     _.-'    |     PID: 9152
2025-04-10 00:24:55 [stdout]   `-._    `-._  `-./  _.-'    _.-'                                   
2025-04-10 00:24:55 [stdout]  |`-._`-._    `-.__.-'    _.-'_.-'|                                  
2025-04-10 00:24:55 [stdout]  |    `-._`-._        _.-'_.-'    |           http://redis.io        
2025-04-10 00:24:55 [stdout]   `-._    `-._`-.__.-'_.-'    _.-'                                   
2025-04-10 00:24:55 [stdout]  |`-._`-._    `-.__.-'    _.-'_.-'|                                  
2025-04-10 00:24:55 [stdout]  |    `-._`-._        _.-'_.-'    |                                  
2025-04-10 00:24:55 [stdout]   `-._    `-._`-.__.-'_.-'    _.-'                                   
2025-04-10 00:24:55 [stdout]       `-._    `-.__.-'    _.-'                                       
2025-04-10 00:24:55 [stdout]           `-._        _.-'                                           
2025-04-10 00:24:55 [stdout]               `-.__.-'                                               
2025-04-10 00:24:55 [stdout] [9152] 10 Apr 00:24:55.147 # Server started, Redis version 3.2.100
2025-04-10 00:24:55 [stdout] [9152] 10 Apr 00:24:55.148 * DB loaded from disk: 0.001 seconds
2025-04-10 00:24:55 [stdout] [9152] 10 Apr 00:24:55.148 * The server is now ready to accept connections on port 6378
2025-04-10 00:39:56 [stdout] [9152] 10 Apr 00:39:56.104 * 1 changes in 900 seconds. Saving...
2025-04-10 00:39:56 [stdout] [9152] 10 Apr 00:39:56.111 * Background saving started by pid 26608
2025-04-10 00:39:56 [stdout] [9152] 10 Apr 00:39:56.213 # fork operation complete
2025-04-10 00:39:56 [stdout] [9152] 10 Apr 00:39:56.213 * Background saving terminated with success
2025-04-10 00:54:57 [stdout] [9152] 10 Apr 00:54:57.099 * 1 changes in 900 seconds. Saving...
2025-04-10 00:54:57 [stdout] [9152] 10 Apr 00:54:57.100 * Background saving started by pid 27164
2025-04-10 00:54:57 [stdout] [9152] 10 Apr 00:54:57.209 # fork operation complete
2025-04-10 00:54:57 [stdout] [9152] 10 Apr 00:54:57.209 * Background saving terminated with success
2025-04-10 02:25:26 [stdout] [9152] 10 Apr 02:25:26.410 * 1 changes in 900 seconds. Saving...
2025-04-10 02:25:26 [stdout] [9152] 10 Apr 02:25:26.411 * Background saving started by pid 26588
2025-04-10 02:25:26 [stdout] [9152] 10 Apr 02:25:26.521 # fork operation complete
2025-04-10 02:25:26 [stdout] [9152] 10 Apr 02:25:26.521 * Background saving terminated with success
2025-04-10 02:40:27 [stdout] [9152] 10 Apr 02:40:27.060 * 1 changes in 900 seconds. Saving...
2025-04-10 02:40:27 [stdout] [9152] 10 Apr 02:40:27.062 * Background saving started by pid 24184
2025-04-10 02:40:27 [stdout] [9152] 10 Apr 02:40:27.170 # fork operation complete
2025-04-10 02:40:27 [stdout] [9152] 10 Apr 02:40:27.170 * Background saving terminated with success
2025-04-10 05:51:29 [stdout] [9152] 10 Apr 05:51:29.429 * 1 changes in 900 seconds. Saving...
2025-04-10 05:51:29 [stdout] [9152] 10 Apr 05:51:29.436 * Background saving started by pid 19540
2025-04-10 05:51:29 [stdout] [9152] 10 Apr 05:51:29.540 # fork operation complete
2025-04-10 05:51:29 [stdout] [9152] 10 Apr 05:51:29.540 * Background saving terminated with success
2025-04-10 06:06:30 [stdout] [9152] 10 Apr 06:06:30.020 * 1 changes in 900 seconds. Saving...
2025-04-10 06:06:30 [stdout] [9152] 10 Apr 06:06:30.021 * Background saving started by pid 27336
2025-04-10 06:06:30 [stdout] [9152] 10 Apr 06:06:30.130 # fork operation complete
2025-04-10 06:06:30 [stdout] [9152] 10 Apr 06:06:30.130 * Background saving terminated with success
2025-04-10 06:21:31 [stdout] [9152] 10 Apr 06:21:31.030 * 1 changes in 900 seconds. Saving...
2025-04-10 06:21:31 [stdout] [9152] 10 Apr 06:21:31.031 * Background saving started by pid 9172
2025-04-10 06:21:31 [stdout] [9152] 10 Apr 06:21:31.139 # fork operation complete
2025-04-10 06:21:31 [stdout] [9152] 10 Apr 06:21:31.140 * Background saving terminated with success
2025-04-10 06:36:32 [stdout] [9152] 10 Apr 06:36:32.030 * 1 changes in 900 seconds. Saving...
2025-04-10 06:36:32 [stdout] [9152] 10 Apr 06:36:32.031 * Background saving started by pid 10992
2025-04-10 06:36:32 [stdout] [9152] 10 Apr 06:36:32.140 # fork operation complete
2025-04-10 06:36:32 [stdout] [9152] 10 Apr 06:36:32.140 * Background saving terminated with success
2025-04-10 06:58:16 [stdout] [9152] 10 Apr 06:58:16.545 * 1 changes in 900 seconds. Saving...
2025-04-10 06:58:16 [stdout] [9152] 10 Apr 06:58:16.547 * Background saving started by pid 23684
2025-04-10 06:58:16 [stdout] [9152] 10 Apr 06:58:16.655 # fork operation complete
2025-04-10 06:58:16 [stdout] [9152] 10 Apr 06:58:16.655 * Background saving terminated with success
2025-04-10 07:40:47 [stdout] [9152] 10 Apr 07:40:47.184 * 1 changes in 900 seconds. Saving...
2025-04-10 07:40:47 [stdout] [9152] 10 Apr 07:40:47.186 * Background saving started by pid 14384
2025-04-10 07:40:47 [stdout] [9152] 10 Apr 07:40:47.294 # fork operation complete
2025-04-10 07:40:47 [stdout] [9152] 10 Apr 07:40:47.295 * Background saving terminated with success
2025-04-10 07:55:48 [stdout] [9152] 10 Apr 07:55:48.028 * 1 changes in 900 seconds. Saving...
2025-04-10 07:55:48 [stdout] [9152] 10 Apr 07:55:48.030 * Background saving started by pid 17136
2025-04-10 07:55:48 [stdout] [9152] 10 Apr 07:55:48.138 # fork operation complete
2025-04-10 07:55:48 [stdout] [9152] 10 Apr 07:55:48.139 * Background saving terminated with success
2025-04-10 08:10:49 [stdout] [9152] 10 Apr 08:10:49.005 * 1 changes in 900 seconds. Saving...
2025-04-10 08:10:49 [stdout] [9152] 10 Apr 08:10:49.007 * Background saving started by pid 7440
2025-04-10 08:10:49 [stdout] [9152] 10 Apr 08:10:49.116 # fork operation complete
2025-04-10 08:10:49 [stdout] [9152] 10 Apr 08:10:49.116 * Background saving terminated with success
2025-04-10 08:25:50 [stdout] [9152] 10 Apr 08:25:50.038 * 1 changes in 900 seconds. Saving...
2025-04-10 08:25:50 [stdout] [9152] 10 Apr 08:25:50.040 * Background saving started by pid 19480
2025-04-10 08:25:50 [stdout] [9152] 10 Apr 08:25:50.149 # fork operation complete
2025-04-10 08:25:50 [stdout] [9152] 10 Apr 08:25:50.149 * Background saving terminated with success
2025-04-10 08:40:51 [stdout] [9152] 10 Apr 08:40:51.070 * 1 changes in 900 seconds. Saving...
2025-04-10 08:40:51 [stdout] [9152] 10 Apr 08:40:51.072 * Background saving started by pid 10628
2025-04-10 08:40:51 [stdout] [9152] 10 Apr 08:40:51.180 # fork operation complete
2025-04-10 08:40:51 [stdout] [9152] 10 Apr 08:40:51.180 * Background saving terminated with success
2025-04-10 08:46:21 [stdout] [9152] 10 Apr 08:46:21.619 * 10 changes in 300 seconds. Saving...
2025-04-10 08:46:21 [stdout] [9152] 10 Apr 08:46:21.621 * Background saving started by pid 5068
2025-04-10 08:46:21 [stdout] [9152] 10 Apr 08:46:21.729 # fork operation complete
2025-04-10 08:46:21 [stdout] [9152] 10 Apr 08:46:21.729 * Background saving terminated with success
2025-04-10 08:57:33 [stdout] [9152] 10 Apr 08:57:33.746 * 10 changes in 300 seconds. Saving...
2025-04-10 08:57:33 [stdout] [9152] 10 Apr 08:57:33.747 * Background saving started by pid 12056
2025-04-10 08:57:33 [stdout] [9152] 10 Apr 08:57:33.856 # fork operation complete
2025-04-10 08:57:33 [stdout] [9152] 10 Apr 08:57:33.856 * Background saving terminated with success
2025-04-10 09:02:34 [stdout] [9152] 10 Apr 09:02:34.001 * 10 changes in 300 seconds. Saving...
2025-04-10 09:02:34 [stdout] [9152] 10 Apr 09:02:34.003 * Background saving started by pid 26416
2025-04-10 09:02:34 [stdout] [9152] 10 Apr 09:02:34.111 # fork operation complete
2025-04-10 09:02:34 [stdout] [9152] 10 Apr 09:02:34.111 * Background saving terminated with success
2025-04-10 09:07:35 [stdout] [9152] 10 Apr 09:07:35.037 * 10 changes in 300 seconds. Saving...
2025-04-10 09:07:35 [stdout] [9152] 10 Apr 09:07:35.039 * Background saving started by pid 10668
2025-04-10 09:07:35 [stdout] [9152] 10 Apr 09:07:35.149 # fork operation complete
2025-04-10 09:07:35 [stdout] [9152] 10 Apr 09:07:35.149 * Background saving terminated with success
2025-04-10 09:18:18 [stdout] [9152] 10 Apr 09:18:18.540 * 10 changes in 300 seconds. Saving...
2025-04-10 09:18:18 [stdout] [9152] 10 Apr 09:18:18.542 * Background saving started by pid 5116
2025-04-10 09:18:18 [stdout] [9152] 10 Apr 09:18:18.650 # fork operation complete
2025-04-10 09:18:18 [stdout] [9152] 10 Apr 09:18:18.650 * Background saving terminated with success
2025-04-10 09:33:19 [stdout] [9152] 10 Apr 09:33:19.002 * 1 changes in 900 seconds. Saving...
2025-04-10 09:33:19 [stdout] [9152] 10 Apr 09:33:19.003 * Background saving started by pid 26480
2025-04-10 09:33:19 [stdout] [9152] 10 Apr 09:33:19.112 # fork operation complete
2025-04-10 09:33:19 [stdout] [9152] 10 Apr 09:33:19.112 * Background saving terminated with success
2025-04-10 09:53:48 [stdout] [9152] 10 Apr 09:53:48.857 * 1 changes in 900 seconds. Saving...
2025-04-10 09:53:48 [stdout] [9152] 10 Apr 09:53:48.858 * Background saving started by pid 19356
2025-04-10 09:53:48 [stdout] [9152] 10 Apr 09:53:48.965 # fork operation complete
2025-04-10 09:53:48 [stdout] [9152] 10 Apr 09:53:48.965 * Background saving terminated with success
2025-04-10 10:05:30 [stdout] [9152] 10 Apr 10:05:30.912 * 10 changes in 300 seconds. Saving...
2025-04-10 10:05:30 [stdout] [9152] 10 Apr 10:05:30.915 * Background saving started by pid 27552
2025-04-10 10:05:31 [stdout] [9152] 10 Apr 10:05:31.029 # fork operation complete
2025-04-10 10:05:31 [stdout] [9152] 10 Apr 10:05:31.029 * Background saving terminated with success
2025-04-10 10:10:32 [stdout] [9152] 10 Apr 10:10:32.062 * 10 changes in 300 seconds. Saving...
2025-04-10 10:10:32 [stdout] [9152] 10 Apr 10:10:32.063 * Background saving started by pid 26844
2025-04-10 10:10:32 [stdout] [9152] 10 Apr 10:10:32.172 # fork operation complete
2025-04-10 10:10:32 [stdout] [9152] 10 Apr 10:10:32.172 * Background saving terminated with success
2025-04-10 20:54:05 [stdout]                 _._                                                  
2025-04-10 20:54:05 [stdout]            _.-``__ ''-._                                             
2025-04-10 20:54:05 [stdout]       _.-``    `.  `_.  ''-._           Redis 3.2.100 (00000000/0) 64 bit
2025-04-10 20:54:05 [stdout]   .-`` .-```.  ```\/    _.,_ ''-._                                   
2025-04-10 20:54:05 [stdout]  (    '      ,       .-`  | `,    )     Running in standalone mode
2025-04-10 20:54:05 [stdout]  |`-._`-...-` __...-.``-._|'` _.-'|     Port: 6378
2025-04-10 20:54:05 [stdout]  |    `-._   `._    /     _.-'    |     PID: 22344
2025-04-10 20:54:05 [stdout]   `-._    `-._  `-./  _.-'    _.-'                                   
2025-04-10 20:54:05 [stdout]  |`-._`-._    `-.__.-'    _.-'_.-'|                                  
2025-04-10 20:54:05 [stdout]  |    `-._`-._        _.-'_.-'    |           http://redis.io        
2025-04-10 20:54:05 [stdout]   `-._    `-._`-.__.-'_.-'    _.-'                                   
2025-04-10 20:54:05 [stdout]  |`-._`-._    `-.__.-'    _.-'_.-'|                                  
2025-04-10 20:54:05 [stdout]  |    `-._`-._        _.-'_.-'    |                                  
2025-04-10 20:54:05 [stdout]   `-._    `-._`-.__.-'_.-'    _.-'                                   
2025-04-10 20:54:05 [stdout]       `-._    `-.__.-'    _.-'                                       
2025-04-10 20:54:05 [stdout]           `-._        _.-'                                           
2025-04-10 20:54:05 [stdout]               `-.__.-'                                               
2025-04-10 20:54:05 [stdout] [22344] 10 Apr 20:54:05.899 # Server started, Redis version 3.2.100
2025-04-10 20:54:05 [stdout] [22344] 10 Apr 20:54:05.908 * DB loaded from disk: 0.009 seconds
2025-04-10 20:54:05 [stdout] [22344] 10 Apr 20:54:05.908 * The server is now ready to accept connections on port 6378
2025-04-11 09:52:00 [stdout]                 _._                                                  
2025-04-11 09:52:00 [stdout]            _.-``__ ''-._                                             
2025-04-11 09:52:00 [stdout]       _.-``    `.  `_.  ''-._           Redis 3.2.100 (00000000/0) 64 bit
2025-04-11 09:52:00 [stdout]   .-`` .-```.  ```\/    _.,_ ''-._                                   
2025-04-11 09:52:00 [stdout]  (    '      ,       .-`  | `,    )     Running in standalone mode
2025-04-11 09:52:00 [stdout]  |`-._`-...-` __...-.``-._|'` _.-'|     Port: 6378
2025-04-11 09:52:00 [stdout]  |    `-._   `._    /     _.-'    |     PID: 21116
2025-04-11 09:52:00 [stdout]   `-._    `-._  `-./  _.-'    _.-'                                   
2025-04-11 09:52:00 [stdout]  |`-._`-._    `-.__.-'    _.-'_.-'|                                  
2025-04-11 09:52:00 [stdout]  |    `-._`-._        _.-'_.-'    |           http://redis.io        
2025-04-11 09:52:00 [stdout]   `-._    `-._`-.__.-'_.-'    _.-'                                   
2025-04-11 09:52:00 [stdout]  |`-._`-._    `-.__.-'    _.-'_.-'|                                  
2025-04-11 09:52:00 [stdout]  |    `-._`-._        _.-'_.-'    |                                  
2025-04-11 09:52:00 [stdout]   `-._    `-._`-.__.-'_.-'    _.-'                                   
2025-04-11 09:52:00 [stdout]       `-._    `-.__.-'    _.-'                                       
2025-04-11 09:52:00 [stdout]           `-._        _.-'                                           
2025-04-11 09:52:00 [stdout]               `-.__.-'                                               
2025-04-11 09:52:00 [stdout] [21116] 11 Apr 09:52:00.501 # Server started, Redis version 3.2.100
2025-04-11 09:52:00 [stdout] [21116] 11 Apr 09:52:00.502 * DB loaded from disk: 0.001 seconds
2025-04-11 09:52:00 [stdout] [21116] 11 Apr 09:52:00.502 * The server is now ready to accept connections on port 6378
2025-04-11 09:52:36 [stdout]                 _._                                                  
2025-04-11 09:52:36 [stdout]            _.-``__ ''-._                                             
2025-04-11 09:52:36 [stdout]       _.-``    `.  `_.  ''-._           Redis 3.2.100 (00000000/0) 64 bit
2025-04-11 09:52:36 [stdout]   .-`` .-```.  ```\/    _.,_ ''-._                                   
2025-04-11 09:52:36 [stdout]  (    '      ,       .-`  | `,    )     Running in standalone mode
2025-04-11 09:52:36 [stdout]  |`-._`-...-` __...-.``-._|'` _.-'|     Port: 6378
2025-04-11 09:52:36 [stdout]  |    `-._   `._    /     _.-'    |     PID: 9700
2025-04-11 09:52:36 [stdout]   `-._    `-._  `-./  _.-'    _.-'                                   
2025-04-11 09:52:36 [stdout]  |`-._`-._    `-.__.-'    _.-'_.-'|                                  
2025-04-11 09:52:36 [stdout]  |    `-._`-._        _.-'_.-'    |           http://redis.io        
2025-04-11 09:52:36 [stdout]   `-._    `-._`-.__.-'_.-'    _.-'                                   
2025-04-11 09:52:36 [stdout]  |`-._`-._    `-.__.-'    _.-'_.-'|                                  
2025-04-11 09:52:36 [stdout]  |    `-._`-._        _.-'_.-'    |                                  
2025-04-11 09:52:36 [stdout]   `-._    `-._`-.__.-'_.-'    _.-'                                   
2025-04-11 09:52:36 [stdout]       `-._    `-.__.-'    _.-'                                       
2025-04-11 09:52:36 [stdout]           `-._        _.-'                                           
2025-04-11 09:52:36 [stdout]               `-.__.-'                                               
2025-04-11 09:52:36 [stdout] [9700] 11 Apr 09:52:36.421 # Server started, Redis version 3.2.100
2025-04-11 09:52:36 [stdout] [9700] 11 Apr 09:52:36.422 * DB loaded from disk: 0.001 seconds
2025-04-11 09:52:36 [stdout] [9700] 11 Apr 09:52:36.422 * The server is now ready to accept connections on port 6378
2025-04-11 09:53:23 [stdout]                 _._                                                  
2025-04-11 09:53:23 [stdout]            _.-``__ ''-._                                             
2025-04-11 09:53:23 [stdout]       _.-``    `.  `_.  ''-._           Redis 3.2.100 (00000000/0) 64 bit
2025-04-11 09:53:23 [stdout]   .-`` .-```.  ```\/    _.,_ ''-._                                   
2025-04-11 09:53:23 [stdout]  (    '      ,       .-`  | `,    )     Running in standalone mode
2025-04-11 09:53:23 [stdout]  |`-._`-...-` __...-.``-._|'` _.-'|     Port: 6378
2025-04-11 09:53:23 [stdout]  |    `-._   `._    /     _.-'    |     PID: 21784
2025-04-11 09:53:23 [stdout]   `-._    `-._  `-./  _.-'    _.-'                                   
2025-04-11 09:53:23 [stdout]  |`-._`-._    `-.__.-'    _.-'_.-'|                                  
2025-04-11 09:53:23 [stdout]  |    `-._`-._        _.-'_.-'    |           http://redis.io        
2025-04-11 09:53:23 [stdout]   `-._    `-._`-.__.-'_.-'    _.-'                                   
2025-04-11 09:53:23 [stdout]  |`-._`-._    `-.__.-'    _.-'_.-'|                                  
2025-04-11 09:53:23 [stdout]  |    `-._`-._        _.-'_.-'    |                                  
2025-04-11 09:53:23 [stdout]   `-._    `-._`-.__.-'_.-'    _.-'                                   
2025-04-11 09:53:23 [stdout]       `-._    `-.__.-'    _.-'                                       
2025-04-11 09:53:23 [stdout]           `-._        _.-'                                           
2025-04-11 09:53:23 [stdout]               `-.__.-'                                               
2025-04-11 09:53:23 [stdout] [21784] 11 Apr 09:53:23.617 # Server started, Redis version 3.2.100
2025-04-11 09:53:23 [stdout] [21784] 11 Apr 09:53:23.617 * DB loaded from disk: 0.001 seconds
2025-04-11 09:53:23 [stdout] [21784] 11 Apr 09:53:23.617 * The server is now ready to accept connections on port 6378
2025-04-11 09:54:44 [stdout]                 _._                                                  
2025-04-11 09:54:44 [stdout]            _.-``__ ''-._                                             
2025-04-11 09:54:44 [stdout]       _.-``    `.  `_.  ''-._           Redis 3.2.100 (00000000/0) 64 bit
2025-04-11 09:54:44 [stdout]   .-`` .-```.  ```\/    _.,_ ''-._                                   
2025-04-11 09:54:44 [stdout]  (    '      ,       .-`  | `,    )     Running in standalone mode
2025-04-11 09:54:44 [stdout]  |`-._`-...-` __...-.``-._|'` _.-'|     Port: 6378
2025-04-11 09:54:44 [stdout]  |    `-._   `._    /     _.-'    |     PID: 15888
2025-04-11 09:54:44 [stdout]   `-._    `-._  `-./  _.-'    _.-'                                   
2025-04-11 09:54:44 [stdout]  |`-._`-._    `-.__.-'    _.-'_.-'|                                  
2025-04-11 09:54:44 [stdout]  |    `-._`-._        _.-'_.-'    |           http://redis.io        
2025-04-11 09:54:44 [stdout]   `-._    `-._`-.__.-'_.-'    _.-'                                   
2025-04-11 09:54:44 [stdout]  |`-._`-._    `-.__.-'    _.-'_.-'|                                  
2025-04-11 09:54:44 [stdout]  |    `-._`-._        _.-'_.-'    |                                  
2025-04-11 09:54:44 [stdout]   `-._    `-._`-.__.-'_.-'    _.-'                                   
2025-04-11 09:54:44 [stdout]       `-._    `-.__.-'    _.-'                                       
2025-04-11 09:54:44 [stdout]           `-._        _.-'                                           
2025-04-11 09:54:44 [stdout]               `-.__.-'                                               
2025-04-11 09:54:44 [stdout] [15888] 11 Apr 09:54:44.307 # Server started, Redis version 3.2.100
2025-04-11 09:54:44 [stdout] [15888] 11 Apr 09:54:44.308 * DB loaded from disk: 0.001 seconds
2025-04-11 09:54:44 [stdout] [15888] 11 Apr 09:54:44.308 * The server is now ready to accept connections on port 6378
2025-04-11 09:55:21 [stdout] [4616] 11 Apr 09:55:21.652 # Creating Server TCP listening socket 127.0.0.1:6378: bind: No error
2025-04-11 09:55:22 [stdout] [352] 11 Apr 09:55:22.900 # Creating Server TCP listening socket 127.0.0.1:6378: bind: No error
2025-04-11 09:55:24 [stdout] [5880] 11 Apr 09:55:24.143 # Creating Server TCP listening socket 127.0.0.1:6378: bind: No error
2025-04-11 09:55:25 [stdout] [21812] 11 Apr 09:55:25.402 # Creating Server TCP listening socket 127.0.0.1:6378: bind: No error
2025-04-11 09:55:26 [stdout] [23808] 11 Apr 09:55:26.644 # Creating Server TCP listening socket 127.0.0.1:6378: bind: No error
2025-04-11 09:55:27 [stdout] [1764] 11 Apr 09:55:27.910 # Creating Server TCP listening socket 127.0.0.1:6378: bind: No error
2025-04-11 09:55:29 [stdout] [24068] 11 Apr 09:55:29.639 # Creating Server TCP listening socket 127.0.0.1:6378: bind: No error
2025-04-11 09:55:30 [stdout] [6348] 11 Apr 09:55:30.889 # Creating Server TCP listening socket 127.0.0.1:6378: bind: No error
2025-04-11 09:55:32 [stdout] [8468] 11 Apr 09:55:32.140 # Creating Server TCP listening socket 127.0.0.1:6378: bind: No error
2025-04-11 09:55:33 [stdout] [4600] 11 Apr 09:55:33.385 # Creating Server TCP listening socket 127.0.0.1:6378: bind: No error
2025-04-11 09:55:34 [stdout] [352] 11 Apr 09:55:34.644 # Creating Server TCP listening socket 127.0.0.1:6378: bind: No error
2025-04-11 09:55:35 [stdout] [23036] 11 Apr 09:55:35.882 # Creating Server TCP listening socket 127.0.0.1:6378: bind: No error
2025-04-11 09:55:53 [stdout]                 _._                                                  
2025-04-11 09:55:53 [stdout]            _.-``__ ''-._                                             
2025-04-11 09:55:53 [stdout]       _.-``    `.  `_.  ''-._           Redis 3.2.100 (00000000/0) 64 bit
2025-04-11 09:55:53 [stdout]   .-`` .-```.  ```\/    _.,_ ''-._                                   
2025-04-11 09:55:53 [stdout]  (    '      ,       .-`  | `,    )     Running in standalone mode
2025-04-11 09:55:53 [stdout]  |`-._`-...-` __...-.``-._|'` _.-'|     Port: 6378
2025-04-11 09:55:53 [stdout]  |    `-._   `._    /     _.-'    |     PID: 17260
2025-04-11 09:55:53 [stdout]   `-._    `-._  `-./  _.-'    _.-'                                   
2025-04-11 09:55:53 [stdout]  |`-._`-._    `-.__.-'    _.-'_.-'|                                  
2025-04-11 09:55:53 [stdout]  |    `-._`-._        _.-'_.-'    |           http://redis.io        
2025-04-11 09:55:53 [stdout]   `-._    `-._`-.__.-'_.-'    _.-'                                   
2025-04-11 09:55:53 [stdout]  |`-._`-._    `-.__.-'    _.-'_.-'|                                  
2025-04-11 09:55:53 [stdout]  |    `-._`-._        _.-'_.-'    |                                  
2025-04-11 09:55:53 [stdout]   `-._    `-._`-.__.-'_.-'    _.-'                                   
2025-04-11 09:55:53 [stdout]       `-._    `-.__.-'    _.-'                                       
2025-04-11 09:55:53 [stdout]           `-._        _.-'                                           
2025-04-11 09:55:53 [stdout]               `-.__.-'                                               
2025-04-11 09:55:53 [stdout] [17260] 11 Apr 09:55:53.108 # Server started, Redis version 3.2.100
2025-04-11 09:55:53 [stdout] [17260] 11 Apr 09:55:53.109 * DB loaded from disk: 0.001 seconds
2025-04-11 09:55:53 [stdout] [17260] 11 Apr 09:55:53.109 * The server is now ready to accept connections on port 6378
2025-04-11 09:57:19 [stdout]                 _._                                                  
2025-04-11 09:57:19 [stdout]            _.-``__ ''-._                                             
2025-04-11 09:57:19 [stdout]       _.-``    `.  `_.  ''-._           Redis 3.2.100 (00000000/0) 64 bit
2025-04-11 09:57:19 [stdout]   .-`` .-```.  ```\/    _.,_ ''-._                                   
2025-04-11 09:57:19 [stdout]  (    '      ,       .-`  | `,    )     Running in standalone mode
2025-04-11 09:57:19 [stdout]  |`-._`-...-` __...-.``-._|'` _.-'|     Port: 6378
2025-04-11 09:57:19 [stdout]  |    `-._   `._    /     _.-'    |     PID: 3264
2025-04-11 09:57:19 [stdout]   `-._    `-._  `-./  _.-'    _.-'                                   
2025-04-11 09:57:19 [stdout]  |`-._`-._    `-.__.-'    _.-'_.-'|                                  
2025-04-11 09:57:19 [stdout]  |    `-._`-._        _.-'_.-'    |           http://redis.io        
2025-04-11 09:57:19 [stdout]   `-._    `-._`-.__.-'_.-'    _.-'                                   
2025-04-11 09:57:19 [stdout]  |`-._`-._    `-.__.-'    _.-'_.-'|                                  
2025-04-11 09:57:19 [stdout]  |    `-._`-._        _.-'_.-'    |                                  
2025-04-11 09:57:19 [stdout]   `-._    `-._`-.__.-'_.-'    _.-'                                   
2025-04-11 09:57:19 [stdout]       `-._    `-.__.-'    _.-'                                       
2025-04-11 09:57:19 [stdout]           `-._        _.-'                                           
2025-04-11 09:57:19 [stdout]               `-.__.-'                                               
2025-04-11 09:57:19 [stdout] [3264] 11 Apr 09:57:19.556 # Server started, Redis version 3.2.100
2025-04-11 09:57:19 [stdout] [3264] 11 Apr 09:57:19.557 * DB loaded from disk: 0.001 seconds
2025-04-11 09:57:19 [stdout] [3264] 11 Apr 09:57:19.557 * The server is now ready to accept connections on port 6378
2025-04-11 09:58:13 [stdout]                 _._                                                  
2025-04-11 09:58:13 [stdout]            _.-``__ ''-._                                             
2025-04-11 09:58:13 [stdout]       _.-``    `.  `_.  ''-._           Redis 3.2.100 (00000000/0) 64 bit
2025-04-11 09:58:13 [stdout]   .-`` .-```.  ```\/    _.,_ ''-._                                   
2025-04-11 09:58:13 [stdout]  (    '      ,       .-`  | `,    )     Running in standalone mode
2025-04-11 09:58:13 [stdout]  |`-._`-...-` __...-.``-._|'` _.-'|     Port: 6378
2025-04-11 09:58:13 [stdout]  |    `-._   `._    /     _.-'    |     PID: 20440
2025-04-11 09:58:13 [stdout]   `-._    `-._  `-./  _.-'    _.-'                                   
2025-04-11 09:58:13 [stdout]  |`-._`-._    `-.__.-'    _.-'_.-'|                                  
2025-04-11 09:58:13 [stdout]  |    `-._`-._        _.-'_.-'    |           http://redis.io        
2025-04-11 09:58:13 [stdout]   `-._    `-._`-.__.-'_.-'    _.-'                                   
2025-04-11 09:58:13 [stdout]  |`-._`-._    `-.__.-'    _.-'_.-'|                                  
2025-04-11 09:58:13 [stdout]  |    `-._`-._        _.-'_.-'    |                                  
2025-04-11 09:58:13 [stdout]   `-._    `-._`-.__.-'_.-'    _.-'                                   
2025-04-11 09:58:13 [stdout]       `-._    `-.__.-'    _.-'                                       
2025-04-11 09:58:13 [stdout]           `-._        _.-'                                           
2025-04-11 09:58:13 [stdout]               `-.__.-'                                               
2025-04-11 09:58:13 [stdout] [20440] 11 Apr 09:58:13.182 # Server started, Redis version 3.2.100
2025-04-11 09:58:13 [stdout] [20440] 11 Apr 09:58:13.183 * DB loaded from disk: 0.001 seconds
2025-04-11 09:58:13 [stdout] [20440] 11 Apr 09:58:13.183 * The server is now ready to accept connections on port 6378
2025-04-11 10:00:20 [stdout]                 _._                                                  
2025-04-11 10:00:20 [stdout]            _.-``__ ''-._                                             
2025-04-11 10:00:20 [stdout]       _.-``    `.  `_.  ''-._           Redis 3.2.100 (00000000/0) 64 bit
2025-04-11 10:00:20 [stdout]   .-`` .-```.  ```\/    _.,_ ''-._                                   
2025-04-11 10:00:20 [stdout]  (    '      ,       .-`  | `,    )     Running in standalone mode
2025-04-11 10:00:20 [stdout]  |`-._`-...-` __...-.``-._|'` _.-'|     Port: 6378
2025-04-11 10:00:20 [stdout]  |    `-._   `._    /     _.-'    |     PID: 7244
2025-04-11 10:00:20 [stdout]   `-._    `-._  `-./  _.-'    _.-'                                   
2025-04-11 10:00:20 [stdout]  |`-._`-._    `-.__.-'    _.-'_.-'|                                  
2025-04-11 10:00:20 [stdout]  |    `-._`-._        _.-'_.-'    |           http://redis.io        
2025-04-11 10:00:20 [stdout]   `-._    `-._`-.__.-'_.-'    _.-'                                   
2025-04-11 10:00:20 [stdout]  |`-._`-._    `-.__.-'    _.-'_.-'|                                  
2025-04-11 10:00:20 [stdout]  |    `-._`-._        _.-'_.-'    |                                  
2025-04-11 10:00:20 [stdout]   `-._    `-._`-.__.-'_.-'    _.-'                                   
2025-04-11 10:00:20 [stdout]       `-._    `-.__.-'    _.-'                                       
2025-04-11 10:00:20 [stdout]           `-._        _.-'                                           
2025-04-11 10:00:20 [stdout]               `-.__.-'                                               
2025-04-11 10:00:20 [stdout] [7244] 11 Apr 10:00:20.853 # Server started, Redis version 3.2.100
2025-04-11 10:00:20 [stdout] [7244] 11 Apr 10:00:20.854 * DB loaded from disk: 0.001 seconds
2025-04-11 10:00:20 [stdout] [7244] 11 Apr 10:00:20.854 * The server is now ready to accept connections on port 6378
2025-04-11 10:02:16 [stdout]                 _._                                                  
2025-04-11 10:02:16 [stdout]            _.-``__ ''-._                                             
2025-04-11 10:02:16 [stdout]       _.-``    `.  `_.  ''-._           Redis 3.2.100 (00000000/0) 64 bit
2025-04-11 10:02:16 [stdout]   .-`` .-```.  ```\/    _.,_ ''-._                                   
2025-04-11 10:02:16 [stdout]  (    '      ,       .-`  | `,    )     Running in standalone mode
2025-04-11 10:02:16 [stdout]  |`-._`-...-` __...-.``-._|'` _.-'|     Port: 6378
2025-04-11 10:02:16 [stdout]  |    `-._   `._    /     _.-'    |     PID: 17596
2025-04-11 10:02:16 [stdout]   `-._    `-._  `-./  _.-'    _.-'                                   
2025-04-11 10:02:16 [stdout]  |`-._`-._    `-.__.-'    _.-'_.-'|                                  
2025-04-11 10:02:16 [stdout]  |    `-._`-._        _.-'_.-'    |           http://redis.io        
2025-04-11 10:02:16 [stdout]   `-._    `-._`-.__.-'_.-'    _.-'                                   
2025-04-11 10:02:16 [stdout]  |`-._`-._    `-.__.-'    _.-'_.-'|                                  
2025-04-11 10:02:16 [stdout]  |    `-._`-._        _.-'_.-'    |                                  
2025-04-11 10:02:16 [stdout]   `-._    `-._`-.__.-'_.-'    _.-'                                   
2025-04-11 10:02:16 [stdout]       `-._    `-.__.-'    _.-'                                       
2025-04-11 10:02:16 [stdout]           `-._        _.-'                                           
2025-04-11 10:02:16 [stdout]               `-.__.-'                                               
2025-04-11 10:02:16 [stdout] [17596] 11 Apr 10:02:16.536 # Server started, Redis version 3.2.100
2025-04-11 10:02:16 [stdout] [17596] 11 Apr 10:02:16.537 * DB loaded from disk: 0.001 seconds
2025-04-11 10:02:16 [stdout] [17596] 11 Apr 10:02:16.537 * The server is now ready to accept connections on port 6378
2025-04-11 10:04:46 [stdout]                 _._                                                  
2025-04-11 10:04:46 [stdout]            _.-``__ ''-._                                             
2025-04-11 10:04:46 [stdout]       _.-``    `.  `_.  ''-._           Redis 3.2.100 (00000000/0) 64 bit
2025-04-11 10:04:46 [stdout]   .-`` .-```.  ```\/    _.,_ ''-._                                   
2025-04-11 10:04:46 [stdout]  (    '      ,       .-`  | `,    )     Running in standalone mode
2025-04-11 10:04:46 [stdout]  |`-._`-...-` __...-.``-._|'` _.-'|     Port: 6378
2025-04-11 10:04:46 [stdout]  |    `-._   `._    /     _.-'    |     PID: 10784
2025-04-11 10:04:46 [stdout]   `-._    `-._  `-./  _.-'    _.-'                                   
2025-04-11 10:04:46 [stdout]  |`-._`-._    `-.__.-'    _.-'_.-'|                                  
2025-04-11 10:04:46 [stdout]  |    `-._`-._        _.-'_.-'    |           http://redis.io        
2025-04-11 10:04:46 [stdout]   `-._    `-._`-.__.-'_.-'    _.-'                                   
2025-04-11 10:04:46 [stdout]  |`-._`-._    `-.__.-'    _.-'_.-'|                                  
2025-04-11 10:04:46 [stdout]  |    `-._`-._        _.-'_.-'    |                                  
2025-04-11 10:04:46 [stdout]   `-._    `-._`-.__.-'_.-'    _.-'                                   
2025-04-11 10:04:46 [stdout]       `-._    `-.__.-'    _.-'                                       
2025-04-11 10:04:46 [stdout]           `-._        _.-'                                           
2025-04-11 10:04:46 [stdout]               `-.__.-'                                               
2025-04-11 10:04:46 [stdout] [10784] 11 Apr 10:04:46.414 # Server started, Redis version 3.2.100
2025-04-11 10:04:46 [stdout] [10784] 11 Apr 10:04:46.414 * DB loaded from disk: 0.001 seconds
2025-04-11 10:04:46 [stdout] [10784] 11 Apr 10:04:46.414 * The server is now ready to accept connections on port 6378
2025-04-11 10:05:47 [stdout]                 _._                                                  
2025-04-11 10:05:47 [stdout]            _.-``__ ''-._                                             
2025-04-11 10:05:47 [stdout]       _.-``    `.  `_.  ''-._           Redis 3.2.100 (00000000/0) 64 bit
2025-04-11 10:05:47 [stdout]   .-`` .-```.  ```\/    _.,_ ''-._                                   
2025-04-11 10:05:47 [stdout]  (    '      ,       .-`  | `,    )     Running in standalone mode
2025-04-11 10:05:47 [stdout]  |`-._`-...-` __...-.``-._|'` _.-'|     Port: 6378
2025-04-11 10:05:47 [stdout]  |    `-._   `._    /     _.-'    |     PID: 4056
2025-04-11 10:05:47 [stdout]   `-._    `-._  `-./  _.-'    _.-'                                   
2025-04-11 10:05:47 [stdout]  |`-._`-._    `-.__.-'    _.-'_.-'|                                  
2025-04-11 10:05:47 [stdout]  |    `-._`-._        _.-'_.-'    |           http://redis.io        
2025-04-11 10:05:47 [stdout]   `-._    `-._`-.__.-'_.-'    _.-'                                   
2025-04-11 10:05:47 [stdout]  |`-._`-._    `-.__.-'    _.-'_.-'|                                  
2025-04-11 10:05:47 [stdout]  |    `-._`-._        _.-'_.-'    |                                  
2025-04-11 10:05:47 [stdout]   `-._    `-._`-.__.-'_.-'    _.-'                                   
2025-04-11 10:05:47 [stdout]       `-._    `-.__.-'    _.-'                                       
2025-04-11 10:05:47 [stdout]           `-._        _.-'                                           
2025-04-11 10:05:47 [stdout]               `-.__.-'                                               
2025-04-11 10:05:47 [stdout] [4056] 11 Apr 10:05:47.352 # Server started, Redis version 3.2.100
2025-04-11 10:05:47 [stdout] [4056] 11 Apr 10:05:47.352 * DB loaded from disk: 0.001 seconds
2025-04-11 10:05:47 [stdout] [4056] 11 Apr 10:05:47.352 * The server is now ready to accept connections on port 6378
2025-04-11 10:06:22 [stdout]                 _._                                                  
2025-04-11 10:06:22 [stdout]            _.-``__ ''-._                                             
2025-04-11 10:06:22 [stdout]       _.-``    `.  `_.  ''-._           Redis 3.2.100 (00000000/0) 64 bit
2025-04-11 10:06:22 [stdout]   .-`` .-```.  ```\/    _.,_ ''-._                                   
2025-04-11 10:06:22 [stdout]  (    '      ,       .-`  | `,    )     Running in standalone mode
2025-04-11 10:06:22 [stdout]  |`-._`-...-` __...-.``-._|'` _.-'|     Port: 6378
2025-04-11 10:06:22 [stdout]  |    `-._   `._    /     _.-'    |     PID: 7980
2025-04-11 10:06:22 [stdout]   `-._    `-._  `-./  _.-'    _.-'                                   
2025-04-11 10:06:22 [stdout]  |`-._`-._    `-.__.-'    _.-'_.-'|                                  
2025-04-11 10:06:22 [stdout]  |    `-._`-._        _.-'_.-'    |           http://redis.io        
2025-04-11 10:06:22 [stdout]   `-._    `-._`-.__.-'_.-'    _.-'                                   
2025-04-11 10:06:22 [stdout]  |`-._`-._    `-.__.-'    _.-'_.-'|                                  
2025-04-11 10:06:22 [stdout]  |    `-._`-._        _.-'_.-'    |                                  
2025-04-11 10:06:22 [stdout]   `-._    `-._`-.__.-'_.-'    _.-'                                   
2025-04-11 10:06:22 [stdout]       `-._    `-.__.-'    _.-'                                       
2025-04-11 10:06:22 [stdout]           `-._        _.-'                                           
2025-04-11 10:06:22 [stdout]               `-.__.-'                                               
2025-04-11 10:06:22 [stdout] [7980] 11 Apr 10:06:22.671 # Server started, Redis version 3.2.100
2025-04-11 10:06:22 [stdout] [7980] 11 Apr 10:06:22.671 * DB loaded from disk: 0.001 seconds
2025-04-11 10:06:22 [stdout] [7980] 11 Apr 10:06:22.671 * The server is now ready to accept connections on port 6378
2025-04-11 10:07:01 [stdout]                 _._                                                  
2025-04-11 10:07:01 [stdout]            _.-``__ ''-._                                             
2025-04-11 10:07:01 [stdout]       _.-``    `.  `_.  ''-._           Redis 3.2.100 (00000000/0) 64 bit
2025-04-11 10:07:01 [stdout]   .-`` .-```.  ```\/    _.,_ ''-._                                   
2025-04-11 10:07:01 [stdout]  (    '      ,       .-`  | `,    )     Running in standalone mode
2025-04-11 10:07:01 [stdout]  |`-._`-...-` __...-.``-._|'` _.-'|     Port: 6378
2025-04-11 10:07:01 [stdout]  |    `-._   `._    /     _.-'    |     PID: 24488
2025-04-11 10:07:01 [stdout]   `-._    `-._  `-./  _.-'    _.-'                                   
2025-04-11 10:07:01 [stdout]  |`-._`-._    `-.__.-'    _.-'_.-'|                                  
2025-04-11 10:07:01 [stdout]  |    `-._`-._        _.-'_.-'    |           http://redis.io        
2025-04-11 10:07:01 [stdout]   `-._    `-._`-.__.-'_.-'    _.-'                                   
2025-04-11 10:07:01 [stdout]  |`-._`-._    `-.__.-'    _.-'_.-'|                                  
2025-04-11 10:07:01 [stdout]  |    `-._`-._        _.-'_.-'    |                                  
2025-04-11 10:07:01 [stdout]   `-._    `-._`-.__.-'_.-'    _.-'                                   
2025-04-11 10:07:01 [stdout]       `-._    `-.__.-'    _.-'                                       
2025-04-11 10:07:01 [stdout]           `-._        _.-'                                           
2025-04-11 10:07:01 [stdout]               `-.__.-'                                               
2025-04-11 10:07:01 [stdout] [24488] 11 Apr 10:07:01.457 # Server started, Redis version 3.2.100
2025-04-11 10:07:01 [stdout] [24488] 11 Apr 10:07:01.458 * DB loaded from disk: 0.001 seconds
2025-04-11 10:07:01 [stdout] [24488] 11 Apr 10:07:01.458 * The server is now ready to accept connections on port 6378
2025-04-11 10:07:52 [stdout]                 _._                                                  
2025-04-11 10:07:52 [stdout]            _.-``__ ''-._                                             
2025-04-11 10:07:52 [stdout]       _.-``    `.  `_.  ''-._           Redis 3.2.100 (00000000/0) 64 bit
2025-04-11 10:07:52 [stdout]   .-`` .-```.  ```\/    _.,_ ''-._                                   
2025-04-11 10:07:52 [stdout]  (    '      ,       .-`  | `,    )     Running in standalone mode
2025-04-11 10:07:52 [stdout]  |`-._`-...-` __...-.``-._|'` _.-'|     Port: 6378
2025-04-11 10:07:52 [stdout]  |    `-._   `._    /     _.-'    |     PID: 16628
2025-04-11 10:07:52 [stdout]   `-._    `-._  `-./  _.-'    _.-'                                   
2025-04-11 10:07:52 [stdout]  |`-._`-._    `-.__.-'    _.-'_.-'|                                  
2025-04-11 10:07:52 [stdout]  |    `-._`-._        _.-'_.-'    |           http://redis.io        
2025-04-11 10:07:52 [stdout]   `-._    `-._`-.__.-'_.-'    _.-'                                   
2025-04-11 10:07:52 [stdout]  |`-._`-._    `-.__.-'    _.-'_.-'|                                  
2025-04-11 10:07:52 [stdout]  |    `-._`-._        _.-'_.-'    |                                  
2025-04-11 10:07:52 [stdout]   `-._    `-._`-.__.-'_.-'    _.-'                                   
2025-04-11 10:07:52 [stdout]       `-._    `-.__.-'    _.-'                                       
2025-04-11 10:07:52 [stdout]           `-._        _.-'                                           
2025-04-11 10:07:52 [stdout]               `-.__.-'                                               
2025-04-11 10:07:52 [stdout] [16628] 11 Apr 10:07:52.598 # Server started, Redis version 3.2.100
2025-04-11 10:07:52 [stdout] [16628] 11 Apr 10:07:52.599 * DB loaded from disk: 0.001 seconds
2025-04-11 10:07:52 [stdout] [16628] 11 Apr 10:07:52.599 * The server is now ready to accept connections on port 6378
2025-04-11 10:08:03 [stdout]                 _._                                                  
2025-04-11 10:08:03 [stdout]            _.-``__ ''-._                                             
2025-04-11 10:08:03 [stdout]       _.-``    `.  `_.  ''-._           Redis 3.2.100 (00000000/0) 64 bit
2025-04-11 10:08:03 [stdout]   .-`` .-```.  ```\/    _.,_ ''-._                                   
2025-04-11 10:08:03 [stdout]  (    '      ,       .-`  | `,    )     Running in standalone mode
2025-04-11 10:08:03 [stdout]  |`-._`-...-` __...-.``-._|'` _.-'|     Port: 6378
2025-04-11 10:08:03 [stdout]  |    `-._   `._    /     _.-'    |     PID: 4384
2025-04-11 10:08:03 [stdout]   `-._    `-._  `-./  _.-'    _.-'                                   
2025-04-11 10:08:03 [stdout]  |`-._`-._    `-.__.-'    _.-'_.-'|                                  
2025-04-11 10:08:03 [stdout]  |    `-._`-._        _.-'_.-'    |           http://redis.io        
2025-04-11 10:08:03 [stdout]   `-._    `-._`-.__.-'_.-'    _.-'                                   
2025-04-11 10:08:03 [stdout]  |`-._`-._    `-.__.-'    _.-'_.-'|                                  
2025-04-11 10:08:03 [stdout]  |    `-._`-._        _.-'_.-'    |                                  
2025-04-11 10:08:03 [stdout]   `-._    `-._`-.__.-'_.-'    _.-'                                   
2025-04-11 10:08:03 [stdout]       `-._    `-.__.-'    _.-'                                       
2025-04-11 10:08:03 [stdout]           `-._        _.-'                                           
2025-04-11 10:08:03 [stdout]               `-.__.-'                                               
2025-04-11 10:08:03 [stdout] [4384] 11 Apr 10:08:03.632 # Server started, Redis version 3.2.100
2025-04-11 10:08:03 [stdout] [4384] 11 Apr 10:08:03.632 * DB loaded from disk: 0.001 seconds
2025-04-11 10:08:03 [stdout] [4384] 11 Apr 10:08:03.632 * The server is now ready to accept connections on port 6378
2025-04-11 10:08:59 [stdout]                 _._                                                  
2025-04-11 10:08:59 [stdout]            _.-``__ ''-._                                             
2025-04-11 10:08:59 [stdout]       _.-``    `.  `_.  ''-._           Redis 3.2.100 (00000000/0) 64 bit
2025-04-11 10:08:59 [stdout]   .-`` .-```.  ```\/    _.,_ ''-._                                   
2025-04-11 10:08:59 [stdout]  (    '      ,       .-`  | `,    )     Running in standalone mode
2025-04-11 10:08:59 [stdout]  |`-._`-...-` __...-.``-._|'` _.-'|     Port: 6378
2025-04-11 10:08:59 [stdout]  |    `-._   `._    /     _.-'    |     PID: 5764
2025-04-11 10:08:59 [stdout]   `-._    `-._  `-./  _.-'    _.-'                                   
2025-04-11 10:08:59 [stdout]  |`-._`-._    `-.__.-'    _.-'_.-'|                                  
2025-04-11 10:08:59 [stdout]  |    `-._`-._        _.-'_.-'    |           http://redis.io        
2025-04-11 10:08:59 [stdout]   `-._    `-._`-.__.-'_.-'    _.-'                                   
2025-04-11 10:08:59 [stdout]  |`-._`-._    `-.__.-'    _.-'_.-'|                                  
2025-04-11 10:08:59 [stdout]  |    `-._`-._        _.-'_.-'    |                                  
2025-04-11 10:08:59 [stdout]   `-._    `-._`-.__.-'_.-'    _.-'                                   
2025-04-11 10:08:59 [stdout]       `-._    `-.__.-'    _.-'                                       
2025-04-11 10:08:59 [stdout]           `-._        _.-'                                           
2025-04-11 10:08:59 [stdout]               `-.__.-'                                               
2025-04-11 10:08:59 [stdout] [5764] 11 Apr 10:08:59.940 # Server started, Redis version 3.2.100
2025-04-11 10:08:59 [stdout] [5764] 11 Apr 10:08:59.941 * DB loaded from disk: 0.001 seconds
2025-04-11 10:08:59 [stdout] [5764] 11 Apr 10:08:59.941 * The server is now ready to accept connections on port 6378
2025-04-11 10:12:47 [stdout]                 _._                                                  
2025-04-11 10:12:47 [stdout]            _.-``__ ''-._                                             
2025-04-11 10:12:47 [stdout]       _.-``    `.  `_.  ''-._           Redis 3.2.100 (00000000/0) 64 bit
2025-04-11 10:12:47 [stdout]   .-`` .-```.  ```\/    _.,_ ''-._                                   
2025-04-11 10:12:47 [stdout]  (    '      ,       .-`  | `,    )     Running in standalone mode
2025-04-11 10:12:47 [stdout]  |`-._`-...-` __...-.``-._|'` _.-'|     Port: 6378
2025-04-11 10:12:47 [stdout]  |    `-._   `._    /     _.-'    |     PID: 2128
2025-04-11 10:12:47 [stdout]   `-._    `-._  `-./  _.-'    _.-'                                   
2025-04-11 10:12:47 [stdout]  |`-._`-._    `-.__.-'    _.-'_.-'|                                  
2025-04-11 10:12:47 [stdout]  |    `-._`-._        _.-'_.-'    |           http://redis.io        
2025-04-11 10:12:47 [stdout]   `-._    `-._`-.__.-'_.-'    _.-'                                   
2025-04-11 10:12:47 [stdout]  |`-._`-._    `-.__.-'    _.-'_.-'|                                  
2025-04-11 10:12:47 [stdout]  |    `-._`-._        _.-'_.-'    |                                  
2025-04-11 10:12:47 [stdout]   `-._    `-._`-.__.-'_.-'    _.-'                                   
2025-04-11 10:12:47 [stdout]       `-._    `-.__.-'    _.-'                                       
2025-04-11 10:12:47 [stdout]           `-._        _.-'                                           
2025-04-11 10:12:47 [stdout]               `-.__.-'                                               
2025-04-11 10:12:47 [stdout] [2128] 11 Apr 10:12:47.959 # Server started, Redis version 3.2.100
2025-04-11 10:12:47 [stdout] [2128] 11 Apr 10:12:47.960 * DB loaded from disk: 0.001 seconds
2025-04-11 10:12:47 [stdout] [2128] 11 Apr 10:12:47.960 * The server is now ready to accept connections on port 6378
2025-04-11 10:13:32 [stdout]                 _._                                                  
2025-04-11 10:13:32 [stdout]            _.-``__ ''-._                                             
2025-04-11 10:13:32 [stdout]       _.-``    `.  `_.  ''-._           Redis 3.2.100 (00000000/0) 64 bit
2025-04-11 10:13:32 [stdout]   .-`` .-```.  ```\/    _.,_ ''-._                                   
2025-04-11 10:13:32 [stdout]  (    '      ,       .-`  | `,    )     Running in standalone mode
2025-04-11 10:13:32 [stdout]  |`-._`-...-` __...-.``-._|'` _.-'|     Port: 6378
2025-04-11 10:13:32 [stdout]  |    `-._   `._    /     _.-'    |     PID: 20444
2025-04-11 10:13:32 [stdout]   `-._    `-._  `-./  _.-'    _.-'                                   
2025-04-11 10:13:32 [stdout]  |`-._`-._    `-.__.-'    _.-'_.-'|                                  
2025-04-11 10:13:32 [stdout]  |    `-._`-._        _.-'_.-'    |           http://redis.io        
2025-04-11 10:13:32 [stdout]   `-._    `-._`-.__.-'_.-'    _.-'                                   
2025-04-11 10:13:32 [stdout]  |`-._`-._    `-.__.-'    _.-'_.-'|                                  
2025-04-11 10:13:32 [stdout]  |    `-._`-._        _.-'_.-'    |                                  
2025-04-11 10:13:32 [stdout]   `-._    `-._`-.__.-'_.-'    _.-'                                   
2025-04-11 10:13:32 [stdout]       `-._    `-.__.-'    _.-'                                       
2025-04-11 10:13:32 [stdout]           `-._        _.-'                                           
2025-04-11 10:13:32 [stdout]               `-.__.-'                                               
2025-04-11 10:13:32 [stdout] [20444] 11 Apr 10:13:32.749 # Server started, Redis version 3.2.100
2025-04-11 10:13:32 [stdout] [20444] 11 Apr 10:13:32.750 * DB loaded from disk: 0.001 seconds
2025-04-11 10:13:32 [stdout] [20444] 11 Apr 10:13:32.750 * The server is now ready to accept connections on port 6378
2025-04-11 10:14:16 [stdout]                 _._                                                  
2025-04-11 10:14:16 [stdout]            _.-``__ ''-._                                             
2025-04-11 10:14:16 [stdout]       _.-``    `.  `_.  ''-._           Redis 3.2.100 (00000000/0) 64 bit
2025-04-11 10:14:16 [stdout]   .-`` .-```.  ```\/    _.,_ ''-._                                   
2025-04-11 10:14:16 [stdout]  (    '      ,       .-`  | `,    )     Running in standalone mode
2025-04-11 10:14:16 [stdout]  |`-._`-...-` __...-.``-._|'` _.-'|     Port: 6378
2025-04-11 10:14:16 [stdout]  |    `-._   `._    /     _.-'    |     PID: 10004
2025-04-11 10:14:16 [stdout]   `-._    `-._  `-./  _.-'    _.-'                                   
2025-04-11 10:14:16 [stdout]  |`-._`-._    `-.__.-'    _.-'_.-'|                                  
2025-04-11 10:14:16 [stdout]  |    `-._`-._        _.-'_.-'    |           http://redis.io        
2025-04-11 10:14:16 [stdout]   `-._    `-._`-.__.-'_.-'    _.-'                                   
2025-04-11 10:14:16 [stdout]  |`-._`-._    `-.__.-'    _.-'_.-'|                                  
2025-04-11 10:14:16 [stdout]  |    `-._`-._        _.-'_.-'    |                                  
2025-04-11 10:14:16 [stdout]   `-._    `-._`-.__.-'_.-'    _.-'                                   
2025-04-11 10:14:16 [stdout]       `-._    `-.__.-'    _.-'                                       
2025-04-11 10:14:16 [stdout]           `-._        _.-'                                           
2025-04-11 10:14:16 [stdout]               `-.__.-'                                               
2025-04-11 10:14:16 [stdout] [10004] 11 Apr 10:14:16.868 # Server started, Redis version 3.2.100
2025-04-11 10:14:16 [stdout] [10004] 11 Apr 10:14:16.869 * DB loaded from disk: 0.001 seconds
2025-04-11 10:14:16 [stdout] [10004] 11 Apr 10:14:16.869 * The server is now ready to accept connections on port 6378
2025-04-11 10:14:52 [stdout]                 _._                                                  
2025-04-11 10:14:52 [stdout]            _.-``__ ''-._                                             
2025-04-11 10:14:52 [stdout]       _.-``    `.  `_.  ''-._           Redis 3.2.100 (00000000/0) 64 bit
2025-04-11 10:14:52 [stdout]   .-`` .-```.  ```\/    _.,_ ''-._                                   
2025-04-11 10:14:52 [stdout]  (    '      ,       .-`  | `,    )     Running in standalone mode
2025-04-11 10:14:52 [stdout]  |`-._`-...-` __...-.``-._|'` _.-'|     Port: 6378
2025-04-11 10:14:52 [stdout]  |    `-._   `._    /     _.-'    |     PID: 12852
2025-04-11 10:14:52 [stdout]   `-._    `-._  `-./  _.-'    _.-'                                   
2025-04-11 10:14:52 [stdout]  |`-._`-._    `-.__.-'    _.-'_.-'|                                  
2025-04-11 10:14:52 [stdout]  |    `-._`-._        _.-'_.-'    |           http://redis.io        
2025-04-11 10:14:52 [stdout]   `-._    `-._`-.__.-'_.-'    _.-'                                   
2025-04-11 10:14:52 [stdout]  |`-._`-._    `-.__.-'    _.-'_.-'|                                  
2025-04-11 10:14:52 [stdout]  |    `-._`-._        _.-'_.-'    |                                  
2025-04-11 10:14:52 [stdout]   `-._    `-._`-.__.-'_.-'    _.-'                                   
2025-04-11 10:14:52 [stdout]       `-._    `-.__.-'    _.-'                                       
2025-04-11 10:14:52 [stdout]           `-._        _.-'                                           
2025-04-11 10:14:52 [stdout]               `-.__.-'                                               
2025-04-11 10:14:52 [stdout] [12852] 11 Apr 10:14:52.556 # Server started, Redis version 3.2.100
2025-04-11 10:14:52 [stdout] [12852] 11 Apr 10:14:52.557 * DB loaded from disk: 0.001 seconds
2025-04-11 10:14:52 [stdout] [12852] 11 Apr 10:14:52.557 * The server is now ready to accept connections on port 6378
2025-04-11 10:14:57 [stdout] [6736] 11 Apr 10:14:57.166 # Creating Server TCP listening socket 127.0.0.1:6378: bind: No error
2025-04-11 10:14:58 [stdout] [23196] 11 Apr 10:14:58.408 # Creating Server TCP listening socket 127.0.0.1:6378: bind: No error
2025-04-11 10:14:59 [stdout]                 _._                                                  
2025-04-11 10:14:59 [stdout]            _.-``__ ''-._                                             
2025-04-11 10:14:59 [stdout]       _.-``    `.  `_.  ''-._           Redis 3.2.100 (00000000/0) 64 bit
2025-04-11 10:14:59 [stdout]   .-`` .-```.  ```\/    _.,_ ''-._                                   
2025-04-11 10:14:59 [stdout]  (    '      ,       .-`  | `,    )     Running in standalone mode
2025-04-11 10:14:59 [stdout]  |`-._`-...-` __...-.``-._|'` _.-'|     Port: 6378
2025-04-11 10:14:59 [stdout]  |    `-._   `._    /     _.-'    |     PID: 3256
2025-04-11 10:14:59 [stdout]   `-._    `-._  `-./  _.-'    _.-'                                   
2025-04-11 10:14:59 [stdout]  |`-._`-._    `-.__.-'    _.-'_.-'|                                  
2025-04-11 10:14:59 [stdout]  |    `-._`-._        _.-'_.-'    |           http://redis.io        
2025-04-11 10:14:59 [stdout]   `-._    `-._`-.__.-'_.-'    _.-'                                   
2025-04-11 10:14:59 [stdout]  |`-._`-._    `-.__.-'    _.-'_.-'|                                  
2025-04-11 10:14:59 [stdout]  |    `-._`-._        _.-'_.-'    |                                  
2025-04-11 10:14:59 [stdout]   `-._    `-._`-.__.-'_.-'    _.-'                                   
2025-04-11 10:14:59 [stdout]       `-._    `-.__.-'    _.-'                                       
2025-04-11 10:14:59 [stdout]           `-._        _.-'                                           
2025-04-11 10:14:59 [stdout]               `-.__.-'                                               
2025-04-11 10:14:59 [stdout] [3256] 11 Apr 10:14:59.650 # Server started, Redis version 3.2.100
2025-04-11 10:14:59 [stdout] [3256] 11 Apr 10:14:59.651 * DB loaded from disk: 0.001 seconds
2025-04-11 10:14:59 [stdout] [3256] 11 Apr 10:14:59.651 * The server is now ready to accept connections on port 6378
2025-04-11 10:15:54 [stdout]                 _._                                                  
2025-04-11 10:15:54 [stdout]            _.-``__ ''-._                                             
2025-04-11 10:15:54 [stdout]       _.-``    `.  `_.  ''-._           Redis 3.2.100 (00000000/0) 64 bit
2025-04-11 10:15:54 [stdout]   .-`` .-```.  ```\/    _.,_ ''-._                                   
2025-04-11 10:15:54 [stdout]  (    '      ,       .-`  | `,    )     Running in standalone mode
2025-04-11 10:15:54 [stdout]  |`-._`-...-` __...-.``-._|'` _.-'|     Port: 6378
2025-04-11 10:15:54 [stdout]  |    `-._   `._    /     _.-'    |     PID: 22560
2025-04-11 10:15:54 [stdout]   `-._    `-._  `-./  _.-'    _.-'                                   
2025-04-11 10:15:54 [stdout]  |`-._`-._    `-.__.-'    _.-'_.-'|                                  
2025-04-11 10:15:54 [stdout]  |    `-._`-._        _.-'_.-'    |           http://redis.io        
2025-04-11 10:15:54 [stdout]   `-._    `-._`-.__.-'_.-'    _.-'                                   
2025-04-11 10:15:54 [stdout]  |`-._`-._    `-.__.-'    _.-'_.-'|                                  
2025-04-11 10:15:54 [stdout]  |    `-._`-._        _.-'_.-'    |                                  
2025-04-11 10:15:54 [stdout]   `-._    `-._`-.__.-'_.-'    _.-'                                   
2025-04-11 10:15:54 [stdout]       `-._    `-.__.-'    _.-'                                       
2025-04-11 10:15:54 [stdout]           `-._        _.-'                                           
2025-04-11 10:15:54 [stdout]               `-.__.-'                                               
2025-04-11 10:15:54 [stdout] [22560] 11 Apr 10:15:54.505 # Server started, Redis version 3.2.100
2025-04-11 10:15:54 [stdout] [22560] 11 Apr 10:15:54.506 * DB loaded from disk: 0.001 seconds
2025-04-11 10:15:54 [stdout] [22560] 11 Apr 10:15:54.506 * The server is now ready to accept connections on port 6378
2025-04-11 10:19:09 [stdout]                 _._                                                  
2025-04-11 10:19:09 [stdout]            _.-``__ ''-._                                             
2025-04-11 10:19:09 [stdout]       _.-``    `.  `_.  ''-._           Redis 3.2.100 (00000000/0) 64 bit
2025-04-11 10:19:09 [stdout]   .-`` .-```.  ```\/    _.,_ ''-._                                   
2025-04-11 10:19:09 [stdout]  (    '      ,       .-`  | `,    )     Running in standalone mode
2025-04-11 10:19:09 [stdout]  |`-._`-...-` __...-.``-._|'` _.-'|     Port: 6378
2025-04-11 10:19:09 [stdout]  |    `-._   `._    /     _.-'    |     PID: 20656
2025-04-11 10:19:09 [stdout]   `-._    `-._  `-./  _.-'    _.-'                                   
2025-04-11 10:19:09 [stdout]  |`-._`-._    `-.__.-'    _.-'_.-'|                                  
2025-04-11 10:19:09 [stdout]  |    `-._`-._        _.-'_.-'    |           http://redis.io        
2025-04-11 10:19:09 [stdout]   `-._    `-._`-.__.-'_.-'    _.-'                                   
2025-04-11 10:19:09 [stdout]  |`-._`-._    `-.__.-'    _.-'_.-'|                                  
2025-04-11 10:19:09 [stdout]  |    `-._`-._        _.-'_.-'    |                                  
2025-04-11 10:19:09 [stdout]   `-._    `-._`-.__.-'_.-'    _.-'                                   
2025-04-11 10:19:09 [stdout]       `-._    `-.__.-'    _.-'                                       
2025-04-11 10:19:09 [stdout]           `-._        _.-'                                           
2025-04-11 10:19:09 [stdout]               `-.__.-'                                               
2025-04-11 10:19:09 [stdout] [20656] 11 Apr 10:19:09.215 # Server started, Redis version 3.2.100
2025-04-11 10:19:09 [stdout] [20656] 11 Apr 10:19:09.216 * DB loaded from disk: 0.001 seconds
2025-04-11 10:19:09 [stdout] [20656] 11 Apr 10:19:09.216 * The server is now ready to accept connections on port 6378
2025-04-11 10:19:20 [stdout]                 _._                                                  
2025-04-11 10:19:20 [stdout]            _.-``__ ''-._                                             
2025-04-11 10:19:20 [stdout]       _.-``    `.  `_.  ''-._           Redis 3.2.100 (00000000/0) 64 bit
2025-04-11 10:19:20 [stdout]   .-`` .-```.  ```\/    _.,_ ''-._                                   
2025-04-11 10:19:20 [stdout]  (    '      ,       .-`  | `,    )     Running in standalone mode
2025-04-11 10:19:20 [stdout]  |`-._`-...-` __...-.``-._|'` _.-'|     Port: 6378
2025-04-11 10:19:20 [stdout]  |    `-._   `._    /     _.-'    |     PID: 18320
2025-04-11 10:19:20 [stdout]   `-._    `-._  `-./  _.-'    _.-'                                   
2025-04-11 10:19:20 [stdout]  |`-._`-._    `-.__.-'    _.-'_.-'|                                  
2025-04-11 10:19:20 [stdout]  |    `-._`-._        _.-'_.-'    |           http://redis.io        
2025-04-11 10:19:20 [stdout]   `-._    `-._`-.__.-'_.-'    _.-'                                   
2025-04-11 10:19:20 [stdout]  |`-._`-._    `-.__.-'    _.-'_.-'|                                  
2025-04-11 10:19:20 [stdout]  |    `-._`-._        _.-'_.-'    |                                  
2025-04-11 10:19:20 [stdout]   `-._    `-._`-.__.-'_.-'    _.-'                                   
2025-04-11 10:19:20 [stdout]       `-._    `-.__.-'    _.-'                                       
2025-04-11 10:19:20 [stdout]           `-._        _.-'                                           
2025-04-11 10:19:20 [stdout]               `-.__.-'                                               
2025-04-11 10:19:20 [stdout] [18320] 11 Apr 10:19:20.682 # Server started, Redis version 3.2.100
2025-04-11 10:19:20 [stdout] [18320] 11 Apr 10:19:20.683 * DB loaded from disk: 0.001 seconds
2025-04-11 10:19:20 [stdout] [18320] 11 Apr 10:19:20.683 * The server is now ready to accept connections on port 6378
2025-04-11 10:19:25 [stdout]                 _._                                                  
2025-04-11 10:19:25 [stdout]            _.-``__ ''-._                                             
2025-04-11 10:19:25 [stdout]       _.-``    `.  `_.  ''-._           Redis 3.2.100 (00000000/0) 64 bit
2025-04-11 10:19:25 [stdout]   .-`` .-```.  ```\/    _.,_ ''-._                                   
2025-04-11 10:19:25 [stdout]  (    '      ,       .-`  | `,    )     Running in standalone mode
2025-04-11 10:19:25 [stdout]  |`-._`-...-` __...-.``-._|'` _.-'|     Port: 6378
2025-04-11 10:19:25 [stdout]  |    `-._   `._    /     _.-'    |     PID: 7240
2025-04-11 10:19:25 [stdout]   `-._    `-._  `-./  _.-'    _.-'                                   
2025-04-11 10:19:25 [stdout]  |`-._`-._    `-.__.-'    _.-'_.-'|                                  
2025-04-11 10:19:25 [stdout]  |    `-._`-._        _.-'_.-'    |           http://redis.io        
2025-04-11 10:19:25 [stdout]   `-._    `-._`-.__.-'_.-'    _.-'                                   
2025-04-11 10:19:25 [stdout]  |`-._`-._    `-.__.-'    _.-'_.-'|                                  
2025-04-11 10:19:25 [stdout]  |    `-._`-._        _.-'_.-'    |                                  
2025-04-11 10:19:25 [stdout]   `-._    `-._`-.__.-'_.-'    _.-'                                   
2025-04-11 10:19:25 [stdout]       `-._    `-.__.-'    _.-'                                       
2025-04-11 10:19:25 [stdout]           `-._        _.-'                                           
2025-04-11 10:19:25 [stdout]               `-.__.-'                                               
2025-04-11 10:19:25 [stdout] [7240] 11 Apr 10:19:25.393 # Server started, Redis version 3.2.100
2025-04-11 10:19:25 [stdout] [7240] 11 Apr 10:19:25.394 * DB loaded from disk: 0.001 seconds
2025-04-11 10:19:25 [stdout] [7240] 11 Apr 10:19:25.394 * The server is now ready to accept connections on port 6378
2025-04-11 10:20:05 [stdout]                 _._                                                  
2025-04-11 10:20:05 [stdout]            _.-``__ ''-._                                             
2025-04-11 10:20:05 [stdout]       _.-``    `.  `_.  ''-._           Redis 3.2.100 (00000000/0) 64 bit
2025-04-11 10:20:05 [stdout]   .-`` .-```.  ```\/    _.,_ ''-._                                   
2025-04-11 10:20:05 [stdout]  (    '      ,       .-`  | `,    )     Running in standalone mode
2025-04-11 10:20:05 [stdout]  |`-._`-...-` __...-.``-._|'` _.-'|     Port: 6378
2025-04-11 10:20:05 [stdout]  |    `-._   `._    /     _.-'    |     PID: 7128
2025-04-11 10:20:05 [stdout]   `-._    `-._  `-./  _.-'    _.-'                                   
2025-04-11 10:20:05 [stdout]  |`-._`-._    `-.__.-'    _.-'_.-'|                                  
2025-04-11 10:20:05 [stdout]  |    `-._`-._        _.-'_.-'    |           http://redis.io        
2025-04-11 10:20:05 [stdout]   `-._    `-._`-.__.-'_.-'    _.-'                                   
2025-04-11 10:20:05 [stdout]  |`-._`-._    `-.__.-'    _.-'_.-'|                                  
2025-04-11 10:20:05 [stdout]  |    `-._`-._        _.-'_.-'    |                                  
2025-04-11 10:20:05 [stdout]   `-._    `-._`-.__.-'_.-'    _.-'                                   
2025-04-11 10:20:05 [stdout]       `-._    `-.__.-'    _.-'                                       
2025-04-11 10:20:05 [stdout]           `-._        _.-'                                           
2025-04-11 10:20:05 [stdout]               `-.__.-'                                               
2025-04-11 10:20:05 [stdout] [7128] 11 Apr 10:20:05.236 # Server started, Redis version 3.2.100
2025-04-11 10:20:05 [stdout] [7128] 11 Apr 10:20:05.237 * DB loaded from disk: 0.001 seconds
2025-04-11 10:20:05 [stdout] [7128] 11 Apr 10:20:05.237 * The server is now ready to accept connections on port 6378
2025-04-11 10:21:08 [stdout]                 _._                                                  
2025-04-11 10:21:08 [stdout]            _.-``__ ''-._                                             
2025-04-11 10:21:08 [stdout]       _.-``    `.  `_.  ''-._           Redis 3.2.100 (00000000/0) 64 bit
2025-04-11 10:21:08 [stdout]   .-`` .-```.  ```\/    _.,_ ''-._                                   
2025-04-11 10:21:08 [stdout]  (    '      ,       .-`  | `,    )     Running in standalone mode
2025-04-11 10:21:08 [stdout]  |`-._`-...-` __...-.``-._|'` _.-'|     Port: 6378
2025-04-11 10:21:08 [stdout]  |    `-._   `._    /     _.-'    |     PID: 17308
2025-04-11 10:21:08 [stdout]   `-._    `-._  `-./  _.-'    _.-'                                   
2025-04-11 10:21:08 [stdout]  |`-._`-._    `-.__.-'    _.-'_.-'|                                  
2025-04-11 10:21:08 [stdout]  |    `-._`-._        _.-'_.-'    |           http://redis.io        
2025-04-11 10:21:08 [stdout]   `-._    `-._`-.__.-'_.-'    _.-'                                   
2025-04-11 10:21:08 [stdout]  |`-._`-._    `-.__.-'    _.-'_.-'|                                  
2025-04-11 10:21:08 [stdout]  |    `-._`-._        _.-'_.-'    |                                  
2025-04-11 10:21:08 [stdout]   `-._    `-._`-.__.-'_.-'    _.-'                                   
2025-04-11 10:21:08 [stdout]       `-._    `-.__.-'    _.-'                                       
2025-04-11 10:21:08 [stdout]           `-._        _.-'                                           
2025-04-11 10:21:08 [stdout]               `-.__.-'                                               
2025-04-11 10:21:08 [stdout] [17308] 11 Apr 10:21:08.879 # Server started, Redis version 3.2.100
2025-04-11 10:21:08 [stdout] [17308] 11 Apr 10:21:08.880 * DB loaded from disk: 0.001 seconds
2025-04-11 10:21:08 [stdout] [17308] 11 Apr 10:21:08.880 * The server is now ready to accept connections on port 6378
2025-04-11 10:21:59 [stdout]                 _._                                                  
2025-04-11 10:21:59 [stdout]            _.-``__ ''-._                                             
2025-04-11 10:21:59 [stdout]       _.-``    `.  `_.  ''-._           Redis 3.2.100 (00000000/0) 64 bit
2025-04-11 10:21:59 [stdout]   .-`` .-```.  ```\/    _.,_ ''-._                                   
2025-04-11 10:21:59 [stdout]  (    '      ,       .-`  | `,    )     Running in standalone mode
2025-04-11 10:21:59 [stdout]  |`-._`-...-` __...-.``-._|'` _.-'|     Port: 6378
2025-04-11 10:21:59 [stdout]  |    `-._   `._    /     _.-'    |     PID: 10600
2025-04-11 10:21:59 [stdout]   `-._    `-._  `-./  _.-'    _.-'                                   
2025-04-11 10:21:59 [stdout]  |`-._`-._    `-.__.-'    _.-'_.-'|                                  
2025-04-11 10:21:59 [stdout]  |    `-._`-._        _.-'_.-'    |           http://redis.io        
2025-04-11 10:21:59 [stdout]   `-._    `-._`-.__.-'_.-'    _.-'                                   
2025-04-11 10:21:59 [stdout]  |`-._`-._    `-.__.-'    _.-'_.-'|                                  
2025-04-11 10:21:59 [stdout]  |    `-._`-._        _.-'_.-'    |                                  
2025-04-11 10:21:59 [stdout]   `-._    `-._`-.__.-'_.-'    _.-'                                   
2025-04-11 10:21:59 [stdout]       `-._    `-.__.-'    _.-'                                       
2025-04-11 10:21:59 [stdout]           `-._        _.-'                                           
2025-04-11 10:21:59 [stdout]               `-.__.-'                                               
2025-04-11 10:21:59 [stdout] [10600] 11 Apr 10:21:59.358 # Server started, Redis version 3.2.100
2025-04-11 10:21:59 [stdout] [10600] 11 Apr 10:21:59.359 * DB loaded from disk: 0.001 seconds
2025-04-11 10:21:59 [stdout] [10600] 11 Apr 10:21:59.359 * The server is now ready to accept connections on port 6378
2025-04-11 10:22:47 [stdout]                 _._                                                  
2025-04-11 10:22:47 [stdout]            _.-``__ ''-._                                             
2025-04-11 10:22:47 [stdout]       _.-``    `.  `_.  ''-._           Redis 3.2.100 (00000000/0) 64 bit
2025-04-11 10:22:47 [stdout]   .-`` .-```.  ```\/    _.,_ ''-._                                   
2025-04-11 10:22:47 [stdout]  (    '      ,       .-`  | `,    )     Running in standalone mode
2025-04-11 10:22:47 [stdout]  |`-._`-...-` __...-.``-._|'` _.-'|     Port: 6378
2025-04-11 10:22:47 [stdout]  |    `-._   `._    /     _.-'    |     PID: 3232
2025-04-11 10:22:47 [stdout]   `-._    `-._  `-./  _.-'    _.-'                                   
2025-04-11 10:22:47 [stdout]  |`-._`-._    `-.__.-'    _.-'_.-'|                                  
2025-04-11 10:22:47 [stdout]  |    `-._`-._        _.-'_.-'    |           http://redis.io        
2025-04-11 10:22:47 [stdout]   `-._    `-._`-.__.-'_.-'    _.-'                                   
2025-04-11 10:22:47 [stdout]  |`-._`-._    `-.__.-'    _.-'_.-'|                                  
2025-04-11 10:22:47 [stdout]  |    `-._`-._        _.-'_.-'    |                                  
2025-04-11 10:22:47 [stdout]   `-._    `-._`-.__.-'_.-'    _.-'                                   
2025-04-11 10:22:47 [stdout]       `-._    `-.__.-'    _.-'                                       
2025-04-11 10:22:47 [stdout]           `-._        _.-'                                           
2025-04-11 10:22:47 [stdout]               `-.__.-'                                               
2025-04-11 10:22:47 [stdout] [3232] 11 Apr 10:22:47.697 # Server started, Redis version 3.2.100
2025-04-11 10:22:47 [stdout] [3232] 11 Apr 10:22:47.697 * DB loaded from disk: 0.001 seconds
2025-04-11 10:22:47 [stdout] [3232] 11 Apr 10:22:47.697 * The server is now ready to accept connections on port 6378
2025-04-11 10:23:43 [stdout]                 _._                                                  
2025-04-11 10:23:43 [stdout]            _.-``__ ''-._                                             
2025-04-11 10:23:43 [stdout]       _.-``    `.  `_.  ''-._           Redis 3.2.100 (00000000/0) 64 bit
2025-04-11 10:23:43 [stdout]   .-`` .-```.  ```\/    _.,_ ''-._                                   
2025-04-11 10:23:43 [stdout]  (    '      ,       .-`  | `,    )     Running in standalone mode
2025-04-11 10:23:43 [stdout]  |`-._`-...-` __...-.``-._|'` _.-'|     Port: 6378
2025-04-11 10:23:43 [stdout]  |    `-._   `._    /     _.-'    |     PID: 21740
2025-04-11 10:23:43 [stdout]   `-._    `-._  `-./  _.-'    _.-'                                   
2025-04-11 10:23:43 [stdout]  |`-._`-._    `-.__.-'    _.-'_.-'|                                  
2025-04-11 10:23:43 [stdout]  |    `-._`-._        _.-'_.-'    |           http://redis.io        
2025-04-11 10:23:43 [stdout]   `-._    `-._`-.__.-'_.-'    _.-'                                   
2025-04-11 10:23:43 [stdout]  |`-._`-._    `-.__.-'    _.-'_.-'|                                  
2025-04-11 10:23:43 [stdout]  |    `-._`-._        _.-'_.-'    |                                  
2025-04-11 10:23:43 [stdout]   `-._    `-._`-.__.-'_.-'    _.-'                                   
2025-04-11 10:23:43 [stdout]       `-._    `-.__.-'    _.-'                                       
2025-04-11 10:23:43 [stdout]           `-._        _.-'                                           
2025-04-11 10:23:43 [stdout]               `-.__.-'                                               
2025-04-11 10:23:43 [stdout] [21740] 11 Apr 10:23:43.785 # Server started, Redis version 3.2.100
2025-04-11 10:23:43 [stdout] [21740] 11 Apr 10:23:43.786 * DB loaded from disk: 0.001 seconds
2025-04-11 10:23:43 [stdout] [21740] 11 Apr 10:23:43.786 * The server is now ready to accept connections on port 6378
2025-04-11 10:24:35 [stdout]                 _._                                                  
2025-04-11 10:24:35 [stdout]            _.-``__ ''-._                                             
2025-04-11 10:24:35 [stdout]       _.-``    `.  `_.  ''-._           Redis 3.2.100 (00000000/0) 64 bit
2025-04-11 10:24:35 [stdout]   .-`` .-```.  ```\/    _.,_ ''-._                                   
2025-04-11 10:24:35 [stdout]  (    '      ,       .-`  | `,    )     Running in standalone mode
2025-04-11 10:24:35 [stdout]  |`-._`-...-` __...-.``-._|'` _.-'|     Port: 6378
2025-04-11 10:24:35 [stdout]  |    `-._   `._    /     _.-'    |     PID: 20440
2025-04-11 10:24:35 [stdout]   `-._    `-._  `-./  _.-'    _.-'                                   
2025-04-11 10:24:35 [stdout]  |`-._`-._    `-.__.-'    _.-'_.-'|                                  
2025-04-11 10:24:35 [stdout]  |    `-._`-._        _.-'_.-'    |           http://redis.io        
2025-04-11 10:24:35 [stdout]   `-._    `-._`-.__.-'_.-'    _.-'                                   
2025-04-11 10:24:35 [stdout]  |`-._`-._    `-.__.-'    _.-'_.-'|                                  
2025-04-11 10:24:35 [stdout]  |    `-._`-._        _.-'_.-'    |                                  
2025-04-11 10:24:35 [stdout]   `-._    `-._`-.__.-'_.-'    _.-'                                   
2025-04-11 10:24:35 [stdout]       `-._    `-.__.-'    _.-'                                       
2025-04-11 10:24:35 [stdout]           `-._        _.-'                                           
2025-04-11 10:24:35 [stdout]               `-.__.-'                                               
2025-04-11 10:24:35 [stdout] [20440] 11 Apr 10:24:35.063 # Server started, Redis version 3.2.100
2025-04-11 10:24:35 [stdout] [20440] 11 Apr 10:24:35.063 * DB loaded from disk: 0.001 seconds
2025-04-11 10:24:35 [stdout] [20440] 11 Apr 10:24:35.063 * The server is now ready to accept connections on port 6378
2025-04-11 10:25:44 [stdout]                 _._                                                  
2025-04-11 10:25:44 [stdout]            _.-``__ ''-._                                             
2025-04-11 10:25:44 [stdout]       _.-``    `.  `_.  ''-._           Redis 3.2.100 (00000000/0) 64 bit
2025-04-11 10:25:44 [stdout]   .-`` .-```.  ```\/    _.,_ ''-._                                   
2025-04-11 10:25:44 [stdout]  (    '      ,       .-`  | `,    )     Running in standalone mode
2025-04-11 10:25:44 [stdout]  |`-._`-...-` __...-.``-._|'` _.-'|     Port: 6378
2025-04-11 10:25:44 [stdout]  |    `-._   `._    /     _.-'    |     PID: 4940
2025-04-11 10:25:44 [stdout]   `-._    `-._  `-./  _.-'    _.-'                                   
2025-04-11 10:25:44 [stdout]  |`-._`-._    `-.__.-'    _.-'_.-'|                                  
2025-04-11 10:25:44 [stdout]  |    `-._`-._        _.-'_.-'    |           http://redis.io        
2025-04-11 10:25:44 [stdout]   `-._    `-._`-.__.-'_.-'    _.-'                                   
2025-04-11 10:25:44 [stdout]  |`-._`-._    `-.__.-'    _.-'_.-'|                                  
2025-04-11 10:25:44 [stdout]  |    `-._`-._        _.-'_.-'    |                                  
2025-04-11 10:25:44 [stdout]   `-._    `-._`-.__.-'_.-'    _.-'                                   
2025-04-11 10:25:44 [stdout]       `-._    `-.__.-'    _.-'                                       
2025-04-11 10:25:44 [stdout]           `-._        _.-'                                           
2025-04-11 10:25:44 [stdout]               `-.__.-'                                               
2025-04-11 10:25:44 [stdout] [4940] 11 Apr 10:25:44.769 # Server started, Redis version 3.2.100
2025-04-11 10:25:44 [stdout] [4940] 11 Apr 10:25:44.770 * DB loaded from disk: 0.001 seconds
2025-04-11 10:25:44 [stdout] [4940] 11 Apr 10:25:44.770 * The server is now ready to accept connections on port 6378
2025-04-11 10:26:49 [stdout]                 _._                                                  
2025-04-11 10:26:49 [stdout]            _.-``__ ''-._                                             
2025-04-11 10:26:49 [stdout]       _.-``    `.  `_.  ''-._           Redis 3.2.100 (00000000/0) 64 bit
2025-04-11 10:26:49 [stdout]   .-`` .-```.  ```\/    _.,_ ''-._                                   
2025-04-11 10:26:49 [stdout]  (    '      ,       .-`  | `,    )     Running in standalone mode
2025-04-11 10:26:49 [stdout]  |`-._`-...-` __...-.``-._|'` _.-'|     Port: 6378
2025-04-11 10:26:49 [stdout]  |    `-._   `._    /     _.-'    |     PID: 7236
2025-04-11 10:26:49 [stdout]   `-._    `-._  `-./  _.-'    _.-'                                   
2025-04-11 10:26:49 [stdout]  |`-._`-._    `-.__.-'    _.-'_.-'|                                  
2025-04-11 10:26:49 [stdout]  |    `-._`-._        _.-'_.-'    |           http://redis.io        
2025-04-11 10:26:49 [stdout]   `-._    `-._`-.__.-'_.-'    _.-'                                   
2025-04-11 10:26:49 [stdout]  |`-._`-._    `-.__.-'    _.-'_.-'|                                  
2025-04-11 10:26:49 [stdout]  |    `-._`-._        _.-'_.-'    |                                  
2025-04-11 10:26:49 [stdout]   `-._    `-._`-.__.-'_.-'    _.-'                                   
2025-04-11 10:26:49 [stdout]       `-._    `-.__.-'    _.-'                                       
2025-04-11 10:26:49 [stdout]           `-._        _.-'                                           
2025-04-11 10:26:49 [stdout]               `-.__.-'                                               
2025-04-11 10:26:49 [stdout] [7236] 11 Apr 10:26:49.226 # Server started, Redis version 3.2.100
2025-04-11 10:26:49 [stdout] [7236] 11 Apr 10:26:49.227 * DB loaded from disk: 0.001 seconds
2025-04-11 10:26:49 [stdout] [7236] 11 Apr 10:26:49.227 * The server is now ready to accept connections on port 6378
2025-04-11 10:28:13 [stdout]                 _._                                                  
2025-04-11 10:28:13 [stdout]            _.-``__ ''-._                                             
2025-04-11 10:28:13 [stdout]       _.-``    `.  `_.  ''-._           Redis 3.2.100 (00000000/0) 64 bit
2025-04-11 10:28:13 [stdout]   .-`` .-```.  ```\/    _.,_ ''-._                                   
2025-04-11 10:28:13 [stdout]  (    '      ,       .-`  | `,    )     Running in standalone mode
2025-04-11 10:28:13 [stdout]  |`-._`-...-` __...-.``-._|'` _.-'|     Port: 6378
2025-04-11 10:28:13 [stdout]  |    `-._   `._    /     _.-'    |     PID: 23852
2025-04-11 10:28:13 [stdout]   `-._    `-._  `-./  _.-'    _.-'                                   
2025-04-11 10:28:13 [stdout]  |`-._`-._    `-.__.-'    _.-'_.-'|                                  
2025-04-11 10:28:13 [stdout]  |    `-._`-._        _.-'_.-'    |           http://redis.io        
2025-04-11 10:28:13 [stdout]   `-._    `-._`-.__.-'_.-'    _.-'                                   
2025-04-11 10:28:13 [stdout]  |`-._`-._    `-.__.-'    _.-'_.-'|                                  
2025-04-11 10:28:13 [stdout]  |    `-._`-._        _.-'_.-'    |                                  
2025-04-11 10:28:13 [stdout]   `-._    `-._`-.__.-'_.-'    _.-'                                   
2025-04-11 10:28:13 [stdout]       `-._    `-.__.-'    _.-'                                       
2025-04-11 10:28:13 [stdout]           `-._        _.-'                                           
2025-04-11 10:28:13 [stdout]               `-.__.-'                                               
2025-04-11 10:28:13 [stdout] [23852] 11 Apr 10:28:13.665 # Server started, Redis version 3.2.100
2025-04-11 10:28:13 [stdout] [23852] 11 Apr 10:28:13.666 * DB loaded from disk: 0.001 seconds
2025-04-11 10:28:13 [stdout] [23852] 11 Apr 10:28:13.666 * The server is now ready to accept connections on port 6378
2025-04-11 10:29:11 [stdout]                 _._                                                  
2025-04-11 10:29:11 [stdout]            _.-``__ ''-._                                             
2025-04-11 10:29:11 [stdout]       _.-``    `.  `_.  ''-._           Redis 3.2.100 (00000000/0) 64 bit
2025-04-11 10:29:11 [stdout]   .-`` .-```.  ```\/    _.,_ ''-._                                   
2025-04-11 10:29:11 [stdout]  (    '      ,       .-`  | `,    )     Running in standalone mode
2025-04-11 10:29:11 [stdout]  |`-._`-...-` __...-.``-._|'` _.-'|     Port: 6378
2025-04-11 10:29:11 [stdout]  |    `-._   `._    /     _.-'    |     PID: 12568
2025-04-11 10:29:11 [stdout]   `-._    `-._  `-./  _.-'    _.-'                                   
2025-04-11 10:29:11 [stdout]  |`-._`-._    `-.__.-'    _.-'_.-'|                                  
2025-04-11 10:29:11 [stdout]  |    `-._`-._        _.-'_.-'    |           http://redis.io        
2025-04-11 10:29:11 [stdout]   `-._    `-._`-.__.-'_.-'    _.-'                                   
2025-04-11 10:29:11 [stdout]  |`-._`-._    `-.__.-'    _.-'_.-'|                                  
2025-04-11 10:29:11 [stdout]  |    `-._`-._        _.-'_.-'    |                                  
2025-04-11 10:29:11 [stdout]   `-._    `-._`-.__.-'_.-'    _.-'                                   
2025-04-11 10:29:11 [stdout]       `-._    `-.__.-'    _.-'                                       
2025-04-11 10:29:11 [stdout]           `-._        _.-'                                           
2025-04-11 10:29:11 [stdout]               `-.__.-'                                               
2025-04-11 10:29:11 [stdout] [12568] 11 Apr 10:29:11.415 # Server started, Redis version 3.2.100
2025-04-11 10:29:11 [stdout] [12568] 11 Apr 10:29:11.416 * DB loaded from disk: 0.001 seconds
2025-04-11 10:29:11 [stdout] [12568] 11 Apr 10:29:11.416 * The server is now ready to accept connections on port 6378
2025-04-11 10:31:51 [stdout]                 _._                                                  
2025-04-11 10:31:51 [stdout]            _.-``__ ''-._                                             
2025-04-11 10:31:51 [stdout]       _.-``    `.  `_.  ''-._           Redis 3.2.100 (00000000/0) 64 bit
2025-04-11 10:31:51 [stdout]   .-`` .-```.  ```\/    _.,_ ''-._                                   
2025-04-11 10:31:51 [stdout]  (    '      ,       .-`  | `,    )     Running in standalone mode
2025-04-11 10:31:51 [stdout]  |`-._`-...-` __...-.``-._|'` _.-'|     Port: 6378
2025-04-11 10:31:51 [stdout]  |    `-._   `._    /     _.-'    |     PID: 14612
2025-04-11 10:31:51 [stdout]   `-._    `-._  `-./  _.-'    _.-'                                   
2025-04-11 10:31:51 [stdout]  |`-._`-._    `-.__.-'    _.-'_.-'|                                  
2025-04-11 10:31:51 [stdout]  |    `-._`-._        _.-'_.-'    |           http://redis.io        
2025-04-11 10:31:51 [stdout]   `-._    `-._`-.__.-'_.-'    _.-'                                   
2025-04-11 10:31:51 [stdout]  |`-._`-._    `-.__.-'    _.-'_.-'|                                  
2025-04-11 10:31:51 [stdout]  |    `-._`-._        _.-'_.-'    |                                  
2025-04-11 10:31:51 [stdout]   `-._    `-._`-.__.-'_.-'    _.-'                                   
2025-04-11 10:31:51 [stdout]       `-._    `-.__.-'    _.-'                                       
2025-04-11 10:31:51 [stdout]           `-._        _.-'                                           
2025-04-11 10:31:51 [stdout]               `-.__.-'                                               
2025-04-11 10:31:51 [stdout] [14612] 11 Apr 10:31:51.290 # Server started, Redis version 3.2.100
2025-04-11 10:31:51 [stdout] [14612] 11 Apr 10:31:51.290 * DB loaded from disk: 0.001 seconds
2025-04-11 10:31:51 [stdout] [14612] 11 Apr 10:31:51.290 * The server is now ready to accept connections on port 6378
2025-04-11 10:32:11 [stdout]                 _._                                                  
2025-04-11 10:32:11 [stdout]            _.-``__ ''-._                                             
2025-04-11 10:32:11 [stdout]       _.-``    `.  `_.  ''-._           Redis 3.2.100 (00000000/0) 64 bit
2025-04-11 10:32:11 [stdout]   .-`` .-```.  ```\/    _.,_ ''-._                                   
2025-04-11 10:32:11 [stdout]  (    '      ,       .-`  | `,    )     Running in standalone mode
2025-04-11 10:32:11 [stdout]  |`-._`-...-` __...-.``-._|'` _.-'|     Port: 6378
2025-04-11 10:32:11 [stdout]  |    `-._   `._    /     _.-'    |     PID: 21912
2025-04-11 10:32:11 [stdout]   `-._    `-._  `-./  _.-'    _.-'                                   
2025-04-11 10:32:11 [stdout]  |`-._`-._    `-.__.-'    _.-'_.-'|                                  
2025-04-11 10:32:11 [stdout]  |    `-._`-._        _.-'_.-'    |           http://redis.io        
2025-04-11 10:32:11 [stdout]   `-._    `-._`-.__.-'_.-'    _.-'                                   
2025-04-11 10:32:11 [stdout]  |`-._`-._    `-.__.-'    _.-'_.-'|                                  
2025-04-11 10:32:11 [stdout]  |    `-._`-._        _.-'_.-'    |                                  
2025-04-11 10:32:11 [stdout]   `-._    `-._`-.__.-'_.-'    _.-'                                   
2025-04-11 10:32:11 [stdout]       `-._    `-.__.-'    _.-'                                       
2025-04-11 10:32:11 [stdout]           `-._        _.-'                                           
2025-04-11 10:32:11 [stdout]               `-.__.-'                                               
2025-04-11 10:32:11 [stdout] [21912] 11 Apr 10:32:11.031 # Server started, Redis version 3.2.100
2025-04-11 10:32:11 [stdout] [21912] 11 Apr 10:32:11.032 * DB loaded from disk: 0.001 seconds
2025-04-11 10:32:11 [stdout] [21912] 11 Apr 10:32:11.032 * The server is now ready to accept connections on port 6378
2025-04-11 10:32:51 [stdout]                 _._                                                  
2025-04-11 10:32:51 [stdout]            _.-``__ ''-._                                             
2025-04-11 10:32:51 [stdout]       _.-``    `.  `_.  ''-._           Redis 3.2.100 (00000000/0) 64 bit
2025-04-11 10:32:51 [stdout]   .-`` .-```.  ```\/    _.,_ ''-._                                   
2025-04-11 10:32:51 [stdout]  (    '      ,       .-`  | `,    )     Running in standalone mode
2025-04-11 10:32:51 [stdout]  |`-._`-...-` __...-.``-._|'` _.-'|     Port: 6378
2025-04-11 10:32:51 [stdout]  |    `-._   `._    /     _.-'    |     PID: 20248
2025-04-11 10:32:51 [stdout]   `-._    `-._  `-./  _.-'    _.-'                                   
2025-04-11 10:32:51 [stdout]  |`-._`-._    `-.__.-'    _.-'_.-'|                                  
2025-04-11 10:32:51 [stdout]  |    `-._`-._        _.-'_.-'    |           http://redis.io        
2025-04-11 10:32:51 [stdout]   `-._    `-._`-.__.-'_.-'    _.-'                                   
2025-04-11 10:32:51 [stdout]  |`-._`-._    `-.__.-'    _.-'_.-'|                                  
2025-04-11 10:32:51 [stdout]  |    `-._`-._        _.-'_.-'    |                                  
2025-04-11 10:32:51 [stdout]   `-._    `-._`-.__.-'_.-'    _.-'                                   
2025-04-11 10:32:51 [stdout]       `-._    `-.__.-'    _.-'                                       
2025-04-11 10:32:51 [stdout]           `-._        _.-'                                           
2025-04-11 10:32:51 [stdout]               `-.__.-'                                               
2025-04-11 10:32:51 [stdout] [20248] 11 Apr 10:32:51.437 # Server started, Redis version 3.2.100
2025-04-11 10:32:51 [stdout] [20248] 11 Apr 10:32:51.438 * DB loaded from disk: 0.001 seconds
2025-04-11 10:32:51 [stdout] [20248] 11 Apr 10:32:51.438 * The server is now ready to accept connections on port 6378
2025-04-11 10:35:07 [stdout]                 _._                                                  
2025-04-11 10:35:07 [stdout]            _.-``__ ''-._                                             
2025-04-11 10:35:07 [stdout]       _.-``    `.  `_.  ''-._           Redis 3.2.100 (00000000/0) 64 bit
2025-04-11 10:35:07 [stdout]   .-`` .-```.  ```\/    _.,_ ''-._                                   
2025-04-11 10:35:07 [stdout]  (    '      ,       .-`  | `,    )     Running in standalone mode
2025-04-11 10:35:07 [stdout]  |`-._`-...-` __...-.``-._|'` _.-'|     Port: 6378
2025-04-11 10:35:07 [stdout]  |    `-._   `._    /     _.-'    |     PID: 20500
2025-04-11 10:35:07 [stdout]   `-._    `-._  `-./  _.-'    _.-'                                   
2025-04-11 10:35:07 [stdout]  |`-._`-._    `-.__.-'    _.-'_.-'|                                  
2025-04-11 10:35:07 [stdout]  |    `-._`-._        _.-'_.-'    |           http://redis.io        
2025-04-11 10:35:07 [stdout]   `-._    `-._`-.__.-'_.-'    _.-'                                   
2025-04-11 10:35:07 [stdout]  |`-._`-._    `-.__.-'    _.-'_.-'|                                  
2025-04-11 10:35:07 [stdout]  |    `-._`-._        _.-'_.-'    |                                  
2025-04-11 10:35:07 [stdout]   `-._    `-._`-.__.-'_.-'    _.-'                                   
2025-04-11 10:35:07 [stdout]       `-._    `-.__.-'    _.-'                                       
2025-04-11 10:35:07 [stdout]           `-._        _.-'                                           
2025-04-11 10:35:07 [stdout]               `-.__.-'                                               
2025-04-11 10:35:07 [stdout] [20500] 11 Apr 10:35:07.935 # Server started, Redis version 3.2.100
2025-04-11 10:35:07 [stdout] [20500] 11 Apr 10:35:07.935 * DB loaded from disk: 0.001 seconds
2025-04-11 10:35:07 [stdout] [20500] 11 Apr 10:35:07.935 * The server is now ready to accept connections on port 6378
2025-04-11 10:35:37 [stdout]                 _._                                                  
2025-04-11 10:35:37 [stdout]            _.-``__ ''-._                                             
2025-04-11 10:35:37 [stdout]       _.-``    `.  `_.  ''-._           Redis 3.2.100 (00000000/0) 64 bit
2025-04-11 10:35:37 [stdout]   .-`` .-```.  ```\/    _.,_ ''-._                                   
2025-04-11 10:35:37 [stdout]  (    '      ,       .-`  | `,    )     Running in standalone mode
2025-04-11 10:35:37 [stdout]  |`-._`-...-` __...-.``-._|'` _.-'|     Port: 6378
2025-04-11 10:35:37 [stdout]  |    `-._   `._    /     _.-'    |     PID: 19792
2025-04-11 10:35:37 [stdout]   `-._    `-._  `-./  _.-'    _.-'                                   
2025-04-11 10:35:37 [stdout]  |`-._`-._    `-.__.-'    _.-'_.-'|                                  
2025-04-11 10:35:37 [stdout]  |    `-._`-._        _.-'_.-'    |           http://redis.io        
2025-04-11 10:35:37 [stdout]   `-._    `-._`-.__.-'_.-'    _.-'                                   
2025-04-11 10:35:37 [stdout]  |`-._`-._    `-.__.-'    _.-'_.-'|                                  
2025-04-11 10:35:37 [stdout]  |    `-._`-._        _.-'_.-'    |                                  
2025-04-11 10:35:37 [stdout]   `-._    `-._`-.__.-'_.-'    _.-'                                   
2025-04-11 10:35:37 [stdout]       `-._    `-.__.-'    _.-'                                       
2025-04-11 10:35:37 [stdout]           `-._        _.-'                                           
2025-04-11 10:35:37 [stdout]               `-.__.-'                                               
2025-04-11 10:35:37 [stdout] [19792] 11 Apr 10:35:37.300 # Server started, Redis version 3.2.100
2025-04-11 10:35:37 [stdout] [19792] 11 Apr 10:35:37.301 * DB loaded from disk: 0.001 seconds
2025-04-11 10:35:37 [stdout] [19792] 11 Apr 10:35:37.301 * The server is now ready to accept connections on port 6378
2025-04-11 10:37:28 [stdout]                 _._                                                  
2025-04-11 10:37:28 [stdout]            _.-``__ ''-._                                             
2025-04-11 10:37:28 [stdout]       _.-``    `.  `_.  ''-._           Redis 3.2.100 (00000000/0) 64 bit
2025-04-11 10:37:28 [stdout]   .-`` .-```.  ```\/    _.,_ ''-._                                   
2025-04-11 10:37:28 [stdout]  (    '      ,       .-`  | `,    )     Running in standalone mode
2025-04-11 10:37:28 [stdout]  |`-._`-...-` __...-.``-._|'` _.-'|     Port: 6378
2025-04-11 10:37:28 [stdout]  |    `-._   `._    /     _.-'    |     PID: 22892
2025-04-11 10:37:28 [stdout]   `-._    `-._  `-./  _.-'    _.-'                                   
2025-04-11 10:37:28 [stdout]  |`-._`-._    `-.__.-'    _.-'_.-'|                                  
2025-04-11 10:37:28 [stdout]  |    `-._`-._        _.-'_.-'    |           http://redis.io        
2025-04-11 10:37:28 [stdout]   `-._    `-._`-.__.-'_.-'    _.-'                                   
2025-04-11 10:37:28 [stdout]  |`-._`-._    `-.__.-'    _.-'_.-'|                                  
2025-04-11 10:37:28 [stdout]  |    `-._`-._        _.-'_.-'    |                                  
2025-04-11 10:37:28 [stdout]   `-._    `-._`-.__.-'_.-'    _.-'                                   
2025-04-11 10:37:28 [stdout]       `-._    `-.__.-'    _.-'                                       
2025-04-11 10:37:28 [stdout]           `-._        _.-'                                           
2025-04-11 10:37:28 [stdout]               `-.__.-'                                               
2025-04-11 10:37:28 [stdout] [22892] 11 Apr 10:37:28.135 # Server started, Redis version 3.2.100
2025-04-11 10:37:28 [stdout] [22892] 11 Apr 10:37:28.136 * DB loaded from disk: 0.001 seconds
2025-04-11 10:37:28 [stdout] [22892] 11 Apr 10:37:28.136 * The server is now ready to accept connections on port 6378
2025-04-11 10:38:28 [stdout]                 _._                                                  
2025-04-11 10:38:28 [stdout]            _.-``__ ''-._                                             
2025-04-11 10:38:28 [stdout]       _.-``    `.  `_.  ''-._           Redis 3.2.100 (00000000/0) 64 bit
2025-04-11 10:38:28 [stdout]   .-`` .-```.  ```\/    _.,_ ''-._                                   
2025-04-11 10:38:28 [stdout]  (    '      ,       .-`  | `,    )     Running in standalone mode
2025-04-11 10:38:28 [stdout]  |`-._`-...-` __...-.``-._|'` _.-'|     Port: 6378
2025-04-11 10:38:28 [stdout]  |    `-._   `._    /     _.-'    |     PID: 20300
2025-04-11 10:38:28 [stdout]   `-._    `-._  `-./  _.-'    _.-'                                   
2025-04-11 10:38:28 [stdout]  |`-._`-._    `-.__.-'    _.-'_.-'|                                  
2025-04-11 10:38:28 [stdout]  |    `-._`-._        _.-'_.-'    |           http://redis.io        
2025-04-11 10:38:28 [stdout]   `-._    `-._`-.__.-'_.-'    _.-'                                   
2025-04-11 10:38:28 [stdout]  |`-._`-._    `-.__.-'    _.-'_.-'|                                  
2025-04-11 10:38:28 [stdout]  |    `-._`-._        _.-'_.-'    |                                  
2025-04-11 10:38:28 [stdout]   `-._    `-._`-.__.-'_.-'    _.-'                                   
2025-04-11 10:38:28 [stdout]       `-._    `-.__.-'    _.-'                                       
2025-04-11 10:38:28 [stdout]           `-._        _.-'                                           
2025-04-11 10:38:28 [stdout]               `-.__.-'                                               
2025-04-11 10:38:28 [stdout] [20300] 11 Apr 10:38:28.506 # Server started, Redis version 3.2.100
2025-04-11 10:38:28 [stdout] [20300] 11 Apr 10:38:28.507 * DB loaded from disk: 0.001 seconds
2025-04-11 10:38:28 [stdout] [20300] 11 Apr 10:38:28.507 * The server is now ready to accept connections on port 6378
2025-04-11 10:39:39 [stdout]                 _._                                                  
2025-04-11 10:39:39 [stdout]            _.-``__ ''-._                                             
2025-04-11 10:39:39 [stdout]       _.-``    `.  `_.  ''-._           Redis 3.2.100 (00000000/0) 64 bit
2025-04-11 10:39:39 [stdout]   .-`` .-```.  ```\/    _.,_ ''-._                                   
2025-04-11 10:39:39 [stdout]  (    '      ,       .-`  | `,    )     Running in standalone mode
2025-04-11 10:39:39 [stdout]  |`-._`-...-` __...-.``-._|'` _.-'|     Port: 6378
2025-04-11 10:39:39 [stdout]  |    `-._   `._    /     _.-'    |     PID: 23784
2025-04-11 10:39:39 [stdout]   `-._    `-._  `-./  _.-'    _.-'                                   
2025-04-11 10:39:39 [stdout]  |`-._`-._    `-.__.-'    _.-'_.-'|                                  
2025-04-11 10:39:39 [stdout]  |    `-._`-._        _.-'_.-'    |           http://redis.io        
2025-04-11 10:39:39 [stdout]   `-._    `-._`-.__.-'_.-'    _.-'                                   
2025-04-11 10:39:39 [stdout]  |`-._`-._    `-.__.-'    _.-'_.-'|                                  
2025-04-11 10:39:39 [stdout]  |    `-._`-._        _.-'_.-'    |                                  
2025-04-11 10:39:39 [stdout]   `-._    `-._`-.__.-'_.-'    _.-'                                   
2025-04-11 10:39:39 [stdout]       `-._    `-.__.-'    _.-'                                       
2025-04-11 10:39:39 [stdout]           `-._        _.-'                                           
2025-04-11 10:39:39 [stdout]               `-.__.-'                                               
2025-04-11 10:39:39 [stdout] [23784] 11 Apr 10:39:39.534 # Server started, Redis version 3.2.100
2025-04-11 10:39:39 [stdout] [23784] 11 Apr 10:39:39.535 * DB loaded from disk: 0.001 seconds
2025-04-11 10:39:39 [stdout] [23784] 11 Apr 10:39:39.535 * The server is now ready to accept connections on port 6378
2025-04-11 10:39:58 [stdout]                 _._                                                  
2025-04-11 10:39:58 [stdout]            _.-``__ ''-._                                             
2025-04-11 10:39:58 [stdout]       _.-``    `.  `_.  ''-._           Redis 3.2.100 (00000000/0) 64 bit
2025-04-11 10:39:58 [stdout]   .-`` .-```.  ```\/    _.,_ ''-._                                   
2025-04-11 10:39:58 [stdout]  (    '      ,       .-`  | `,    )     Running in standalone mode
2025-04-11 10:39:58 [stdout]  |`-._`-...-` __...-.``-._|'` _.-'|     Port: 6378
2025-04-11 10:39:58 [stdout]  |    `-._   `._    /     _.-'    |     PID: 19836
2025-04-11 10:39:58 [stdout]   `-._    `-._  `-./  _.-'    _.-'                                   
2025-04-11 10:39:58 [stdout]  |`-._`-._    `-.__.-'    _.-'_.-'|                                  
2025-04-11 10:39:58 [stdout]  |    `-._`-._        _.-'_.-'    |           http://redis.io        
2025-04-11 10:39:58 [stdout]   `-._    `-._`-.__.-'_.-'    _.-'                                   
2025-04-11 10:39:58 [stdout]  |`-._`-._    `-.__.-'    _.-'_.-'|                                  
2025-04-11 10:39:58 [stdout]  |    `-._`-._        _.-'_.-'    |                                  
2025-04-11 10:39:58 [stdout]   `-._    `-._`-.__.-'_.-'    _.-'                                   
2025-04-11 10:39:58 [stdout]       `-._    `-.__.-'    _.-'                                       
2025-04-11 10:39:58 [stdout]           `-._        _.-'                                           
2025-04-11 10:39:58 [stdout]               `-.__.-'                                               
2025-04-11 10:39:58 [stdout] [19836] 11 Apr 10:39:58.773 # Server started, Redis version 3.2.100
2025-04-11 10:39:58 [stdout] [19836] 11 Apr 10:39:58.774 * DB loaded from disk: 0.001 seconds
2025-04-11 10:39:58 [stdout] [19836] 11 Apr 10:39:58.774 * The server is now ready to accept connections on port 6378
2025-04-11 10:40:25 [stdout]                 _._                                                  
2025-04-11 10:40:25 [stdout]            _.-``__ ''-._                                             
2025-04-11 10:40:25 [stdout]       _.-``    `.  `_.  ''-._           Redis 3.2.100 (00000000/0) 64 bit
2025-04-11 10:40:25 [stdout]   .-`` .-```.  ```\/    _.,_ ''-._                                   
2025-04-11 10:40:25 [stdout]  (    '      ,       .-`  | `,    )     Running in standalone mode
2025-04-11 10:40:25 [stdout]  |`-._`-...-` __...-.``-._|'` _.-'|     Port: 6378
2025-04-11 10:40:25 [stdout]  |    `-._   `._    /     _.-'    |     PID: 20556
2025-04-11 10:40:25 [stdout]   `-._    `-._  `-./  _.-'    _.-'                                   
2025-04-11 10:40:25 [stdout]  |`-._`-._    `-.__.-'    _.-'_.-'|                                  
2025-04-11 10:40:25 [stdout]  |    `-._`-._        _.-'_.-'    |           http://redis.io        
2025-04-11 10:40:25 [stdout]   `-._    `-._`-.__.-'_.-'    _.-'                                   
2025-04-11 10:40:25 [stdout]  |`-._`-._    `-.__.-'    _.-'_.-'|                                  
2025-04-11 10:40:25 [stdout]  |    `-._`-._        _.-'_.-'    |                                  
2025-04-11 10:40:25 [stdout]   `-._    `-._`-.__.-'_.-'    _.-'                                   
2025-04-11 10:40:25 [stdout]       `-._    `-.__.-'    _.-'                                       
2025-04-11 10:40:25 [stdout]           `-._        _.-'                                           
2025-04-11 10:40:25 [stdout]               `-.__.-'                                               
2025-04-11 10:40:25 [stdout] [20556] 11 Apr 10:40:25.344 # Server started, Redis version 3.2.100
2025-04-11 10:40:25 [stdout] [20556] 11 Apr 10:40:25.345 * DB loaded from disk: 0.001 seconds
2025-04-11 10:40:25 [stdout] [20556] 11 Apr 10:40:25.345 * The server is now ready to accept connections on port 6378
2025-04-11 10:42:08 [stdout]                 _._                                                  
2025-04-11 10:42:08 [stdout]            _.-``__ ''-._                                             
2025-04-11 10:42:08 [stdout]       _.-``    `.  `_.  ''-._           Redis 3.2.100 (00000000/0) 64 bit
2025-04-11 10:42:08 [stdout]   .-`` .-```.  ```\/    _.,_ ''-._                                   
2025-04-11 10:42:08 [stdout]  (    '      ,       .-`  | `,    )     Running in standalone mode
2025-04-11 10:42:08 [stdout]  |`-._`-...-` __...-.``-._|'` _.-'|     Port: 6378
2025-04-11 10:42:08 [stdout]  |    `-._   `._    /     _.-'    |     PID: 22296
2025-04-11 10:42:08 [stdout]   `-._    `-._  `-./  _.-'    _.-'                                   
2025-04-11 10:42:08 [stdout]  |`-._`-._    `-.__.-'    _.-'_.-'|                                  
2025-04-11 10:42:08 [stdout]  |    `-._`-._        _.-'_.-'    |           http://redis.io        
2025-04-11 10:42:08 [stdout]   `-._    `-._`-.__.-'_.-'    _.-'                                   
2025-04-11 10:42:08 [stdout]  |`-._`-._    `-.__.-'    _.-'_.-'|                                  
2025-04-11 10:42:08 [stdout]  |    `-._`-._        _.-'_.-'    |                                  
2025-04-11 10:42:08 [stdout]   `-._    `-._`-.__.-'_.-'    _.-'                                   
2025-04-11 10:42:08 [stdout]       `-._    `-.__.-'    _.-'                                       
2025-04-11 10:42:08 [stdout]           `-._        _.-'                                           
2025-04-11 10:42:08 [stdout]               `-.__.-'                                               
2025-04-11 10:42:08 [stdout] [22296] 11 Apr 10:42:08.359 # Server started, Redis version 3.2.100
2025-04-11 10:42:08 [stdout] [22296] 11 Apr 10:42:08.359 * DB loaded from disk: 0.001 seconds
2025-04-11 10:42:08 [stdout] [22296] 11 Apr 10:42:08.359 * The server is now ready to accept connections on port 6378
2025-04-11 10:42:23 [stdout]                 _._                                                  
2025-04-11 10:42:23 [stdout]            _.-``__ ''-._                                             
2025-04-11 10:42:23 [stdout]       _.-``    `.  `_.  ''-._           Redis 3.2.100 (00000000/0) 64 bit
2025-04-11 10:42:23 [stdout]   .-`` .-```.  ```\/    _.,_ ''-._                                   
2025-04-11 10:42:23 [stdout]  (    '      ,       .-`  | `,    )     Running in standalone mode
2025-04-11 10:42:23 [stdout]  |`-._`-...-` __...-.``-._|'` _.-'|     Port: 6378
2025-04-11 10:42:23 [stdout]  |    `-._   `._    /     _.-'    |     PID: 7808
2025-04-11 10:42:23 [stdout]   `-._    `-._  `-./  _.-'    _.-'                                   
2025-04-11 10:42:23 [stdout]  |`-._`-._    `-.__.-'    _.-'_.-'|                                  
2025-04-11 10:42:23 [stdout]  |    `-._`-._        _.-'_.-'    |           http://redis.io        
2025-04-11 10:42:23 [stdout]   `-._    `-._`-.__.-'_.-'    _.-'                                   
2025-04-11 10:42:23 [stdout]  |`-._`-._    `-.__.-'    _.-'_.-'|                                  
2025-04-11 10:42:23 [stdout]  |    `-._`-._        _.-'_.-'    |                                  
2025-04-11 10:42:23 [stdout]   `-._    `-._`-.__.-'_.-'    _.-'                                   
2025-04-11 10:42:23 [stdout]       `-._    `-.__.-'    _.-'                                       
2025-04-11 10:42:23 [stdout]           `-._        _.-'                                           
2025-04-11 10:42:23 [stdout]               `-.__.-'                                               
2025-04-11 10:42:23 [stdout] [7808] 11 Apr 10:42:23.330 # Server started, Redis version 3.2.100
2025-04-11 10:42:23 [stdout] [7808] 11 Apr 10:42:23.331 * DB loaded from disk: 0.001 seconds
2025-04-11 10:42:23 [stdout] [7808] 11 Apr 10:42:23.331 * The server is now ready to accept connections on port 6378
2025-04-11 10:43:12 [stdout]                 _._                                                  
2025-04-11 10:43:12 [stdout]            _.-``__ ''-._                                             
2025-04-11 10:43:12 [stdout]       _.-``    `.  `_.  ''-._           Redis 3.2.100 (00000000/0) 64 bit
2025-04-11 10:43:12 [stdout]   .-`` .-```.  ```\/    _.,_ ''-._                                   
2025-04-11 10:43:12 [stdout]  (    '      ,       .-`  | `,    )     Running in standalone mode
2025-04-11 10:43:12 [stdout]  |`-._`-...-` __...-.``-._|'` _.-'|     Port: 6378
2025-04-11 10:43:12 [stdout]  |    `-._   `._    /     _.-'    |     PID: 24264
2025-04-11 10:43:12 [stdout]   `-._    `-._  `-./  _.-'    _.-'                                   
2025-04-11 10:43:12 [stdout]  |`-._`-._    `-.__.-'    _.-'_.-'|                                  
2025-04-11 10:43:12 [stdout]  |    `-._`-._        _.-'_.-'    |           http://redis.io        
2025-04-11 10:43:12 [stdout]   `-._    `-._`-.__.-'_.-'    _.-'                                   
2025-04-11 10:43:12 [stdout]  |`-._`-._    `-.__.-'    _.-'_.-'|                                  
2025-04-11 10:43:12 [stdout]  |    `-._`-._        _.-'_.-'    |                                  
2025-04-11 10:43:12 [stdout]   `-._    `-._`-.__.-'_.-'    _.-'                                   
2025-04-11 10:43:12 [stdout]       `-._    `-.__.-'    _.-'                                       
2025-04-11 10:43:12 [stdout]           `-._        _.-'                                           
2025-04-11 10:43:12 [stdout]               `-.__.-'                                               
2025-04-11 10:43:12 [stdout] [24264] 11 Apr 10:43:12.096 # Server started, Redis version 3.2.100
2025-04-11 10:43:12 [stdout] [24264] 11 Apr 10:43:12.097 * DB loaded from disk: 0.001 seconds
2025-04-11 10:43:12 [stdout] [24264] 11 Apr 10:43:12.097 * The server is now ready to accept connections on port 6378
2025-04-11 10:44:41 [stdout]                 _._                                                  
2025-04-11 10:44:41 [stdout]            _.-``__ ''-._                                             
2025-04-11 10:44:41 [stdout]       _.-``    `.  `_.  ''-._           Redis 3.2.100 (00000000/0) 64 bit
2025-04-11 10:44:41 [stdout]   .-`` .-```.  ```\/    _.,_ ''-._                                   
2025-04-11 10:44:41 [stdout]  (    '      ,       .-`  | `,    )     Running in standalone mode
2025-04-11 10:44:41 [stdout]  |`-._`-...-` __...-.``-._|'` _.-'|     Port: 6378
2025-04-11 10:44:41 [stdout]  |    `-._   `._    /     _.-'    |     PID: 4356
2025-04-11 10:44:41 [stdout]   `-._    `-._  `-./  _.-'    _.-'                                   
2025-04-11 10:44:41 [stdout]  |`-._`-._    `-.__.-'    _.-'_.-'|                                  
2025-04-11 10:44:41 [stdout]  |    `-._`-._        _.-'_.-'    |           http://redis.io        
2025-04-11 10:44:41 [stdout]   `-._    `-._`-.__.-'_.-'    _.-'                                   
2025-04-11 10:44:41 [stdout]  |`-._`-._    `-.__.-'    _.-'_.-'|                                  
2025-04-11 10:44:41 [stdout]  |    `-._`-._        _.-'_.-'    |                                  
2025-04-11 10:44:41 [stdout]   `-._    `-._`-.__.-'_.-'    _.-'                                   
2025-04-11 10:44:41 [stdout]       `-._    `-.__.-'    _.-'                                       
2025-04-11 10:44:41 [stdout]           `-._        _.-'                                           
2025-04-11 10:44:41 [stdout]               `-.__.-'                                               
2025-04-11 10:44:41 [stdout] [4356] 11 Apr 10:44:41.848 # Server started, Redis version 3.2.100
2025-04-11 10:44:41 [stdout] [4356] 11 Apr 10:44:41.848 * DB loaded from disk: 0.001 seconds
2025-04-11 10:44:41 [stdout] [4356] 11 Apr 10:44:41.848 * The server is now ready to accept connections on port 6378
2025-04-11 10:46:25 [stdout]                 _._                                                  
2025-04-11 10:46:25 [stdout]            _.-``__ ''-._                                             
2025-04-11 10:46:25 [stdout]       _.-``    `.  `_.  ''-._           Redis 3.2.100 (00000000/0) 64 bit
2025-04-11 10:46:25 [stdout]   .-`` .-```.  ```\/    _.,_ ''-._                                   
2025-04-11 10:46:25 [stdout]  (    '      ,       .-`  | `,    )     Running in standalone mode
2025-04-11 10:46:25 [stdout]  |`-._`-...-` __...-.``-._|'` _.-'|     Port: 6378
2025-04-11 10:46:25 [stdout]  |    `-._   `._    /     _.-'    |     PID: 13296
2025-04-11 10:46:25 [stdout]   `-._    `-._  `-./  _.-'    _.-'                                   
2025-04-11 10:46:25 [stdout]  |`-._`-._    `-.__.-'    _.-'_.-'|                                  
2025-04-11 10:46:25 [stdout]  |    `-._`-._        _.-'_.-'    |           http://redis.io        
2025-04-11 10:46:25 [stdout]   `-._    `-._`-.__.-'_.-'    _.-'                                   
2025-04-11 10:46:25 [stdout]  |`-._`-._    `-.__.-'    _.-'_.-'|                                  
2025-04-11 10:46:25 [stdout]  |    `-._`-._        _.-'_.-'    |                                  
2025-04-11 10:46:25 [stdout]   `-._    `-._`-.__.-'_.-'    _.-'                                   
2025-04-11 10:46:25 [stdout]       `-._    `-.__.-'    _.-'                                       
2025-04-11 10:46:25 [stdout]           `-._        _.-'                                           
2025-04-11 10:46:25 [stdout]               `-.__.-'                                               
2025-04-11 10:46:25 [stdout] [13296] 11 Apr 10:46:25.964 # Server started, Redis version 3.2.100
2025-04-11 10:46:25 [stdout] [13296] 11 Apr 10:46:25.965 * DB loaded from disk: 0.001 seconds
2025-04-11 10:46:25 [stdout] [13296] 11 Apr 10:46:25.965 * The server is now ready to accept connections on port 6378
2025-04-11 10:48:08 [stdout]                 _._                                                  
2025-04-11 10:48:08 [stdout]            _.-``__ ''-._                                             
2025-04-11 10:48:08 [stdout]       _.-``    `.  `_.  ''-._           Redis 3.2.100 (00000000/0) 64 bit
2025-04-11 10:48:08 [stdout]   .-`` .-```.  ```\/    _.,_ ''-._                                   
2025-04-11 10:48:08 [stdout]  (    '      ,       .-`  | `,    )     Running in standalone mode
2025-04-11 10:48:08 [stdout]  |`-._`-...-` __...-.``-._|'` _.-'|     Port: 6378
2025-04-11 10:48:08 [stdout]  |    `-._   `._    /     _.-'    |     PID: 1372
2025-04-11 10:48:08 [stdout]   `-._    `-._  `-./  _.-'    _.-'                                   
2025-04-11 10:48:08 [stdout]  |`-._`-._    `-.__.-'    _.-'_.-'|                                  
2025-04-11 10:48:08 [stdout]  |    `-._`-._        _.-'_.-'    |           http://redis.io        
2025-04-11 10:48:08 [stdout]   `-._    `-._`-.__.-'_.-'    _.-'                                   
2025-04-11 10:48:08 [stdout]  |`-._`-._    `-.__.-'    _.-'_.-'|                                  
2025-04-11 10:48:08 [stdout]  |    `-._`-._        _.-'_.-'    |                                  
2025-04-11 10:48:08 [stdout]   `-._    `-._`-.__.-'_.-'    _.-'                                   
2025-04-11 10:48:08 [stdout]       `-._    `-.__.-'    _.-'                                       
2025-04-11 10:48:08 [stdout]           `-._        _.-'                                           
2025-04-11 10:48:08 [stdout]               `-.__.-'                                               
2025-04-11 10:48:08 [stdout] [1372] 11 Apr 10:48:08.068 # Server started, Redis version 3.2.100
2025-04-11 10:48:08 [stdout] [1372] 11 Apr 10:48:08.069 * DB loaded from disk: 0.001 seconds
2025-04-11 10:48:08 [stdout] [1372] 11 Apr 10:48:08.069 * The server is now ready to accept connections on port 6378
2025-04-11 10:48:28 [stdout]                 _._                                                  
2025-04-11 10:48:28 [stdout]            _.-``__ ''-._                                             
2025-04-11 10:48:28 [stdout]       _.-``    `.  `_.  ''-._           Redis 3.2.100 (00000000/0) 64 bit
2025-04-11 10:48:28 [stdout]   .-`` .-```.  ```\/    _.,_ ''-._                                   
2025-04-11 10:48:28 [stdout]  (    '      ,       .-`  | `,    )     Running in standalone mode
2025-04-11 10:48:28 [stdout]  |`-._`-...-` __...-.``-._|'` _.-'|     Port: 6378
2025-04-11 10:48:28 [stdout]  |    `-._   `._    /     _.-'    |     PID: 11436
2025-04-11 10:48:28 [stdout]   `-._    `-._  `-./  _.-'    _.-'                                   
2025-04-11 10:48:28 [stdout]  |`-._`-._    `-.__.-'    _.-'_.-'|                                  
2025-04-11 10:48:28 [stdout]  |    `-._`-._        _.-'_.-'    |           http://redis.io        
2025-04-11 10:48:28 [stdout]   `-._    `-._`-.__.-'_.-'    _.-'                                   
2025-04-11 10:48:28 [stdout]  |`-._`-._    `-.__.-'    _.-'_.-'|                                  
2025-04-11 10:48:28 [stdout]  |    `-._`-._        _.-'_.-'    |                                  
2025-04-11 10:48:28 [stdout]   `-._    `-._`-.__.-'_.-'    _.-'                                   
2025-04-11 10:48:28 [stdout]       `-._    `-.__.-'    _.-'                                       
2025-04-11 10:48:28 [stdout]           `-._        _.-'                                           
2025-04-11 10:48:28 [stdout]               `-.__.-'                                               
2025-04-11 10:48:28 [stdout] [11436] 11 Apr 10:48:28.008 # Server started, Redis version 3.2.100
2025-04-11 10:48:28 [stdout] [11436] 11 Apr 10:48:28.009 * DB loaded from disk: 0.001 seconds
2025-04-11 10:48:28 [stdout] [11436] 11 Apr 10:48:28.009 * The server is now ready to accept connections on port 6378
2025-04-11 10:48:38 [stdout]                 _._                                                  
2025-04-11 10:48:38 [stdout]            _.-``__ ''-._                                             
2025-04-11 10:48:38 [stdout]       _.-``    `.  `_.  ''-._           Redis 3.2.100 (00000000/0) 64 bit
2025-04-11 10:48:38 [stdout]   .-`` .-```.  ```\/    _.,_ ''-._                                   
2025-04-11 10:48:38 [stdout]  (    '      ,       .-`  | `,    )     Running in standalone mode
2025-04-11 10:48:38 [stdout]  |`-._`-...-` __...-.``-._|'` _.-'|     Port: 6378
2025-04-11 10:48:38 [stdout]  |    `-._   `._    /     _.-'    |     PID: 20416
2025-04-11 10:48:38 [stdout]   `-._    `-._  `-./  _.-'    _.-'                                   
2025-04-11 10:48:38 [stdout]  |`-._`-._    `-.__.-'    _.-'_.-'|                                  
2025-04-11 10:48:38 [stdout]  |    `-._`-._        _.-'_.-'    |           http://redis.io        
2025-04-11 10:48:38 [stdout]   `-._    `-._`-.__.-'_.-'    _.-'                                   
2025-04-11 10:48:38 [stdout]  |`-._`-._    `-.__.-'    _.-'_.-'|                                  
2025-04-11 10:48:38 [stdout]  |    `-._`-._        _.-'_.-'    |                                  
2025-04-11 10:48:38 [stdout]   `-._    `-._`-.__.-'_.-'    _.-'                                   
2025-04-11 10:48:38 [stdout]       `-._    `-.__.-'    _.-'                                       
2025-04-11 10:48:38 [stdout]           `-._        _.-'                                           
2025-04-11 10:48:38 [stdout]               `-.__.-'                                               
2025-04-11 10:48:38 [stdout] [20416] 11 Apr 10:48:38.116 # Server started, Redis version 3.2.100
2025-04-11 10:48:38 [stdout] [20416] 11 Apr 10:48:38.116 * DB loaded from disk: 0.001 seconds
2025-04-11 10:48:38 [stdout] [20416] 11 Apr 10:48:38.116 * The server is now ready to accept connections on port 6378
2025-04-11 10:48:48 [stdout] [23960] 11 Apr 10:48:48.199 # Creating Server TCP listening socket 127.0.0.1:6378: bind: No error
2025-04-11 10:48:49 [stdout] [23604] 11 Apr 10:48:49.446 # Creating Server TCP listening socket 127.0.0.1:6378: bind: No error
2025-04-11 10:48:52 [stdout]                 _._                                                  
2025-04-11 10:48:52 [stdout]            _.-``__ ''-._                                             
2025-04-11 10:48:52 [stdout]       _.-``    `.  `_.  ''-._           Redis 3.2.100 (00000000/0) 64 bit
2025-04-11 10:48:52 [stdout]   .-`` .-```.  ```\/    _.,_ ''-._                                   
2025-04-11 10:48:52 [stdout]  (    '      ,       .-`  | `,    )     Running in standalone mode
2025-04-11 10:48:52 [stdout]  |`-._`-...-` __...-.``-._|'` _.-'|     Port: 6378
2025-04-11 10:48:52 [stdout]  |    `-._   `._    /     _.-'    |     PID: 15976
2025-04-11 10:48:52 [stdout]   `-._    `-._  `-./  _.-'    _.-'                                   
2025-04-11 10:48:52 [stdout]  |`-._`-._    `-.__.-'    _.-'_.-'|                                  
2025-04-11 10:48:52 [stdout]  |    `-._`-._        _.-'_.-'    |           http://redis.io        
2025-04-11 10:48:52 [stdout]   `-._    `-._`-.__.-'_.-'    _.-'                                   
2025-04-11 10:48:52 [stdout]  |`-._`-._    `-.__.-'    _.-'_.-'|                                  
2025-04-11 10:48:52 [stdout]  |    `-._`-._        _.-'_.-'    |                                  
2025-04-11 10:48:52 [stdout]   `-._    `-._`-.__.-'_.-'    _.-'                                   
2025-04-11 10:48:52 [stdout]       `-._    `-.__.-'    _.-'                                       
2025-04-11 10:48:52 [stdout]           `-._        _.-'                                           
2025-04-11 10:48:52 [stdout]               `-.__.-'                                               
2025-04-11 10:48:52 [stdout] [15976] 11 Apr 10:48:52.415 # Server started, Redis version 3.2.100
2025-04-11 10:48:52 [stdout] [15976] 11 Apr 10:48:52.416 * DB loaded from disk: 0.001 seconds
2025-04-11 10:48:52 [stdout] [15976] 11 Apr 10:48:52.416 * The server is now ready to accept connections on port 6378
2025-04-11 10:49:02 [stdout]                 _._                                                  
2025-04-11 10:49:02 [stdout]            _.-``__ ''-._                                             
2025-04-11 10:49:02 [stdout]       _.-``    `.  `_.  ''-._           Redis 3.2.100 (00000000/0) 64 bit
2025-04-11 10:49:02 [stdout]   .-`` .-```.  ```\/    _.,_ ''-._                                   
2025-04-11 10:49:02 [stdout]  (    '      ,       .-`  | `,    )     Running in standalone mode
2025-04-11 10:49:02 [stdout]  |`-._`-...-` __...-.``-._|'` _.-'|     Port: 6378
2025-04-11 10:49:02 [stdout]  |    `-._   `._    /     _.-'    |     PID: 21040
2025-04-11 10:49:02 [stdout]   `-._    `-._  `-./  _.-'    _.-'                                   
2025-04-11 10:49:02 [stdout]  |`-._`-._    `-.__.-'    _.-'_.-'|                                  
2025-04-11 10:49:02 [stdout]  |    `-._`-._        _.-'_.-'    |           http://redis.io        
2025-04-11 10:49:02 [stdout]   `-._    `-._`-.__.-'_.-'    _.-'                                   
2025-04-11 10:49:02 [stdout]  |`-._`-._    `-.__.-'    _.-'_.-'|                                  
2025-04-11 10:49:02 [stdout]  |    `-._`-._        _.-'_.-'    |                                  
2025-04-11 10:49:02 [stdout]   `-._    `-._`-.__.-'_.-'    _.-'                                   
2025-04-11 10:49:02 [stdout]       `-._    `-.__.-'    _.-'                                       
2025-04-11 10:49:02 [stdout]           `-._        _.-'                                           
2025-04-11 10:49:02 [stdout]               `-.__.-'                                               
2025-04-11 10:49:02 [stdout] [21040] 11 Apr 10:49:02.355 # Server started, Redis version 3.2.100
2025-04-11 10:49:02 [stdout] [21040] 11 Apr 10:49:02.355 * DB loaded from disk: 0.001 seconds
2025-04-11 10:49:02 [stdout] [21040] 11 Apr 10:49:02.355 * The server is now ready to accept connections on port 6378
2025-04-11 10:49:12 [stdout] [15908] 11 Apr 10:49:12.088 # Creating Server TCP listening socket 127.0.0.1:6378: bind: No error
2025-04-11 10:49:13 [stdout] [12976] 11 Apr 10:49:13.342 # Creating Server TCP listening socket 127.0.0.1:6378: bind: No error
2025-04-11 10:49:14 [stdout] [23324] 11 Apr 10:49:14.592 # Creating Server TCP listening socket 127.0.0.1:6378: bind: No error
2025-04-11 10:49:15 [stdout] [20652] 11 Apr 10:49:15.830 # Creating Server TCP listening socket 127.0.0.1:6378: bind: No error
2025-04-11 10:49:17 [stdout]                 _._                                                  
2025-04-11 10:49:17 [stdout]            _.-``__ ''-._                                             
2025-04-11 10:49:17 [stdout]       _.-``    `.  `_.  ''-._           Redis 3.2.100 (00000000/0) 64 bit
2025-04-11 10:49:17 [stdout]   .-`` .-```.  ```\/    _.,_ ''-._                                   
2025-04-11 10:49:17 [stdout]  (    '      ,       .-`  | `,    )     Running in standalone mode
2025-04-11 10:49:17 [stdout]  |`-._`-...-` __...-.``-._|'` _.-'|     Port: 6378
2025-04-11 10:49:17 [stdout]  |    `-._   `._    /     _.-'    |     PID: 5620
2025-04-11 10:49:17 [stdout]   `-._    `-._  `-./  _.-'    _.-'                                   
2025-04-11 10:49:17 [stdout]  |`-._`-._    `-.__.-'    _.-'_.-'|                                  
2025-04-11 10:49:17 [stdout]  |    `-._`-._        _.-'_.-'    |           http://redis.io        
2025-04-11 10:49:17 [stdout]   `-._    `-._`-.__.-'_.-'    _.-'                                   
2025-04-11 10:49:17 [stdout]  |`-._`-._    `-.__.-'    _.-'_.-'|                                  
2025-04-11 10:49:17 [stdout]  |    `-._`-._        _.-'_.-'    |                                  
2025-04-11 10:49:17 [stdout]   `-._    `-._`-.__.-'_.-'    _.-'                                   
2025-04-11 10:49:17 [stdout]       `-._    `-.__.-'    _.-'                                       
2025-04-11 10:49:17 [stdout]           `-._        _.-'                                           
2025-04-11 10:49:17 [stdout]               `-.__.-'                                               
2025-04-11 10:49:17 [stdout] [5620] 11 Apr 10:49:17.517 # Server started, Redis version 3.2.100
2025-04-11 10:49:17 [stdout] [5620] 11 Apr 10:49:17.518 * DB loaded from disk: 0.001 seconds
2025-04-11 10:49:17 [stdout] [5620] 11 Apr 10:49:17.518 * The server is now ready to accept connections on port 6378
2025-04-11 10:49:56 [stdout]                 _._                                                  
2025-04-11 10:49:56 [stdout]            _.-``__ ''-._                                             
2025-04-11 10:49:56 [stdout]       _.-``    `.  `_.  ''-._           Redis 3.2.100 (00000000/0) 64 bit
2025-04-11 10:49:56 [stdout]   .-`` .-```.  ```\/    _.,_ ''-._                                   
2025-04-11 10:49:56 [stdout]  (    '      ,       .-`  | `,    )     Running in standalone mode
2025-04-11 10:49:56 [stdout]  |`-._`-...-` __...-.``-._|'` _.-'|     Port: 6378
2025-04-11 10:49:56 [stdout]  |    `-._   `._    /     _.-'    |     PID: 23388
2025-04-11 10:49:56 [stdout]   `-._    `-._  `-./  _.-'    _.-'                                   
2025-04-11 10:49:56 [stdout]  |`-._`-._    `-.__.-'    _.-'_.-'|                                  
2025-04-11 10:49:56 [stdout]  |    `-._`-._        _.-'_.-'    |           http://redis.io        
2025-04-11 10:49:56 [stdout]   `-._    `-._`-.__.-'_.-'    _.-'                                   
2025-04-11 10:49:56 [stdout]  |`-._`-._    `-.__.-'    _.-'_.-'|                                  
2025-04-11 10:49:56 [stdout]  |    `-._`-._        _.-'_.-'    |                                  
2025-04-11 10:49:56 [stdout]   `-._    `-._`-.__.-'_.-'    _.-'                                   
2025-04-11 10:49:56 [stdout]       `-._    `-.__.-'    _.-'                                       
2025-04-11 10:49:56 [stdout]           `-._        _.-'                                           
2025-04-11 10:49:56 [stdout]               `-.__.-'                                               
2025-04-11 10:49:56 [stdout] [23388] 11 Apr 10:49:56.826 # Server started, Redis version 3.2.100
2025-04-11 10:49:56 [stdout] [23388] 11 Apr 10:49:56.827 * DB loaded from disk: 0.001 seconds
2025-04-11 10:49:56 [stdout] [23388] 11 Apr 10:49:56.827 * The server is now ready to accept connections on port 6378
2025-04-11 10:50:31 [stdout] [17040] 11 Apr 10:50:31.785 # Creating Server TCP listening socket 127.0.0.1:6378: bind: No error
2025-04-11 10:50:33 [stdout] [22164] 11 Apr 10:50:33.035 # Creating Server TCP listening socket 127.0.0.1:6378: bind: No error
2025-04-11 10:50:34 [stdout]                 _._                                                  
2025-04-11 10:50:34 [stdout]            _.-``__ ''-._                                             
2025-04-11 10:50:34 [stdout]       _.-``    `.  `_.  ''-._           Redis 3.2.100 (00000000/0) 64 bit
2025-04-11 10:50:34 [stdout]   .-`` .-```.  ```\/    _.,_ ''-._                                   
2025-04-11 10:50:34 [stdout]  (    '      ,       .-`  | `,    )     Running in standalone mode
2025-04-11 10:50:34 [stdout]  |`-._`-...-` __...-.``-._|'` _.-'|     Port: 6378
2025-04-11 10:50:34 [stdout]  |    `-._   `._    /     _.-'    |     PID: 7164
2025-04-11 10:50:34 [stdout]   `-._    `-._  `-./  _.-'    _.-'                                   
2025-04-11 10:50:34 [stdout]  |`-._`-._    `-.__.-'    _.-'_.-'|                                  
2025-04-11 10:50:34 [stdout]  |    `-._`-._        _.-'_.-'    |           http://redis.io        
2025-04-11 10:50:34 [stdout]   `-._    `-._`-.__.-'_.-'    _.-'                                   
2025-04-11 10:50:34 [stdout]  |`-._`-._    `-.__.-'    _.-'_.-'|                                  
2025-04-11 10:50:34 [stdout]  |    `-._`-._        _.-'_.-'    |                                  
2025-04-11 10:50:34 [stdout]   `-._    `-._`-.__.-'_.-'    _.-'                                   
2025-04-11 10:50:34 [stdout]       `-._    `-.__.-'    _.-'                                       
2025-04-11 10:50:34 [stdout]           `-._        _.-'                                           
2025-04-11 10:50:34 [stdout]               `-.__.-'                                               
2025-04-11 10:50:34 [stdout] [7164] 11 Apr 10:50:34.234 # Server started, Redis version 3.2.100
2025-04-11 10:50:34 [stdout] [7164] 11 Apr 10:50:34.234 * DB loaded from disk: 0.001 seconds
2025-04-11 10:50:34 [stdout] [7164] 11 Apr 10:50:34.234 * The server is now ready to accept connections on port 6378
2025-04-11 10:51:23 [stdout]                 _._                                                  
2025-04-11 10:51:23 [stdout]            _.-``__ ''-._                                             
2025-04-11 10:51:23 [stdout]       _.-``    `.  `_.  ''-._           Redis 3.2.100 (00000000/0) 64 bit
2025-04-11 10:51:23 [stdout]   .-`` .-```.  ```\/    _.,_ ''-._                                   
2025-04-11 10:51:23 [stdout]  (    '      ,       .-`  | `,    )     Running in standalone mode
2025-04-11 10:51:23 [stdout]  |`-._`-...-` __...-.``-._|'` _.-'|     Port: 6378
2025-04-11 10:51:23 [stdout]  |    `-._   `._    /     _.-'    |     PID: 23812
2025-04-11 10:51:23 [stdout]   `-._    `-._  `-./  _.-'    _.-'                                   
2025-04-11 10:51:23 [stdout]  |`-._`-._    `-.__.-'    _.-'_.-'|                                  
2025-04-11 10:51:23 [stdout]  |    `-._`-._        _.-'_.-'    |           http://redis.io        
2025-04-11 10:51:23 [stdout]   `-._    `-._`-.__.-'_.-'    _.-'                                   
2025-04-11 10:51:23 [stdout]  |`-._`-._    `-.__.-'    _.-'_.-'|                                  
2025-04-11 10:51:23 [stdout]  |    `-._`-._        _.-'_.-'    |                                  
2025-04-11 10:51:23 [stdout]   `-._    `-._`-.__.-'_.-'    _.-'                                   
2025-04-11 10:51:23 [stdout]       `-._    `-.__.-'    _.-'                                       
2025-04-11 10:51:23 [stdout]           `-._        _.-'                                           
2025-04-11 10:51:23 [stdout]               `-.__.-'                                               
2025-04-11 10:51:23 [stdout] [23812] 11 Apr 10:51:23.180 # Server started, Redis version 3.2.100
2025-04-11 10:51:23 [stdout] [23812] 11 Apr 10:51:23.181 * DB loaded from disk: 0.001 seconds
2025-04-11 10:51:23 [stdout] [23812] 11 Apr 10:51:23.181 * The server is now ready to accept connections on port 6378
2025-04-11 10:52:29 [stdout]                 _._                                                  
2025-04-11 10:52:29 [stdout]            _.-``__ ''-._                                             
2025-04-11 10:52:29 [stdout]       _.-``    `.  `_.  ''-._           Redis 3.2.100 (00000000/0) 64 bit
2025-04-11 10:52:29 [stdout]   .-`` .-```.  ```\/    _.,_ ''-._                                   
2025-04-11 10:52:29 [stdout]  (    '      ,       .-`  | `,    )     Running in standalone mode
2025-04-11 10:52:29 [stdout]  |`-._`-...-` __...-.``-._|'` _.-'|     Port: 6378
2025-04-11 10:52:29 [stdout]  |    `-._   `._    /     _.-'    |     PID: 1372
2025-04-11 10:52:29 [stdout]   `-._    `-._  `-./  _.-'    _.-'                                   
2025-04-11 10:52:29 [stdout]  |`-._`-._    `-.__.-'    _.-'_.-'|                                  
2025-04-11 10:52:29 [stdout]  |    `-._`-._        _.-'_.-'    |           http://redis.io        
2025-04-11 10:52:29 [stdout]   `-._    `-._`-.__.-'_.-'    _.-'                                   
2025-04-11 10:52:29 [stdout]  |`-._`-._    `-.__.-'    _.-'_.-'|                                  
2025-04-11 10:52:29 [stdout]  |    `-._`-._        _.-'_.-'    |                                  
2025-04-11 10:52:29 [stdout]   `-._    `-._`-.__.-'_.-'    _.-'                                   
2025-04-11 10:52:29 [stdout]       `-._    `-.__.-'    _.-'                                       
2025-04-11 10:52:29 [stdout]           `-._        _.-'                                           
2025-04-11 10:52:29 [stdout]               `-.__.-'                                               
2025-04-11 10:52:29 [stdout] [1372] 11 Apr 10:52:29.962 # Server started, Redis version 3.2.100
2025-04-11 10:52:29 [stdout] [1372] 11 Apr 10:52:29.962 * DB loaded from disk: 0.001 seconds
2025-04-11 10:52:29 [stdout] [1372] 11 Apr 10:52:29.962 * The server is now ready to accept connections on port 6378
2025-04-11 10:54:13 [stdout]                 _._                                                  
2025-04-11 10:54:13 [stdout]            _.-``__ ''-._                                             
2025-04-11 10:54:13 [stdout]       _.-``    `.  `_.  ''-._           Redis 3.2.100 (00000000/0) 64 bit
2025-04-11 10:54:13 [stdout]   .-`` .-```.  ```\/    _.,_ ''-._                                   
2025-04-11 10:54:13 [stdout]  (    '      ,       .-`  | `,    )     Running in standalone mode
2025-04-11 10:54:13 [stdout]  |`-._`-...-` __...-.``-._|'` _.-'|     Port: 6378
2025-04-11 10:54:13 [stdout]  |    `-._   `._    /     _.-'    |     PID: 8732
2025-04-11 10:54:13 [stdout]   `-._    `-._  `-./  _.-'    _.-'                                   
2025-04-11 10:54:13 [stdout]  |`-._`-._    `-.__.-'    _.-'_.-'|                                  
2025-04-11 10:54:13 [stdout]  |    `-._`-._        _.-'_.-'    |           http://redis.io        
2025-04-11 10:54:13 [stdout]   `-._    `-._`-.__.-'_.-'    _.-'                                   
2025-04-11 10:54:13 [stdout]  |`-._`-._    `-.__.-'    _.-'_.-'|                                  
2025-04-11 10:54:13 [stdout]  |    `-._`-._        _.-'_.-'    |                                  
2025-04-11 10:54:13 [stdout]   `-._    `-._`-.__.-'_.-'    _.-'                                   
2025-04-11 10:54:13 [stdout]       `-._    `-.__.-'    _.-'                                       
2025-04-11 10:54:13 [stdout]           `-._        _.-'                                           
2025-04-11 10:54:13 [stdout]               `-.__.-'                                               
2025-04-11 10:54:13 [stdout] [8732] 11 Apr 10:54:13.841 # Server started, Redis version 3.2.100
2025-04-11 10:54:13 [stdout] [8732] 11 Apr 10:54:13.841 * DB loaded from disk: 0.001 seconds
2025-04-11 10:54:13 [stdout] [8732] 11 Apr 10:54:13.841 * The server is now ready to accept connections on port 6378
2025-04-11 10:56:18 [stdout]                 _._                                                  
2025-04-11 10:56:18 [stdout]            _.-``__ ''-._                                             
2025-04-11 10:56:18 [stdout]       _.-``    `.  `_.  ''-._           Redis 3.2.100 (00000000/0) 64 bit
2025-04-11 10:56:18 [stdout]   .-`` .-```.  ```\/    _.,_ ''-._                                   
2025-04-11 10:56:18 [stdout]  (    '      ,       .-`  | `,    )     Running in standalone mode
2025-04-11 10:56:18 [stdout]  |`-._`-...-` __...-.``-._|'` _.-'|     Port: 6378
2025-04-11 10:56:18 [stdout]  |    `-._   `._    /     _.-'    |     PID: 23264
2025-04-11 10:56:18 [stdout]   `-._    `-._  `-./  _.-'    _.-'                                   
2025-04-11 10:56:18 [stdout]  |`-._`-._    `-.__.-'    _.-'_.-'|                                  
2025-04-11 10:56:18 [stdout]  |    `-._`-._        _.-'_.-'    |           http://redis.io        
2025-04-11 10:56:18 [stdout]   `-._    `-._`-.__.-'_.-'    _.-'                                   
2025-04-11 10:56:18 [stdout]  |`-._`-._    `-.__.-'    _.-'_.-'|                                  
2025-04-11 10:56:18 [stdout]  |    `-._`-._        _.-'_.-'    |                                  
2025-04-11 10:56:18 [stdout]   `-._    `-._`-.__.-'_.-'    _.-'                                   
2025-04-11 10:56:18 [stdout]       `-._    `-.__.-'    _.-'                                       
2025-04-11 10:56:18 [stdout]           `-._        _.-'                                           
2025-04-11 10:56:18 [stdout]               `-.__.-'                                               
2025-04-11 10:56:18 [stdout] [23264] 11 Apr 10:56:18.148 # Server started, Redis version 3.2.100
2025-04-11 10:56:18 [stdout] [23264] 11 Apr 10:56:18.149 * DB loaded from disk: 0.001 seconds
2025-04-11 10:56:18 [stdout] [23264] 11 Apr 10:56:18.149 * The server is now ready to accept connections on port 6378
2025-04-11 10:56:59 [stdout]                 _._                                                  
2025-04-11 10:56:59 [stdout]            _.-``__ ''-._                                             
2025-04-11 10:56:59 [stdout]       _.-``    `.  `_.  ''-._           Redis 3.2.100 (00000000/0) 64 bit
2025-04-11 10:56:59 [stdout]   .-`` .-```.  ```\/    _.,_ ''-._                                   
2025-04-11 10:56:59 [stdout]  (    '      ,       .-`  | `,    )     Running in standalone mode
2025-04-11 10:56:59 [stdout]  |`-._`-...-` __...-.``-._|'` _.-'|     Port: 6378
2025-04-11 10:56:59 [stdout]  |    `-._   `._    /     _.-'    |     PID: 23184
2025-04-11 10:56:59 [stdout]   `-._    `-._  `-./  _.-'    _.-'                                   
2025-04-11 10:56:59 [stdout]  |`-._`-._    `-.__.-'    _.-'_.-'|                                  
2025-04-11 10:56:59 [stdout]  |    `-._`-._        _.-'_.-'    |           http://redis.io        
2025-04-11 10:56:59 [stdout]   `-._    `-._`-.__.-'_.-'    _.-'                                   
2025-04-11 10:56:59 [stdout]  |`-._`-._    `-.__.-'    _.-'_.-'|                                  
2025-04-11 10:56:59 [stdout]  |    `-._`-._        _.-'_.-'    |                                  
2025-04-11 10:56:59 [stdout]   `-._    `-._`-.__.-'_.-'    _.-'                                   
2025-04-11 10:56:59 [stdout]       `-._    `-.__.-'    _.-'                                       
2025-04-11 10:56:59 [stdout]           `-._        _.-'                                           
2025-04-11 10:56:59 [stdout]               `-.__.-'                                               
2025-04-11 10:56:59 [stdout] [23184] 11 Apr 10:56:59.974 # Server started, Redis version 3.2.100
2025-04-11 10:56:59 [stdout] [23184] 11 Apr 10:56:59.974 * DB loaded from disk: 0.001 seconds
2025-04-11 10:56:59 [stdout] [23184] 11 Apr 10:56:59.974 * The server is now ready to accept connections on port 6378
2025-04-11 11:11:43 [stdout] [23184] 11 Apr 11:11:43.099 * 10 changes in 300 seconds. Saving...
2025-04-11 11:11:43 [stdout] [23184] 11 Apr 11:11:43.102 * Background saving started by pid 9700
2025-04-11 11:11:43 [stdout] [23184] 11 Apr 11:11:43.209 # fork operation complete
2025-04-11 11:11:43 [stdout] [23184] 11 Apr 11:11:43.210 * Background saving terminated with success
2025-04-11 11:16:44 [stdout] [23184] 11 Apr 11:16:44.100 * 10 changes in 300 seconds. Saving...
2025-04-11 11:16:44 [stdout] [23184] 11 Apr 11:16:44.102 * Background saving started by pid 10944
2025-04-11 11:16:44 [stdout] [23184] 11 Apr 11:16:44.211 # fork operation complete
2025-04-11 11:16:44 [stdout] [23184] 11 Apr 11:16:44.211 * Background saving terminated with success
2025-04-11 11:17:26 [stdout]                 _._                                                  
2025-04-11 11:17:26 [stdout]            _.-``__ ''-._                                             
2025-04-11 11:17:26 [stdout]       _.-``    `.  `_.  ''-._           Redis 3.2.100 (00000000/0) 64 bit
2025-04-11 11:17:26 [stdout]   .-`` .-```.  ```\/    _.,_ ''-._                                   
2025-04-11 11:17:26 [stdout]  (    '      ,       .-`  | `,    )     Running in standalone mode
2025-04-11 11:17:26 [stdout]  |`-._`-...-` __...-.``-._|'` _.-'|     Port: 6378
2025-04-11 11:17:26 [stdout]  |    `-._   `._    /     _.-'    |     PID: 6816
2025-04-11 11:17:26 [stdout]   `-._    `-._  `-./  _.-'    _.-'                                   
2025-04-11 11:17:26 [stdout]  |`-._`-._    `-.__.-'    _.-'_.-'|                                  
2025-04-11 11:17:26 [stdout]  |    `-._`-._        _.-'_.-'    |           http://redis.io        
2025-04-11 11:17:26 [stdout]   `-._    `-._`-.__.-'_.-'    _.-'                                   
2025-04-11 11:17:26 [stdout]  |`-._`-._    `-.__.-'    _.-'_.-'|                                  
2025-04-11 11:17:26 [stdout]  |    `-._`-._        _.-'_.-'    |                                  
2025-04-11 11:17:26 [stdout]   `-._    `-._`-.__.-'_.-'    _.-'                                   
2025-04-11 11:17:26 [stdout]       `-._    `-.__.-'    _.-'                                       
2025-04-11 11:17:26 [stdout]           `-._        _.-'                                           
2025-04-11 11:17:26 [stdout]               `-.__.-'                                               
2025-04-11 11:17:26 [stdout] [6816] 11 Apr 11:17:26.079 # Server started, Redis version 3.2.100
2025-04-11 11:17:26 [stdout] [6816] 11 Apr 11:17:26.080 * DB loaded from disk: 0.001 seconds
2025-04-11 11:17:26 [stdout] [6816] 11 Apr 11:17:26.080 * The server is now ready to accept connections on port 6378
2025-04-11 11:22:58 [stdout]                 _._                                                  
2025-04-11 11:22:58 [stdout]            _.-``__ ''-._                                             
2025-04-11 11:22:58 [stdout]       _.-``    `.  `_.  ''-._           Redis 3.2.100 (00000000/0) 64 bit
2025-04-11 11:22:58 [stdout]   .-`` .-```.  ```\/    _.,_ ''-._                                   
2025-04-11 11:22:58 [stdout]  (    '      ,       .-`  | `,    )     Running in standalone mode
2025-04-11 11:22:58 [stdout]  |`-._`-...-` __...-.``-._|'` _.-'|     Port: 6378
2025-04-11 11:22:58 [stdout]  |    `-._   `._    /     _.-'    |     PID: 17824
2025-04-11 11:22:58 [stdout]   `-._    `-._  `-./  _.-'    _.-'                                   
2025-04-11 11:22:58 [stdout]  |`-._`-._    `-.__.-'    _.-'_.-'|                                  
2025-04-11 11:22:58 [stdout]  |    `-._`-._        _.-'_.-'    |           http://redis.io        
2025-04-11 11:22:58 [stdout]   `-._    `-._`-.__.-'_.-'    _.-'                                   
2025-04-11 11:22:58 [stdout]  |`-._`-._    `-.__.-'    _.-'_.-'|                                  
2025-04-11 11:22:58 [stdout]  |    `-._`-._        _.-'_.-'    |                                  
2025-04-11 11:22:58 [stdout]   `-._    `-._`-.__.-'_.-'    _.-'                                   
2025-04-11 11:22:58 [stdout]       `-._    `-.__.-'    _.-'                                       
2025-04-11 11:22:58 [stdout]           `-._        _.-'                                           
2025-04-11 11:22:58 [stdout]               `-.__.-'                                               
2025-04-11 11:22:58 [stdout] [17824] 11 Apr 11:22:58.362 # Server started, Redis version 3.2.100
2025-04-11 11:22:58 [stdout] [17824] 11 Apr 11:22:58.363 * DB loaded from disk: 0.001 seconds
2025-04-11 11:22:58 [stdout] [17824] 11 Apr 11:22:58.363 * The server is now ready to accept connections on port 6378
2025-04-11 11:27:59 [stdout] [17824] 11 Apr 11:27:59.010 * 10 changes in 300 seconds. Saving...
2025-04-11 11:27:59 [stdout] [17824] 11 Apr 11:27:59.013 * Background saving started by pid 6024
2025-04-11 11:27:59 [stdout] [17824] 11 Apr 11:27:59.120 # fork operation complete
2025-04-11 11:27:59 [stdout] [17824] 11 Apr 11:27:59.120 * Background saving terminated with success
2025-04-11 11:29:35 [stdout]                 _._                                                  
2025-04-11 11:29:35 [stdout]            _.-``__ ''-._                                             
2025-04-11 11:29:35 [stdout]       _.-``    `.  `_.  ''-._           Redis 3.2.100 (00000000/0) 64 bit
2025-04-11 11:29:35 [stdout]   .-`` .-```.  ```\/    _.,_ ''-._                                   
2025-04-11 11:29:35 [stdout]  (    '      ,       .-`  | `,    )     Running in standalone mode
2025-04-11 11:29:35 [stdout]  |`-._`-...-` __...-.``-._|'` _.-'|     Port: 6378
2025-04-11 11:29:35 [stdout]  |    `-._   `._    /     _.-'    |     PID: 8208
2025-04-11 11:29:35 [stdout]   `-._    `-._  `-./  _.-'    _.-'                                   
2025-04-11 11:29:35 [stdout]  |`-._`-._    `-.__.-'    _.-'_.-'|                                  
2025-04-11 11:29:35 [stdout]  |    `-._`-._        _.-'_.-'    |           http://redis.io        
2025-04-11 11:29:35 [stdout]   `-._    `-._`-.__.-'_.-'    _.-'                                   
2025-04-11 11:29:35 [stdout]  |`-._`-._    `-.__.-'    _.-'_.-'|                                  
2025-04-11 11:29:35 [stdout]  |    `-._`-._        _.-'_.-'    |                                  
2025-04-11 11:29:35 [stdout]   `-._    `-._`-.__.-'_.-'    _.-'                                   
2025-04-11 11:29:35 [stdout]       `-._    `-.__.-'    _.-'                                       
2025-04-11 11:29:35 [stdout]           `-._        _.-'                                           
2025-04-11 11:29:35 [stdout]               `-.__.-'                                               
2025-04-11 11:29:35 [stdout] [8208] 11 Apr 11:29:35.251 # Server started, Redis version 3.2.100
2025-04-11 11:29:35 [stdout] [8208] 11 Apr 11:29:35.251 * DB loaded from disk: 0.001 seconds
2025-04-11 11:29:35 [stdout] [8208] 11 Apr 11:29:35.251 * The server is now ready to accept connections on port 6378
2025-04-11 11:29:58 [stdout]                 _._                                                  
2025-04-11 11:29:58 [stdout]            _.-``__ ''-._                                             
2025-04-11 11:29:58 [stdout]       _.-``    `.  `_.  ''-._           Redis 3.2.100 (00000000/0) 64 bit
2025-04-11 11:29:58 [stdout]   .-`` .-```.  ```\/    _.,_ ''-._                                   
2025-04-11 11:29:58 [stdout]  (    '      ,       .-`  | `,    )     Running in standalone mode
2025-04-11 11:29:58 [stdout]  |`-._`-...-` __...-.``-._|'` _.-'|     Port: 6378
2025-04-11 11:29:58 [stdout]  |    `-._   `._    /     _.-'    |     PID: 22644
2025-04-11 11:29:58 [stdout]   `-._    `-._  `-./  _.-'    _.-'                                   
2025-04-11 11:29:58 [stdout]  |`-._`-._    `-.__.-'    _.-'_.-'|                                  
2025-04-11 11:29:58 [stdout]  |    `-._`-._        _.-'_.-'    |           http://redis.io        
2025-04-11 11:29:58 [stdout]   `-._    `-._`-.__.-'_.-'    _.-'                                   
2025-04-11 11:29:58 [stdout]  |`-._`-._    `-.__.-'    _.-'_.-'|                                  
2025-04-11 11:29:58 [stdout]  |    `-._`-._        _.-'_.-'    |                                  
2025-04-11 11:29:58 [stdout]   `-._    `-._`-.__.-'_.-'    _.-'                                   
2025-04-11 11:29:58 [stdout]       `-._    `-.__.-'    _.-'                                       
2025-04-11 11:29:58 [stdout]           `-._        _.-'                                           
2025-04-11 11:29:58 [stdout]               `-.__.-'                                               
2025-04-11 11:29:58 [stdout] [22644] 11 Apr 11:29:58.564 # Server started, Redis version 3.2.100
2025-04-11 11:29:58 [stdout] [22644] 11 Apr 11:29:58.564 * DB loaded from disk: 0.001 seconds
2025-04-11 11:29:58 [stdout] [22644] 11 Apr 11:29:58.564 * The server is now ready to accept connections on port 6378
2025-04-11 11:34:59 [stdout] [22644] 11 Apr 11:34:59.059 * 10 changes in 300 seconds. Saving...
2025-04-11 11:34:59 [stdout] [22644] 11 Apr 11:34:59.062 * Background saving started by pid 21352
2025-04-11 11:34:59 [stdout] [22644] 11 Apr 11:34:59.169 # fork operation complete
2025-04-11 11:34:59 [stdout] [22644] 11 Apr 11:34:59.170 * Background saving terminated with success
2025-04-11 11:44:58 [stdout]                 _._                                                  
2025-04-11 11:44:58 [stdout]            _.-``__ ''-._                                             
2025-04-11 11:44:58 [stdout]       _.-``    `.  `_.  ''-._           Redis 3.2.100 (00000000/0) 64 bit
2025-04-11 11:44:58 [stdout]   .-`` .-```.  ```\/    _.,_ ''-._                                   
2025-04-11 11:44:58 [stdout]  (    '      ,       .-`  | `,    )     Running in standalone mode
2025-04-11 11:44:58 [stdout]  |`-._`-...-` __...-.``-._|'` _.-'|     Port: 6378
2025-04-11 11:44:58 [stdout]  |    `-._   `._    /     _.-'    |     PID: 21808
2025-04-11 11:44:58 [stdout]   `-._    `-._  `-./  _.-'    _.-'                                   
2025-04-11 11:44:58 [stdout]  |`-._`-._    `-.__.-'    _.-'_.-'|                                  
2025-04-11 11:44:58 [stdout]  |    `-._`-._        _.-'_.-'    |           http://redis.io        
2025-04-11 11:44:58 [stdout]   `-._    `-._`-.__.-'_.-'    _.-'                                   
2025-04-11 11:44:58 [stdout]  |`-._`-._    `-.__.-'    _.-'_.-'|                                  
2025-04-11 11:44:58 [stdout]  |    `-._`-._        _.-'_.-'    |                                  
2025-04-11 11:44:58 [stdout]   `-._    `-._`-.__.-'_.-'    _.-'                                   
2025-04-11 11:44:58 [stdout]       `-._    `-.__.-'    _.-'                                       
2025-04-11 11:44:58 [stdout]           `-._        _.-'                                           
2025-04-11 11:44:58 [stdout]               `-.__.-'                                               
2025-04-11 11:44:58 [stdout] [21808] 11 Apr 11:44:58.141 # Server started, Redis version 3.2.100
2025-04-11 11:44:58 [stdout] [21808] 11 Apr 11:44:58.142 * DB loaded from disk: 0.001 seconds
2025-04-11 11:44:58 [stdout] [21808] 11 Apr 11:44:58.142 * The server is now ready to accept connections on port 6378
2025-04-11 11:49:59 [stdout] [21808] 11 Apr 11:49:59.016 * 10 changes in 300 seconds. Saving...
2025-04-11 11:49:59 [stdout] [21808] 11 Apr 11:49:59.019 * Background saving started by pid 24056
2025-04-11 11:49:59 [stdout] [21808] 11 Apr 11:49:59.127 # fork operation complete
2025-04-11 11:49:59 [stdout] [21808] 11 Apr 11:49:59.128 * Background saving terminated with success
2025-04-11 11:55:00 [stdout] [21808] 11 Apr 11:55:00.009 * 10 changes in 300 seconds. Saving...
2025-04-11 11:55:00 [stdout] [21808] 11 Apr 11:55:00.011 * Background saving started by pid 18272
2025-04-11 11:55:00 [stdout] [21808] 11 Apr 11:55:00.119 # fork operation complete
2025-04-11 11:55:00 [stdout] [21808] 11 Apr 11:55:00.119 * Background saving terminated with success
2025-04-11 12:01:57 [stdout] [21808] 11 Apr 12:01:57.112 * 10 changes in 300 seconds. Saving...
2025-04-11 12:01:57 [stdout] [21808] 11 Apr 12:01:57.118 * Background saving started by pid 20892
2025-04-11 12:01:57 [stdout] [21808] 11 Apr 12:01:57.221 # fork operation complete
2025-04-11 12:01:57 [stdout] [21808] 11 Apr 12:01:57.222 * Background saving terminated with success
2025-04-11 13:01:58 [stdout] [21808] 11 Apr 13:01:58.482 * 1 changes in 900 seconds. Saving...
2025-04-11 13:01:58 [stdout] [21808] 11 Apr 13:01:58.484 * Background saving started by pid 24980
2025-04-11 13:01:58 [stdout] [21808] 11 Apr 13:01:58.592 # fork operation complete
2025-04-11 13:01:58 [stdout] [21808] 11 Apr 13:01:58.592 * Background saving terminated with success
2025-04-11 13:16:59 [stdout] [21808] 11 Apr 13:16:59.031 * 1 changes in 900 seconds. Saving...
2025-04-11 13:16:59 [stdout] [21808] 11 Apr 13:16:59.033 * Background saving started by pid 14612
2025-04-11 13:16:59 [stdout] [21808] 11 Apr 13:16:59.141 # fork operation complete
2025-04-11 13:16:59 [stdout] [21808] 11 Apr 13:16:59.141 * Background saving terminated with success
2025-04-11 13:22:00 [stdout] [21808] 11 Apr 13:22:00.034 * 10 changes in 300 seconds. Saving...
2025-04-11 13:22:00 [stdout] [21808] 11 Apr 13:22:00.036 * Background saving started by pid 20828
2025-04-11 13:22:00 [stdout] [21808] 11 Apr 13:22:00.145 # fork operation complete
2025-04-11 13:22:00 [stdout] [21808] 11 Apr 13:22:00.145 * Background saving terminated with success
2025-04-11 13:31:10 [stdout] [21808] 11 Apr 13:31:10.524 * 10 changes in 300 seconds. Saving...
2025-04-11 13:31:10 [stdout] [21808] 11 Apr 13:31:10.525 * Background saving started by pid 21860
2025-04-11 13:31:10 [stdout] [21808] 11 Apr 13:31:10.634 # fork operation complete
2025-04-11 13:31:10 [stdout] [21808] 11 Apr 13:31:10.634 * Background saving terminated with success
2025-04-11 13:46:11 [stdout] [21808] 11 Apr 13:46:11.103 * 1 changes in 900 seconds. Saving...
2025-04-11 13:46:11 [stdout] [21808] 11 Apr 13:46:11.104 * Background saving started by pid 25128
2025-04-11 13:46:11 [stdout] [21808] 11 Apr 13:46:11.212 # fork operation complete
2025-04-11 13:46:11 [stdout] [21808] 11 Apr 13:46:11.213 * Background saving terminated with success
2025-04-11 13:59:06 [stdout]                 _._                                                  
2025-04-11 13:59:06 [stdout]            _.-``__ ''-._                                             
2025-04-11 13:59:06 [stdout]       _.-``    `.  `_.  ''-._           Redis 3.2.100 (00000000/0) 64 bit
2025-04-11 13:59:06 [stdout]   .-`` .-```.  ```\/    _.,_ ''-._                                   
2025-04-11 13:59:06 [stdout]  (    '      ,       .-`  | `,    )     Running in standalone mode
2025-04-11 13:59:06 [stdout]  |`-._`-...-` __...-.``-._|'` _.-'|     Port: 6378
2025-04-11 13:59:06 [stdout]  |    `-._   `._    /     _.-'    |     PID: 25228
2025-04-11 13:59:06 [stdout]   `-._    `-._  `-./  _.-'    _.-'                                   
2025-04-11 13:59:06 [stdout]  |`-._`-._    `-.__.-'    _.-'_.-'|                                  
2025-04-11 13:59:06 [stdout]  |    `-._`-._        _.-'_.-'    |           http://redis.io        
2025-04-11 13:59:06 [stdout]   `-._    `-._`-.__.-'_.-'    _.-'                                   
2025-04-11 13:59:06 [stdout]  |`-._`-._    `-.__.-'    _.-'_.-'|                                  
2025-04-11 13:59:06 [stdout]  |    `-._`-._        _.-'_.-'    |                                  
2025-04-11 13:59:06 [stdout]   `-._    `-._`-.__.-'_.-'    _.-'                                   
2025-04-11 13:59:06 [stdout]       `-._    `-.__.-'    _.-'                                       
2025-04-11 13:59:06 [stdout]           `-._        _.-'                                           
2025-04-11 13:59:06 [stdout]               `-.__.-'                                               
2025-04-11 13:59:06 [stdout] [25228] 11 Apr 13:59:06.076 # Server started, Redis version 3.2.100
2025-04-11 13:59:06 [stdout] [25228] 11 Apr 13:59:06.076 * DB loaded from disk: 0.001 seconds
2025-04-11 13:59:06 [stdout] [25228] 11 Apr 13:59:06.076 * The server is now ready to accept connections on port 6378
2025-04-11 14:04:36 [stdout]                 _._                                                  
2025-04-11 14:04:36 [stdout]            _.-``__ ''-._                                             
2025-04-11 14:04:36 [stdout]       _.-``    `.  `_.  ''-._           Redis 3.2.100 (00000000/0) 64 bit
2025-04-11 14:04:36 [stdout]   .-`` .-```.  ```\/    _.,_ ''-._                                   
2025-04-11 14:04:36 [stdout]  (    '      ,       .-`  | `,    )     Running in standalone mode
2025-04-11 14:04:36 [stdout]  |`-._`-...-` __...-.``-._|'` _.-'|     Port: 6378
2025-04-11 14:04:36 [stdout]  |    `-._   `._    /     _.-'    |     PID: 25276
2025-04-11 14:04:36 [stdout]   `-._    `-._  `-./  _.-'    _.-'                                   
2025-04-11 14:04:36 [stdout]  |`-._`-._    `-.__.-'    _.-'_.-'|                                  
2025-04-11 14:04:36 [stdout]  |    `-._`-._        _.-'_.-'    |           http://redis.io        
2025-04-11 14:04:36 [stdout]   `-._    `-._`-.__.-'_.-'    _.-'                                   
2025-04-11 14:04:36 [stdout]  |`-._`-._    `-.__.-'    _.-'_.-'|                                  
2025-04-11 14:04:36 [stdout]  |    `-._`-._        _.-'_.-'    |                                  
2025-04-11 14:04:36 [stdout]   `-._    `-._`-.__.-'_.-'    _.-'                                   
2025-04-11 14:04:36 [stdout]       `-._    `-.__.-'    _.-'                                       
2025-04-11 14:04:36 [stdout]           `-._        _.-'                                           
2025-04-11 14:04:36 [stdout]               `-.__.-'                                               
2025-04-11 14:04:36 [stdout] [25276] 11 Apr 14:04:36.113 # Server started, Redis version 3.2.100
2025-04-11 14:04:36 [stdout] [25276] 11 Apr 14:04:36.114 * DB loaded from disk: 0.001 seconds
2025-04-11 14:04:36 [stdout] [25276] 11 Apr 14:04:36.114 * The server is now ready to accept connections on port 6378
2025-04-11 14:08:57 [stdout]                 _._                                                  
2025-04-11 14:08:57 [stdout]            _.-``__ ''-._                                             
2025-04-11 14:08:57 [stdout]       _.-``    `.  `_.  ''-._           Redis 3.2.100 (00000000/0) 64 bit
2025-04-11 14:08:57 [stdout]   .-`` .-```.  ```\/    _.,_ ''-._                                   
2025-04-11 14:08:57 [stdout]  (    '      ,       .-`  | `,    )     Running in standalone mode
2025-04-11 14:08:57 [stdout]  |`-._`-...-` __...-.``-._|'` _.-'|     Port: 6378
2025-04-11 14:08:57 [stdout]  |    `-._   `._    /     _.-'    |     PID: 23140
2025-04-11 14:08:57 [stdout]   `-._    `-._  `-./  _.-'    _.-'                                   
2025-04-11 14:08:57 [stdout]  |`-._`-._    `-.__.-'    _.-'_.-'|                                  
2025-04-11 14:08:57 [stdout]  |    `-._`-._        _.-'_.-'    |           http://redis.io        
2025-04-11 14:08:57 [stdout]   `-._    `-._`-.__.-'_.-'    _.-'                                   
2025-04-11 14:08:57 [stdout]  |`-._`-._    `-.__.-'    _.-'_.-'|                                  
2025-04-11 14:08:57 [stdout]  |    `-._`-._        _.-'_.-'    |                                  
2025-04-11 14:08:57 [stdout]   `-._    `-._`-.__.-'_.-'    _.-'                                   
2025-04-11 14:08:57 [stdout]       `-._    `-.__.-'    _.-'                                       
2025-04-11 14:08:57 [stdout]           `-._        _.-'                                           
2025-04-11 14:08:57 [stdout]               `-.__.-'                                               
2025-04-11 14:08:57 [stdout] [23140] 11 Apr 14:08:57.625 # Server started, Redis version 3.2.100
2025-04-11 14:08:57 [stdout] [23140] 11 Apr 14:08:57.625 * DB loaded from disk: 0.001 seconds
2025-04-11 14:08:57 [stdout] [23140] 11 Apr 14:08:57.625 * The server is now ready to accept connections on port 6378
2025-04-11 14:13:58 [stdout] [23140] 11 Apr 14:13:58.019 * 10 changes in 300 seconds. Saving...
2025-04-11 14:13:58 [stdout] [23140] 11 Apr 14:13:58.022 * Background saving started by pid 7936
2025-04-11 14:13:58 [stdout] [23140] 11 Apr 14:13:58.129 # fork operation complete
2025-04-11 14:13:58 [stdout] [23140] 11 Apr 14:13:58.129 * Background saving terminated with success
